-88.882811 -11.434948 -11.924121
-89.691437 -12.336769 -16.739078
-87.922445 -16.891742 -7.357451
-88.512246 -19.145650 -9.429425
-85.613620 -14.027458 -9.678887
-89.544941 -14.067097 -13.151726
-88.875036 -16.711579 -10.698641
-88.537426 -20.166585 -11.570794
-87.857626 -21.420217 -8.827448
-88.440461 -22.423349 -14.059291
-87.023450 -25.227012 -11.176956
-88.955633 -19.479686 -15.143070
-89.179225 -16.197747 -16.873171
-89.159928 -7.926868 -15.457578
-89.129168 -14.735821 -17.806482
-89.150556 -18.678303 -17.382392
-87.792244 -22.845039 -18.844231
-87.055726 -25.090336 -15.786997
-89.158576 -8.967374 -17.622733
-87.230318 -8.968740 -20.735209
-87.246527 -19.108205 -20.783069
-88.798487 -12.739455 -20.416844
-88.309694 -15.183148 -20.710418
-86.169183 -23.961860 -19.437616
-87.436173 -11.171255 -21.199453
-86.576539 -10.794583 -1.093647
-84.746774 -8.704202 -3.194300
-87.041800 -13.496045 -4.687608
-86.256019 -16.456468 -3.912519
-85.821363 -7.894275 -5.620982
-87.326627 -7.634964 -8.168075
-85.202136 -17.913549 -5.688714
-85.173710 -20.648438 -4.563581
-86.294729 -25.587044 -7.718345
-88.523113 -9.148412 -10.790758
-87.997787 -7.037712 -18.406483
-86.190314 -16.954449 -0.669655
-84.831227 -8.774520 -0.172841
-84.168840 -21.158348 -1.126961
-84.602883 -18.813989 -3.342100
-86.356612 -14.146415 -1.040270
-81.482487 -24.251561 -3.815552
-83.989074 -26.568329 -2.986255
-84.722200 -15.571894 -8.314269
-85.310831 -28.039966 -12.356634
-87.050745 -5.024812 -10.546669
-86.115763 -3.691396 -14.728025
-86.154773 -5.426332 -19.565423
-85.103011 -15.035481 -21.129605
-85.065151 -11.348454 -20.672204
-83.688024 -13.042806 4.414226
-83.725438 -7.685560 1.876272
-84.743953 -17.349942 2.954175
-84.548029 -20.257171 2.336554
-83.468772 -22.721420 1.397899
-84.785476 -14.730849 1.518733
-84.938587 -5.924827 -1.575474
-85.412199 -6.846843 -3.200341
-83.269600 -28.447599 -3.707924
-84.391247 -28.745747 -5.471601
-84.722331 -15.276248 -7.305652
-85.480696 -27.482700 -8.743366
-86.185994 -5.515491 -7.544050
-83.808256 -14.636836 -18.868783
-80.825160 -13.000460 -16.616094
-84.278902 -27.593414 -16.529251
-82.346108 -6.461371 -19.963059
-84.409163 -21.519572 -20.494369
-86.168867 -13.311800 -22.326895
-85.305242 -9.883078 -22.013408
-87.209521 -15.619928 -22.991074
-86.894104 -18.135103 -22.748541
-86.260186 -20.804357 -22.437465
-85.532207 -24.098865 -26.668945
-87.267976 -16.949818 -24.935204
-86.835227 -20.340410 -24.860379
-86.700677 -12.190224 -24.758292
-85.453363 -17.478269 -28.670713
-83.652760 -9.753953 6.552674
-83.716749 -19.372907 4.034207
-82.101457 -24.107191 3.097464
-80.237906 -23.538510 -0.274704
-85.382340 -4.738242 -4.180213
-82.902653 -20.188787 -2.575487
-85.298019 -2.828964 -6.425114
-81.665019 -19.373336 -6.338154
-83.993201 -30.240484 -7.563176
-82.741376 -15.559452 -8.871345
-83.903565 -31.218295 -9.386488
-83.747875 -32.601766 -13.247812
-83.335928 -31.733517 -16.620567
-85.033584 -3.658712 -18.103327
-82.154625 -10.037490 -18.690061
-85.211171 -25.577010 -23.501932
-85.439101 -9.393655 -24.574196
-85.956289 -14.293068 -27.310049
-84.782250 -14.807855 -29.283629
-85.691984 -21.367220 -27.754664
-81.964696 -8.915552 10.149764
-82.280578 -12.106554 9.928442
-79.900562 -17.765594 9.541347
-81.127211 -5.050889 5.825607
-82.889669 -13.820518 7.196795
-81.220711 -19.498917 6.619005
-80.840065 -23.401839 6.414473
-82.880716 -5.328569 2.458809
-81.969771 -3.329349 1.819707
-82.044819 -18.409173 -3.362015
-81.192186 -1.817437 -2.347700
-82.315009 -16.774194 -5.318791
-81.585825 -32.573184 -6.414047
-83.629807 -1.507471 -9.799004
-81.375393 -34.703677 -10.928548
-83.948335 -1.910200 -14.251074
-81.952249 -33.327369 -16.786703
-82.894250 -1.412636 -17.158596
-82.340459 -28.064389 -19.934824
-81.995226 -23.456185 -18.947463
-84.521165 -18.362345 -21.748011
-84.452446 -27.324527 -25.182446
-82.705521 -30.328896 -22.801481
-83.678010 -8.280331 -25.852598
-84.858163 -11.154682 -27.285439
-83.544045 -26.699795 -28.711704
-83.728897 -18.848579 -30.499519
-83.467505 -22.336785 -29.808589
-80.323850 -14.059167 12.906190
-80.426288 -15.829426 11.473358
-79.038231 -6.126058 10.141412
-81.845851 -6.474500 8.267164
-79.150569 -25.368203 4.227685
-80.093577 -20.949884 -2.736534
-78.692386 -0.990706 -5.028977
-83.091114 -1.519192 -6.082167
-77.713391 -4.165772 -6.015298
-77.732830 -28.225323 -5.879393
-81.133488 -1.253104 -8.520429
-80.445664 -16.479755 -6.626992
-78.648649 -37.018190 -10.362969
-83.095150 -12.073356 -18.941743
-82.537187 -21.719364 -21.006468
-82.377482 -7.179391 -22.809879
-81.203923 -27.171858 -21.023091
-80.867485 -7.426604 -25.216073
-82.617954 -30.075485 -25.631342
-83.135137 -12.118628 -29.696764
-79.519708 -20.839826 -29.700308
-81.859665 -28.555543 -29.296715
-82.668375 -23.952013 -30.386361
-82.065352 -27.110760 -30.466985
-81.101385 -15.032466 -31.309925
-81.653097 -18.749713 -31.124859
-77.892065 -25.336605 6.928355
-78.821819 -1.926619 2.790729
-80.740107 -3.250433 4.278096
-78.712819 -24.533924 2.461237
-78.048362 -19.126009 -7.816896
-79.990066 -0.729796 -14.005713
-81.535488 -35.175172 -15.387369
-79.164659 -5.346692 -17.637939
-79.760187 -36.646113 -16.533183
-79.408160 -29.352484 -18.969064
-82.954834 -9.687980 -19.825529
-80.371289 -31.294987 -21.181755
-79.753471 -33.785316 -24.368656
-80.350368 -8.793131 -27.759494
-80.936227 -31.495177 -27.118705
-78.980494 -17.405838 -30.563101
-78.848070 -20.735728 10.903017
-77.302242 -23.817055 12.092727
-79.477431 -8.687175 11.804158
-77.679707 -9.157849 11.184471
-77.994248 -2.856581 6.573252
-78.162329 -28.367927 2.732484
-78.952766 -25.562492 0.783419
-79.549934 -30.570086 0.075956
-80.544485 -27.647328 -1.285328
-78.072471 -1.141488 -0.469036
-76.497681 -5.967086 -3.945095
-77.194046 -21.319498 -4.807291
-78.533672 -31.916134 -6.813049
-77.167377 -0.639380 -10.018075
-76.891751 0.064314 -13.016774
-77.925259 -9.070142 -16.619776
-79.117092 -37.624157 -14.045213
-79.982974 -2.612640 -17.965952
-79.921100 -33.914323 -18.860400
-78.811905 -24.721546 -32.912329
-75.978762 -11.093750 18.926723
-77.713411 -14.938729 14.977276
-77.711906 -19.857452 15.132175
-78.835519 -10.100905 14.439058
-74.567481 -22.879019 5.224131
-78.845056 -32.612215 -0.470334
-78.274523 -30.293184 -4.476904
-76.511226 -4.122020 -7.250666
-76.520185 -30.024536 -18.412624
-77.697251 -33.438176 -21.229529
-79.248648 -7.749402 -20.859347
-75.362135 -17.297802 -28.652891
-77.590280 -10.112878 -28.919834
-80.022444 -11.704451 -31.087110
-79.853974 -26.920843 -32.685926
-77.079265 -16.853570 17.036228
-75.769292 -19.476643 19.924016
-76.609642 -17.083661 12.495403
-77.329545 -8.391109 12.755194
-75.995142 -7.883540 9.781278
-75.761250 -4.547140 8.382105
-75.044619 -7.128542 7.819608
-73.197335 -20.397191 1.470701
-75.500474 -29.372973 1.969540
-77.326207 -35.675348 -1.524133
-76.003917 -20.979214 -1.891059
-76.959083 -34.434337 -6.885514
-76.864934 -1.297290 -16.300580
-79.579781 -9.180961 -18.365412
-78.953858 -36.355200 -19.541287
-74.934721 -36.976880 -21.906787
-74.923894 -15.677894 -24.742645
-79.048368 -29.486765 -32.306027
-78.550396 -33.595434 -29.477449
-77.825319 -31.100033 -33.231339
-73.783662 -6.847370 18.954361
-75.916894 -6.682400 16.622289
-73.858172 -13.420800 17.657320
-75.977738 -21.353395 17.003588
-74.979267 -14.849000 15.060393
-75.043296 -24.765028 8.897696
-71.074975 -4.696120 6.581461
-74.716433 -24.612203 2.885665
-76.715701 -23.238404 -0.210529
-75.706668 -33.385723 1.198794
-74.660815 -7.970294 -5.499919
-74.417234 -7.796718 -2.979443
-73.852519 -35.922840 0.756485
-76.189514 -0.437614 -3.179470
-75.068200 -1.834767 -8.749516
-77.425238 -40.622707 -12.052389
-77.870247 -39.964635 -18.113104
-78.378915 -3.923954 -19.548490
-76.432523 -40.416449 -20.369733
-78.304739 -3.319945 -22.421848
-74.364579 -34.951490 -21.538066
-75.725806 -1.585785 -19.926030
-78.828004 -4.950798 -22.991462
-76.139498 -32.644091 -22.151626
-77.669783 -34.612458 -24.094183
-76.973663 -35.954364 -26.195662
-75.099473 -13.024305 -30.149708
-77.540060 -22.570540 -31.587880
-76.012740 -35.005946 -32.226093
-76.298399 -26.860478 -33.426216
-74.250344 -34.540255 -32.812252
-74.945075 -16.887197 21.788042
-71.731895 -15.426972 20.468898
-73.810864 -20.256825 23.532376
-74.602203 -23.464991 19.345020
-75.510726 -15.377522 18.906430
-74.210606 -26.314423 7.574573
-75.754820 -30.390963 7.228171
-75.483576 -29.992256 3.817032
-75.635996 -33.185962 5.593117
-73.009497 -2.989806 5.010699
-75.101986 -0.628228 2.436186
-72.626604 -0.600561 0.435236
-74.977612 -38.452108 -0.884680
-76.435606 -38.485802 -4.419371
-73.755718 -41.967089 -5.645129
-75.622013 -31.871287 -7.680878
-76.959398 -39.393057 -7.409808
-74.811392 -43.166442 -10.507092
-75.962481 -42.621222 -13.503521
-75.018857 -0.032410 -13.875754
-75.025543 -43.587353 -15.997447
-74.355241 -31.632263 -20.209975
-75.860555 -2.304159 -22.921083
-78.972258 -5.094438 -25.470687
-74.471025 -20.980417 -31.373022
-76.100891 -36.752773 -27.817685
-73.051744 -28.776729 -31.437947
-72.716433 -25.901647 21.967628
-71.435427 -12.303885 17.234526
-74.208651 -3.573197 14.979166
-74.075566 -23.165742 15.338838
-72.877245 -23.534806 10.817180
-75.710080 -5.645935 12.795301
-73.515765 -30.469235 12.210413
-73.620659 -3.984334 8.382443
-73.869727 -26.657988 10.752281
-73.776643 -32.143797 8.501742
-72.139692 -22.308963 6.473959
-73.890210 -37.240890 4.987457
-72.982773 -31.846016 1.573457
-72.486094 -23.906341 2.127503
-71.394842 -9.382699 -2.652027
-73.610268 -30.268481 0.208684
-72.347818 -0.628281 -3.079257
-72.739454 -41.398630 -2.136190
-72.822232 -10.460468 -6.611188
-73.992643 -1.775902 -6.337301
-73.192101 -43.876639 -9.749898
-73.277548 -1.481188 -17.137946
-73.520154 -43.590584 -19.308376
-73.469374 -38.585089 -20.934428
-72.916143 -13.854320 -22.734460
-75.584995 -5.811375 -26.976635
-70.721941 -22.855763 -28.525916
-73.682847 -36.126913 -23.153657
-72.780611 -26.537779 -30.765329
-74.200483 -38.234604 -29.514744
-72.018197 -32.390291 -31.294929
-70.432287 -22.085120 26.362772
-71.595654 -24.554263 25.219435
-69.149793 -27.722281 24.038457
-71.503748 -19.601462 25.349080
-71.277382 -17.673017 23.794748
-72.357182 -28.436958 20.260904
-73.744892 -27.421689 17.912894
-72.279548 -25.016781 14.154532
-74.112610 -27.802152 14.214086
-72.578127 -30.642206 15.517704
-72.016487 -1.888676 11.393623
-73.087292 -37.255446 8.364238
-73.696855 -26.983285 4.866760
-70.335624 -21.026291 3.656400
-70.295978 -37.038083 -0.379262
-69.465876 -28.540388 -1.969601
-72.224227 -31.527207 -1.147113
-72.598248 -39.523510 -0.228251
-72.964992 -5.684825 -5.674690
-73.235100 -6.228888 -8.742639
-72.140195 -9.638709 -8.897037
-71.423714 -4.380063 -10.525275
-72.688326 -45.391502 -12.766755
-71.149064 -37.785703 -18.515482
-73.464584 -2.964079 -21.039253
-74.628406 -4.374602 -25.293764
-69.084080 -11.057202 -24.752552
-72.610964 -39.783082 -25.622136
-73.251970 -15.025566 -27.498279
-71.719025 -8.125800 22.374167
-70.890186 -11.917820 21.577935
-71.431455 -2.163479 15.374059
-69.386027 -30.319409 16.354564
-70.239904 -22.978138 10.599204
-72.489490 -34.504014 11.071674
-71.570048 -39.485724 8.359169
-73.548164 -36.176018 2.138197
-70.710098 -34.064524 -1.264155
-70.184432 -41.233855 -3.791511
-68.366343 -31.444485 -2.607809
-71.843650 -42.946934 -8.404669
-72.745890 -2.302300 -10.665926
-70.851364 -2.543636 -13.967964
-67.791019 -37.405382 -16.664242
-72.869338 -45.473430 -14.793852
-69.832882 -46.990027 -16.656258
-71.108408 -3.376659 -17.753227
-69.456111 -2.660465 -20.445019
-71.263271 -4.718154 -23.555432
-68.378738 -20.957164 -22.318839
-70.351052 -7.180505 -26.601696
-73.709836 -8.195312 -28.422877
-71.131049 -14.984932 -27.417049
-71.222171 -10.099933 -28.395184
-72.005620 -39.661105 -29.835031
-70.600370 -18.709955 -30.336197
-71.816711 -22.597468 -31.653854
-68.560671 -26.874968 26.815940
-70.394844 -12.875564 25.634518
-68.232064 -7.563894 26.449469
-71.180595 -9.668718 25.361043
-70.597075 -6.494336 23.731804
-69.261480 -28.990190 20.506354
-68.467019 -6.271984 8.952849
-71.862102 -37.186009 11.517309
-70.687683 -28.525154 1.054539
-69.819777 -39.786804 1.817045
-69.718458 -34.890571 0.671204
-71.050714 -37.160238 1.386625
-67.906860 -24.864324 1.181585
-68.588395 -37.897714 -1.200421
-69.205813 -9.743255 -5.835556
-67.927881 -41.117898 -4.277261
-69.622704 -1.678733 -5.499794
-69.599592 -3.820749 -6.642853
-69.863674 -44.400048 -9.576341
-69.550112 -33.481575 -15.847333
-68.912124 -35.873938 -14.518090
-70.645273 -32.564767 -18.549590
-68.749161 -41.094962 -19.743367
-68.884053 -11.925837 -20.888960
-71.494332 -38.792242 -22.211534
-71.937946 -14.479017 -25.771842
-68.576629 -21.494024 -26.231310
-70.012492 -40.275861 -27.376431
-69.390124 -25.669581 -30.400505
-71.134765 -38.380895 -30.538529
-68.193077 -23.891322 28.652304
-70.131987 -10.693538 26.658086
-68.491839 -17.982451 23.806218
-69.987718 -11.535206 18.699915
-68.242111 -18.024241 20.740427
-70.717901 -3.091761 18.227901
-68.423908 -14.542957 18.125673
-66.537746 -28.968212 18.161627
-69.115070 -31.388497 11.906909
-69.598856 -2.574280 8.327231
-69.673129 -22.132996 7.527341
-69.372599 -42.208274 6.978405
-70.168190 -24.717700 4.130019
-70.672168 -27.126536 2.480620
-69.946868 -31.285586 -0.173406
-69.876531 -1.244188 4.029868
-68.840797 -8.089079 -0.168459
-69.952676 -7.118442 -3.542069
-68.707469 -5.917252 -5.220724
-67.771556 -32.773324 -14.616854
-69.462292 -45.732776 -20.311766
-70.508245 -36.494985 -19.688521
-68.980358 -39.255815 -23.009345
-68.244686 -32.327072 -30.430319
-68.062595 -36.559274 -29.004783
-68.688075 -13.789129 -27.201633
-69.060449 -28.588024 -30.826621
-66.994140 -17.353731 33.921476
-66.736635 -14.742018 34.450499
-68.726285 -15.292990 32.498320
-67.766872 -19.939725 32.573966
-66.549924 -9.909926 31.245376
-68.827655 -13.191682 31.553114
-67.464656 -21.844770 30.243810
-69.150754 -17.394080 31.491697
-65.343771 -26.116964 29.300669
-68.902963 -11.020929 28.521329
-68.915409 -19.753389 28.990996
-69.884846 -14.924933 27.788281
-69.298067 -17.616392 27.206285
-68.514719 -19.253686 26.300052
-64.792575 -7.846839 26.328832
-68.396496 -14.586619 19.651698
-69.364479 -33.378720 17.551001
-66.370780 -29.386673 11.914282
-67.382195 -1.270769 14.667456
-69.268042 -37.294561 16.285699
-67.259697 -1.793893 11.192535
-65.414742 -4.564369 10.407495
-67.280042 -31.033304 8.757497
-69.844100 -39.788976 11.372682
-67.722737 -1.388606 5.463400
-66.765900 -3.388685 7.419933
-68.006014 -1.207566 1.595238
-66.741441 -10.474863 -0.986285
-70.412203 -7.027610 -8.408072
-69.296634 -41.784563 -8.771464
-69.074377 -1.874662 -10.172508
-69.446118 -46.747746 -10.181500
-69.257616 -34.688093 -17.371952
-69.581400 -12.494776 -23.634215
-68.278370 -18.952191 -26.350998
-67.651319 -16.734655 -28.151915
-64.536729 -12.481487 33.289458
-66.776739 -4.775926 25.848147
-64.383768 -2.756355 21.240662
-64.271303 -28.794415 22.700695
-67.196407 -2.190686 18.479593
-65.724009 -29.110882 14.423939
-66.932581 -42.142920 12.854386
-64.265540 -45.998450 11.278865
-66.068877 -44.809602 7.315129
-66.782604 -42.598470 3.978261
-66.719624 -6.826758 -1.956461
-66.922230 -13.815434 -3.951452
-66.628351 -1.227938 -2.878291
-65.285973 -16.014218 -7.561170
-66.407608 -33.808134 -1.390103
-66.127712 -40.965518 -6.177082
-68.036596 -3.862470 -6.891969
-63.601549 -7.544462 -18.852282
-66.481610 -10.729422 -20.305538
-66.325205 -47.981018 -16.802166
-66.603107 -35.608667 -15.769906
-66.423594 -37.563571 -18.803590
-67.347990 -37.989272 -21.267675
-66.648036 -18.417481 -25.508542
-68.118385 -22.204281 -28.804813
-63.096366 -19.998733 31.262684
-64.471975 -3.809169 25.632527
-67.999177 -33.902993 21.865158
-61.883559 -9.754291 22.279814
-67.575213 -37.865659 19.524559
-67.308009 -39.587539 17.020464
-65.889454 -31.654415 15.957621
-64.193623 -2.124657 12.182981
-65.266479 -7.273848 8.241817
-64.251575 -41.360021 5.252882
-65.919868 -4.063593 -5.763729
-65.036799 -37.059043 -0.171783
-68.762484 -43.744347 -6.157571
-65.932352 -6.569636 -5.597437
-65.899028 -1.997787 -8.970820
-66.701883 -48.572590 -13.466014
-67.908980 -1.453807 -13.319931
-66.669329 -4.944979 -23.154859
-66.562227 -37.581917 -24.771160
-64.071874 -15.518359 -26.272136
-67.156046 -10.853346 -23.633519
-66.483558 -14.814613 -27.144684
-62.829230 -15.800916 32.455486
-63.231426 -9.166221 27.783723
-62.171077 -11.671856 27.735792
-62.362152 -24.435597 26.826686
-64.151851 -5.529400 26.702684
-66.624292 -33.914339 24.620939
-65.204166 -31.519614 20.960258
-61.053983 -2.655522 21.235868
-65.782518 -38.844516 21.654309
-63.659759 -29.646895 18.100589
-63.649747 -2.200372 15.997008
-63.329724 -30.619535 12.278788
-67.410389 -46.304984 0.358566
-68.064164 -44.271464 0.633606
-67.587891 -42.880594 -0.179396
-66.130509 -41.728744 -2.928344
-68.311682 -44.199268 -2.510287
-63.943938 -39.485394 -3.612654
-62.855407 -6.986027 -4.164564
-67.626618 -47.106456 -4.299945
-66.888911 -48.602015 -7.035595
-64.619275 -41.245092 -18.239572
-65.738783 -22.235979 -20.510008
-65.150908 -36.456578 -17.223376
-65.806825 -43.230228 -19.379225
-66.028950 -46.212064 -19.246126
-65.433393 -36.659553 -21.796298
-66.180592 -22.421608 -23.306745
-64.706921 -12.195638 -25.741221
-66.790585 -24.602058 -31.813772
-61.209352 -14.347433 31.138925
-60.358665 -18.157775 31.519614
-63.068156 -32.884474 28.704566
-61.955317 -31.144995 26.923537
-61.162700 -24.084954 22.998884
-61.522622 -27.201176 21.131215
-65.511135 -37.198798 23.906445
-61.477587 -12.418329 19.504869
-63.254251 -41.360780 22.313553
-60.767676 -31.370489 15.267491
-63.107004 -43.875530 18.689607
-62.292571 -42.911076 8.489972
-63.381646 -5.914956 6.080808
-64.155226 -2.011858 4.559011
-65.654342 -47.613279 4.099127
-66.059087 -43.659946 4.339825
-63.800518 -10.874549 -2.798858
-65.208949 -49.144057 -1.996440
-64.223018 -16.426081 -4.794756
-65.875974 -49.220008 -4.162332
-64.345372 -10.068875 -4.659777
-65.793793 -12.746974 -5.522774
-67.670891 -47.885585 -9.314793
-65.250697 -1.616068 -12.432119
-66.262382 -1.787230 -17.399809
-64.569668 -7.910061 -22.167765
-64.061738 -23.149376 -21.246564
-66.877339 -42.604022 -22.296447
-64.179304 -8.745751 -22.920357
-64.840232 -23.018533 -26.644446
-64.557921 -35.604384 -25.532869
-66.322009 -28.967476 -32.503797
-65.333749 -34.805560 26.369804
-62.056305 -4.001865 24.973919
-62.329796 -30.025751 22.903348
-58.649861 -14.390066 22.338188
-60.507482 -44.219261 21.687538
-59.709985 -15.530953 19.034965
-60.532776 -15.434428 15.532801
-60.068449 -12.480211 16.982992
-63.514149 -45.232830 14.984277
-60.472507 -29.059621 15.833900
-61.519885 -47.498278 9.479234
-61.270913 -39.032192 6.198781
-63.954961 -46.017123 7.415389
-65.097065 -44.261667 6.028051
-62.503454 -50.908482 0.543330
-65.400021 -42.149497 2.451508
-65.660876 -48.452872 0.797954
-65.796867 -41.485384 -0.484131
-63.168415 -1.414235 -2.221869
-62.984142 -14.379319 -3.724517
-61.861603 -12.387975 -4.312535
-64.349548 -51.234822 -6.238888
-62.804783 -15.107879 -5.705343
-64.540838 -51.309382 -8.609183
-62.829481 -35.622277 -16.097364
-62.944818 -38.916254 -16.923016
-60.018809 -2.992075 -16.124932
-63.313522 -46.495970 -18.498898
-64.709114 -3.646396 -20.182932
-63.688110 -36.280856 -20.875497
-66.639669 -40.090751 -21.348292
-65.288750 -21.922280 -23.849910
-65.181410 -19.831037 -27.147741
-67.585149 -41.376872 -25.452868
-66.141563 -32.848644 -32.663757
-62.958427 -12.820007 38.173789
-62.665799 -15.372692 40.616375
-63.576282 -17.507084 37.976050
-61.786315 -21.806977 37.225633
-62.219001 -18.291049 35.417170
-61.450163 -27.647018 28.673305
-60.401177 -36.393241 30.882441
-62.563360 -36.911950 27.896865
-61.992652 -39.338700 25.221822
-59.008661 -41.720455 24.893829
-60.584041 -23.138858 20.704139
-59.625245 -25.468886 18.192425
-59.676401 -7.823439 22.430621
-57.077177 -16.511159 15.947480
-61.126949 -1.700270 13.139733
-60.652902 -48.199480 12.851415
-61.689714 -1.945936 10.012597
-62.376318 -49.243026 6.359251
-62.882936 -49.234290 4.188232
-60.450507 -4.167235 5.280044
-62.401522 -1.798758 1.123975
-63.100486 -41.344720 2.148604
-63.368900 -40.299455 0.035828
-62.715802 -51.774158 -3.483197
-62.674945 -1.792616 -4.420789
-61.634174 -20.026219 -6.877569
-63.066117 -6.259905 -7.071340
-63.738966 -2.173371 -9.664994
-65.003246 -50.303767 -11.220536
-64.125167 -50.369985 -14.767347
-59.667055 -9.317494 -16.251976
-62.431875 -43.719424 -17.941579
-60.935818 -24.704294 -21.077766
-64.911846 -44.018665 -19.367561
-62.462357 -24.610021 -23.728998
-63.727615 -22.859103 -25.098333
-66.200253 -44.122627 -26.323523
-61.900704 -25.544069 -26.745470
-65.583241 -38.297334 -26.004492
-66.058459 -40.684859 -27.831824
-64.812335 -23.925507 -30.273811
-62.802041 -28.897608 -32.187667
-66.053334 -38.024183 -30.039579
-64.092261 -42.696738 -30.503880
-59.961904 -12.383127 43.143576
-59.190513 -8.641124 38.719225
-61.959638 -17.335310 40.889485
-61.147040 -20.410811 39.673342
-60.279344 -29.319761 31.679576
-60.133794 -22.494980 31.804311
-60.587133 -25.038231 31.809853
-58.976190 -15.739246 28.992755
-59.730806 -14.417619 28.499651
-61.984379 -26.081979 26.730198
-61.113369 -38.303726 28.020808
-63.009513 -37.332909 26.134043
-59.604521 -30.464319 23.922961
-59.790969 -3.831109 23.745064
-59.846956 -29.224674 21.275560
-60.950788 -30.353389 17.894155
-59.383854 -46.594150 18.079053
-60.243948 -46.725114 15.160652
-59.399713 -2.104251 15.454536
-59.222628 -47.953822 10.889043
-58.149753 -15.089424 14.675269
-59.641693 -44.990926 8.929546
-58.884475 -29.799128 12.767395
-60.240876 -3.013254 9.164333
-60.762138 -6.289956 8.520328
-61.675748 -47.976221 8.517077
-63.082579 -42.614768 5.084039
-59.678901 -12.984398 -1.641042
-59.824717 -49.702904 3.284856
-60.894694 -16.994018 -1.724968
-59.708586 -20.044772 -2.799396
-59.708323 -3.714920 -5.099124
-61.409687 -54.023522 -10.838953
-61.170116 -9.027201 -5.833677
-61.817158 -3.090199 -8.496354
-59.222905 -7.122610 -5.728339
-60.017345 -20.746373 -8.485401
-62.638659 -52.634717 -13.720503
-60.254965 -53.844803 -15.103947
-61.023730 -50.988134 -17.515081
-61.616247 -41.038701 -16.683640
-60.200852 -13.472980 -16.386293
-59.765198 -46.179162 -17.555907
-59.863118 -8.934264 -19.093864
-64.028565 -39.418193 -18.909600
-63.289609 -48.967579 -19.968846
-63.764832 -48.837232 -23.768195
-61.166690 -9.106982 -23.626377
-62.535684 -17.884297 -28.076303
-62.234436 -22.165968 -27.743025
-60.827728 -27.779641 -30.700864
-62.814253 -35.987508 -32.361261
-60.065074 -16.041122 43.088580
-59.766458 -17.567810 41.549389
-57.458725 -24.016796 39.339672
-60.649209 -9.103406 35.308100
-57.322153 -17.384355 39.774510
-58.556980 -20.154761 33.301151
-59.869555 -13.987018 32.302076
-58.547390 -31.552948 34.218488
-57.264349 -19.036189 28.593306
-57.707983 -33.881475 30.214716
-57.368635 -16.838028 26.100354
-57.958245 -17.526391 12.898680
-57.344726 -46.893160 13.084921
-57.117322 -42.038294 9.281888
-59.276781 -49.989327 8.383672
-58.912617 -38.364796 5.261494
-61.309038 -43.974751 8.022894
-59.674451 -50.307514 6.032794
-60.967065 -40.811636 4.298909
-58.354971 -17.980743 -2.743829
-58.950522 -53.347017 1.020679
-59.946082 -1.722718 -2.557314
-59.154718 -7.078268 -3.694967
-59.011153 -54.756401 -3.336584
-60.155422 -36.466793 -2.598685
-59.255735 -54.895662 -7.222475
-60.766441 -18.441084 -6.976870
-58.943349 -55.238593 -11.082032
-58.727429 -11.124614 -15.469239
-59.996889 -38.565760 -15.394266
-59.954363 -43.635143 -16.607488
-61.119266 -2.357631 -14.202382
-59.630413 -24.227420 -19.264055
-62.073466 -23.974591 -23.739670
-61.090379 -10.858298 -24.767089
-61.152526 -13.952652 -25.764600
-61.073588 -19.848396 -27.681290
-62.565155 -46.032282 -26.531718
-60.803070 -32.437779 -31.971162
-58.549156 -27.450343 35.828159
-56.200022 -27.716633 37.741527
-60.028933 -16.234220 33.244444
-59.981655 -21.708509 34.386720
-58.957682 -24.165839 34.375956
-56.872850 -31.724313 34.987642
-60.829988 -8.098863 31.883125
-59.506015 -9.023998 29.187979
-58.214871 -22.932143 30.892928
-56.326440 -32.144788 31.307670
-60.426247 -4.208947 29.433079
-56.589558 -24.193110 30.649705
-58.721117 -31.036946 28.023609
-57.250439 -37.118204 32.685723
-54.398274 -20.421085 26.767824
-57.272106 -33.121741 27.432943
-57.879798 -32.346329 25.156902
-58.497524 -40.059960 28.681133
-57.451550 -28.612280 21.834730
-57.960857 -5.262027 21.784191
-57.229256 -30.003094 20.432188
-56.698021 -3.757761 18.584777
-55.033996 -12.246435 16.303669
-58.156844 -25.743657 18.977012
-57.481998 -26.587613 14.934680
-56.393181 -17.141682 11.639494
-57.629646 -38.777734 8.433325
-58.810006 -47.558735 9.402240
-60.463955 -46.434998 8.980287
-57.866269 -42.337184 8.141572
-58.008707 -2.844909 4.015054
-57.353068 -47.203378 2.666166
-57.197266 -51.100312 3.246888
-56.658608 -54.088022 1.646864
-59.862312 -13.449655 -4.884959
-55.206501 -48.620781 -7.080341
-55.725248 -50.505002 -7.178604
-55.920587 -53.751748 -12.496498
-60.408657 -7.772106 -16.469873
-59.178683 -5.374851 -18.235677
-58.553916 -12.494451 -19.817430
-61.818259 -37.629787 -17.336683
-61.733732 -45.659178 -18.151874
-59.347390 -17.607801 -24.344065
-56.436776 -25.406910 -24.447082
-57.691054 -26.508555 -25.053115
-58.817514 -31.429337 -30.235587
-61.200268 -45.043661 -30.063805
-62.694194 -40.037315 -32.282211
-57.309840 -10.585265 44.271147
-56.096343 -13.680358 46.465162
-56.774440 -15.403128 45.026594
-56.191592 -16.817522 42.010766
-58.595873 -5.409093 35.641379
-55.491066 -18.759652 29.547763
-59.172018 -3.763653 33.550979
-57.510476 -15.183264 29.343130
-58.956260 -3.243815 30.823591
-56.482235 -35.256887 32.675580
-58.557715 -5.645005 24.811687
-59.769060 -7.988447 26.233058
-59.093096 -28.737717 24.378898
-54.392535 -18.657650 23.595087
-55.482822 -32.391380 20.839921
-56.445992 -46.494608 21.739171
-56.569667 -15.631405 18.366440
-57.022109 -8.559735 19.876769
-55.274437 -17.245554 18.148963
-56.258363 -28.942222 17.162896
-57.093987 -28.038771 14.109678
-56.960485 -1.992175 13.674526
-53.313466 -44.910843 12.672546
-56.648162 -45.314398 10.474538
-56.876698 -2.949679 10.775809
-56.359389 -48.726520 9.413020
-56.778010 -50.498085 5.800612
-57.321787 -8.226823 6.889020
-55.931896 -5.117834 4.640058
-58.223943 -1.526827 0.188424
-55.878488 -55.513671 -1.116177
-58.542900 -21.816769 -5.339345
-56.871710 -14.575033 -5.155688
-55.013802 -24.174314 -7.022600
-59.002344 -4.464702 -6.101384
-57.304202 -50.754309 -18.067098
-58.037251 -15.245193 -19.244625
-59.258222 -48.451810 -18.205840
-58.459591 -13.300319 -23.567165
-59.307482 -24.660682 -21.456924
-56.150526 -26.532039 -22.898275
-56.225414 -43.005287 -25.314255
-60.736263 -53.109968 -23.215501
-57.453387 -29.719214 -29.099427
-58.946315 -38.197277 -31.846115
-61.362558 -41.012523 -32.144051
-57.441237 -8.884830 40.979309
-55.404097 -22.863174 39.303119
-55.244602 -18.649308 38.837867
-57.388453 -11.181557 32.663873
-52.681001 -36.249062 34.321811
-56.575296 -39.199614 31.584464
-55.616658 -31.342938 25.413344
-54.921274 -41.494814 23.417113
-55.785975 -25.991389 14.383508
-55.115504 -15.348450 13.966892
-54.275170 -17.000279 13.547242
-55.407198 -43.859715 9.205305
-54.852813 -53.754961 2.050242
-56.517622 -8.336149 -3.388737
-54.658747 -47.780280 2.838912
-56.637316 -21.433445 -2.194524
-57.822964 -13.774265 -4.081137
-56.735826 -23.177950 -3.507073
-54.857766 -53.174834 -5.259105
-57.001231 -18.596956 -5.943384
-58.790312 -2.781184 -11.336734
-55.137886 -21.410335 -9.404710
-55.555936 -7.926705 -14.849058
-57.647684 -3.144354 -13.649890
-56.737760 -44.533965 -15.954622
-55.705404 -53.632327 -17.047166
-57.325340 -7.612671 -17.380682
-59.017992 -49.977997 -29.744759
-57.681428 -44.601831 -29.188707
-57.376623 -34.862580 -30.317929
-53.122502 -13.378896 47.599493
-53.049038 -16.503479 39.550527
-56.377375 -20.493590 39.760541
-52.876794 -19.234621 37.278820
-55.907337 -12.892502 29.434507
-55.858378 -20.647658 31.935944
-56.623841 -3.002821 31.938972
-53.216101 -30.481712 30.659440
-55.182554 -2.973644 25.477037
-58.052104 -11.184663 27.399061
-57.587189 -10.838148 24.717758
-53.497121 -32.848401 24.431348
-53.577748 -18.145541 20.804613
-53.772241 -31.279029 20.542214
-56.144102 -28.176891 19.140444
-55.549415 -26.745819 16.397366
-56.233130 -50.256555 16.424339
-52.649778 -16.758297 16.302319
-57.870096 -48.367473 16.005403
-54.305880 -6.937926 16.677032
-55.202936 -2.323505 13.141228
-55.446815 -39.120010 8.508607
-53.587916 -17.081059 10.383431
-53.646325 -49.277826 8.432412
-54.820530 -49.090076 4.538710
-53.897778 -45.955449 2.690178
-54.708167 -6.370271 2.460103
-55.364545 -3.363787 2.296797
-53.877120 -50.331691 2.861478
-56.489293 -1.828402 -0.098960
-57.156304 -2.712500 -3.517188
-52.617134 -54.922748 -2.676332
-55.005186 -20.883700 -6.180963
-56.347569 -23.468732 -5.672074
-56.680597 -4.253586 -5.347111
-53.838332 -51.038817 -8.449529
-55.848193 -2.809417 -9.034090
-53.458622 -52.370441 -10.055838
-55.958451 -10.170875 -13.403532
-57.327598 -10.915211 -16.991268
-56.670618 -14.955857 -22.169200
-58.232338 -55.430941 -21.376285
-59.776806 -47.164736 -27.770678
-58.195421 -53.106618 -28.708147
-56.437406 -22.826491 -27.121670
-55.251715 -35.425162 -31.740723
-58.283893 -43.384600 -32.444034
-53.029413 -9.825593 46.744105
-54.643928 -8.294955 43.767845
-52.441759 -7.378854 43.407584
-52.687256 -5.739690 39.760358
-54.797425 -3.668079 37.688846
-53.760949 -24.408816 37.412730
-53.053657 -26.673633 36.337753
-53.096664 -29.778401 34.396827
-54.009161 -2.843762 32.594782
-55.778376 -17.290121 27.110884
-52.876376 -29.841475 26.099991
-53.070521 -33.356259 32.580393
-53.917393 -43.245585 31.155147
-53.569828 -32.815879 29.222522
-54.968224 -40.964406 28.601469
-56.667522 -3.963034 23.639556
-52.762647 -32.449998 18.672866
-54.526432 -28.984009 18.184933
-53.099220 -3.715237 15.256701
-54.065598 -28.655518 15.779930
-56.088776 -48.378363 12.434528
-53.747780 -43.002852 10.356991
-55.423248 -3.472530 7.265949
-54.857155 -40.850556 8.315385
-51.622013 -48.175417 5.695216
-53.940400 -4.510458 0.542964
-51.797707 -8.317280 0.801831
-54.493237 -23.874179 -3.161567
-50.940124 -50.510638 -0.436160
-54.892280 -3.546085 -2.182888
-55.287987 -14.748682 -4.208599
-49.993619 -48.637387 -9.549469
-53.288740 -8.777188 -12.681277
-55.845378 -5.321824 -16.596363
-55.937699 -25.287214 -20.697203
-58.034876 -54.075135 -19.286757
-56.758007 -56.017669 -24.107728
-56.601809 -18.191154 -25.401767
-55.016348 -26.272186 -27.881402
-53.334237 -28.115280 -30.086390
-54.075593 -16.682154 44.635101
-52.090470 -21.110277 36.392185
-50.752028 -19.008799 36.761468
-50.693038 -25.483149 34.092032
-54.426056 -11.647107 29.985735
-54.580777 -3.060410 28.126898
-56.083100 -11.798770 27.336846
-53.948166 -15.334157 25.201628
-52.745227 -3.945914 25.110616
-56.205900 -10.903908 22.364940
-54.792688 -4.746921 21.107784
-54.869198 -8.668189 20.298528
-54.414078 -49.881399 19.715534
-53.068017 -7.994542 14.851990
-54.791682 -51.372353 11.440771
-51.838956 -12.867851 13.650439
-52.836799 -18.333627 11.064028
-49.894073 -42.365622 11.314648
-53.577298 -2.303154 9.961063
-51.540531 -9.372436 13.507529
-53.133251 -39.880924 8.732362
-50.726924 -17.289929 11.358766
-51.903762 -45.978785 9.124404
-52.024203 -2.474585 5.043363
-52.099874 -42.754514 9.452129
-52.012006 -13.786131 2.172357
-53.162421 -17.184987 -1.492565
-50.025533 -42.801503 0.969005
-53.280272 -15.348239 -0.885501
-53.101164 -6.964047 -1.942163
-52.524571 -9.439727 -2.641017
-51.261285 -46.387748 1.650076
-53.769274 -12.838443 -3.528073
-54.100598 -18.213134 -4.504626
-53.571607 -23.395293 -6.023878
-55.225638 -8.005495 -4.102924
-54.570127 -17.326016 -5.492189
-54.617608 -19.366048 -6.434932
-55.380610 -3.152886 -10.745303
-53.922179 -4.816608 -13.759529
-53.610612 -11.659056 -15.027487
-54.914265 -10.837029 -18.597989
-53.594411 -27.071906 -19.347796
-55.259722 -56.854419 -19.743873
-55.784287 -56.796347 -22.599102
-52.382758 -56.980496 -21.089186
-52.083925 -28.658051 -22.652216
-53.395914 -43.502841 -26.859880
-54.317920 -55.391465 -26.845840
-56.308815 -44.864867 -27.675411
-56.081302 -53.428565 -30.813464
-55.250018 -31.364397 -30.726157
-55.030540 -40.958515 -33.017262
-48.954425 -14.982628 46.853716
-51.733492 -18.580331 44.588784
-52.649688 -27.819340 43.069819
-52.339605 -29.460337 41.913772
-52.853830 -27.764571 40.389580
-49.476157 -29.842725 42.906242
-50.278892 -7.019296 41.444822
-51.462454 -4.560659 38.193683
-47.903435 -23.327149 34.173003
-53.364159 -2.882650 34.635448
-48.301930 -26.337156 30.520050
-50.676352 -32.299781 31.908008
-52.130403 -48.452355 27.867797
-50.653459 -28.727378 28.301194
-50.281051 -4.546671 26.540180
-54.386010 -12.514226 26.402325
-51.043497 -30.701648 28.927929
-50.174843 -28.073619 25.624571
-54.731766 -44.689664 25.020899
-52.880999 -14.353440 21.285037
-54.037595 -47.951724 24.632413
-50.271137 -28.917743 22.526033
-53.098094 -13.088707 17.879306
-52.545547 -53.851049 15.366149
-53.685621 -53.172275 12.636416
-52.760243 -2.905509 13.730291
-49.471062 -41.798600 9.460123
-50.324354 -45.810628 2.616752
-51.580452 -24.946042 -7.880633
-54.044006 -4.295642 -3.888499
-53.438867 -11.173301 -3.719569
-51.181780 -16.061747 -4.853050
-56.403607 -2.634598 -6.912066
-55.870405 -12.333583 -21.473055
-52.334742 -12.943486 -21.473641
-51.242791 -56.061313 -23.124030
-52.018360 -15.046487 -22.863169
-53.769609 -26.510162 -25.085251
-52.681151 -24.505715 -27.429590
-55.700563 -48.689609 -30.260246
-54.183995 -54.795935 -30.293936
-53.376913 -51.785368 -32.074912
-51.995712 -37.504802 -33.414570
-54.093280 -46.015295 -30.947843
-50.189608 -8.990376 44.972415
-51.034221 -23.180427 44.755774
-52.437855 -24.230254 42.506503
-49.984453 -26.821134 44.218023
-51.928853 -20.133995 40.161648
-49.112330 -8.687462 42.125087
-52.658563 -32.016148 40.628355
-52.338646 -32.165598 38.624401
-48.862646 -8.471907 37.790789
-49.053947 -20.140003 35.178653
-51.667926 -44.025086 34.278174
-49.779319 -39.975141 34.478023
-51.546178 -13.402255 27.125417
-49.378135 -35.845459 32.241452
-49.303806 -47.196451 32.997394
-48.280253 -50.645886 26.666739
-51.767771 -3.041223 22.345085
-51.738096 -32.359068 22.373418
-54.112191 -45.591452 21.637274
-51.740200 -51.804854 22.692222
-50.967138 -14.661848 22.928986
-50.955631 -2.672481 17.833037
-52.775947 -9.839689 17.646565
-50.927135 -15.041475 18.866356
-49.102305 -28.904813 21.179230
-49.506359 -30.395525 20.452475
-53.724069 -52.421635 17.187208
-51.440704 -52.975514 9.537948
-50.671156 -3.533989 10.637282
-50.345966 -16.091720 10.179807
-51.214961 -6.648483 2.467229
-50.253541 -12.962447 1.729180
-49.322871 -48.299940 6.658213
-51.593894 -12.708773 -1.152472
-50.360961 -20.241826 -5.800668
-51.052480 -26.572929 -4.350509
-53.859077 -13.890660 -4.431160
-51.187014 -3.030173 -6.261653
-53.301751 -2.998327 -8.191332
-50.372324 -27.683103 -8.052370
-50.383061 -8.903786 -10.207582
-52.476681 -22.130511 -8.812852
-51.300524 -53.527204 -12.895937
-52.124256 -56.058187 -17.309082
-52.850991 -26.051216 -21.158643
-48.547090 -52.150517 -21.004197
-51.819272 -28.558200 -25.049481
-54.283464 -19.361572 -25.626976
-52.507626 -20.047679 -25.950067
-52.880158 -45.136697 -27.883319
-48.621734 -18.736303 46.828866
-48.456638 -21.732422 45.891166
-48.678583 -10.807237 42.152654
-47.397457 -13.126114 40.335878
-50.590901 -33.111001 41.754209
-49.873884 -36.802313 37.555689
-48.861832 -37.903150 40.823856
-51.723773 -24.725581 39.030063
-51.755601 -28.583707 37.917867
-49.077066 -3.832520 37.236297
-51.752993 -2.846039 35.482882
-50.333030 -42.262374 36.214435
-48.260786 -44.392512 36.313107
-49.126779 -2.929885 33.157978
-49.635418 -2.597749 29.995469
-46.613457 -40.045073 32.907980
-49.551145 -49.154666 29.806570
-47.666884 -6.792979 25.686538
-47.238493 -29.140140 26.930265
-49.816258 -29.274021 25.170562
-47.032498 -53.366421 23.818044
-51.818150 -5.112243 16.106721
-50.398260 -54.614997 19.478081
-51.996372 -53.490545 18.975747
-51.407418 -55.021337 13.448452
-48.879615 -8.114540 10.790856
-49.219483 -3.757778 8.236339
-49.541738 -14.497070 11.481786
-48.158249 -5.740121 4.290197
-48.294543 -41.073335 -0.442513
-49.685570 -42.696483 -0.682826
-49.277032 -45.790032 -0.292989
-50.466313 -5.666366 -0.961881
-53.253737 -7.984151 -3.117389
-50.788730 -23.331055 -6.630692
-52.371746 -19.148122 -6.841140
-53.564665 -54.654228 -7.575391
-49.449767 -6.636711 -8.873490
-51.068777 -3.925269 -10.269185
-51.971888 -6.372055 -11.665508
-50.890757 -50.255408 -9.574039
-49.788712 -14.552146 -20.230243
-49.510028 -29.123928 -21.314987
-51.886940 -17.665760 -24.011511
-51.933072 -56.853994 -27.835306
-52.459165 -29.695405 -32.008406
-52.372182 -32.704256 -32.758343
-53.029700 -35.322898 -33.096522
-52.065565 -53.573370 -31.943770
-51.099204 -43.835458 -33.480915
-46.638482 -13.991620 43.867374
-47.676200 -24.291716 44.158380
-46.957408 -11.579185 36.750470
-50.040080 -27.262759 36.620979
-47.182908 -7.618938 36.701815
-48.717835 -2.963202 35.364766
-47.857553 -30.390037 28.966054
-46.948687 -38.605183 28.673769
-47.250193 -32.736521 28.822556
-47.056506 -26.716420 23.884356
-46.988036 -36.290181 27.364492
-50.993546 -8.344100 16.717247
-47.896741 -55.505123 21.417313
-47.249886 -56.611143 19.154192
-49.697763 -56.003680 15.608612
-48.500840 -57.258264 11.167420
-48.801602 -17.216040 12.123936
-49.426386 -45.609155 10.419958
-51.139660 -49.051423 10.238205
-47.422119 -12.428885 11.699945
-47.628146 -46.004152 7.933446
-47.750952 -9.511442 1.274679
-51.585358 -54.516613 7.391617
-53.200814 -52.568509 4.371026
-52.215251 -54.977971 2.217331
-47.626910 -27.000989 -6.132953
-48.351012 -28.150419 -4.469546
-48.109401 -54.271639 -2.648158
-48.440911 -2.977140 -3.461079
-49.600784 -59.330388 -5.244674
-49.016510 -17.504483 -7.130182
-51.853690 -58.467330 -9.933990
-48.721798 -20.488175 -8.539264
-53.113265 -55.328816 -10.123419
-48.839123 -51.137193 -12.706937
-51.944340 -55.813895 -13.697822
-51.020819 -7.320746 -14.382404
-52.387331 -9.606593 -17.326300
-49.377417 -54.464845 -17.015574
-44.188389 -49.196879 -19.455188
-50.095640 -18.348939 -24.405183
-48.657769 -28.975162 -25.674081
-50.573547 -50.096159 -31.753769
-49.814742 -46.677554 -30.276133
-49.002075 -55.732318 -32.712898
-49.199772 -29.687198 -31.716704
-44.852281 -18.635541 44.963331
-47.880614 -34.102175 41.423513
-44.589205 -41.360014 39.541166
-49.348349 -24.169017 36.665393
-48.289180 -28.702109 33.313386
-45.336059 -23.933151 32.437899
-45.111793 -50.399078 30.022464
-45.537102 -25.061620 27.262293
-44.673916 -39.368024 31.005332
-44.990126 -37.715933 26.535634
-44.795501 -35.014700 23.838468
-45.114167 -46.634672 24.093855
-45.659580 -49.553941 23.202024
-45.280738 -46.493220 21.159794
-44.791858 -51.618508 20.123698
-45.043664 -54.891436 20.970539
-50.112639 -12.106695 15.668603
-50.333734 -2.751276 16.271522
-47.787568 -15.437245 15.066810
-46.508277 -57.857580 14.857988
-46.319556 -17.966985 13.446142
-46.522516 -10.563810 9.405992
-47.797067 -5.512534 6.819274
-46.573451 -15.194495 10.059410
-46.146330 -18.555715 9.623084
-47.508941 -41.727971 9.311898
-51.590886 -49.002252 4.712361
-49.569471 -57.975001 5.442430
-51.804360 -49.647505 2.915316
-49.015031 -14.008960 -1.205156
-50.422983 -16.823337 -4.676042
-49.082947 -8.448972 -1.163019
-48.350651 -48.715153 -1.189385
-48.240068 -10.581079 -1.621512
-46.629186 -29.297376 -7.544941
-50.785749 -51.898496 -10.149993
-49.789680 -59.999911 -10.018598
-48.630608 -25.494698 -9.374029
-46.833160 -45.868372 -10.930913
-47.774238 -61.371362 -15.222431
-50.689819 -11.479864 -19.087653
-46.270231 -48.252611 -17.814954
-49.268968 -16.687227 -22.175787
-51.812326 -26.906137 -24.021070
-49.174880 -42.891059 -25.559296
-50.039770 -27.462179 -25.939809
-49.844793 -47.835063 -29.306097
-50.181247 -35.054068 -33.579604
-49.241176 -40.431209 -33.433492
-47.855987 -25.001370 50.922806
-48.233409 -30.270354 48.727062
-45.166365 -35.482086 47.541472
-47.919303 -31.602819 45.710098
-48.752345 -29.120723 46.709378
-44.394386 -15.213873 40.645293
-44.489585 -22.700153 41.599185
-45.995674 -26.243250 42.130625
-46.803953 -29.983650 41.601939
-47.312052 -33.640043 33.251386
-45.694187 -47.449873 35.567582
-47.180314 -2.995784 30.457232
-46.418007 -2.893198 28.516998
-43.271144 -8.581643 24.634037
-46.373673 -27.433684 25.136295
-43.656389 -25.943817 23.146181
-46.700114 -4.819498 22.973897
-44.487322 -48.273871 21.130118
-44.898213 -49.425039 18.088216
-43.424770 -54.645981 18.103256
-43.812253 -56.837932 18.206531
-43.042142 -56.847761 12.142658
-45.780929 -58.524371 10.486920
-44.741262 -12.756436 10.006774
-51.004224 -51.514398 0.716137
-50.685492 -55.729939 -0.608724
-47.734560 -59.151253 -2.092820
-47.476295 -45.463030 -0.853576
-48.621598 -17.435189 -6.573528
-46.694878 -4.699996 -6.698431
-48.302303 -14.354197 -5.548718
-46.890395 -27.663191 -9.739676
-47.006924 -49.651703 -14.445125
-49.870608 -58.987048 -17.276097
-46.171824 -9.310323 -15.622479
-47.760398 -51.384909 -15.300465
-47.679816 -18.369104 -23.649803
-47.667193 -21.474153 -27.761440
-46.531109 -24.385957 -28.849544
-49.942589 -44.228084 -27.099032
-47.621853 -28.316247 -28.870515
-48.337547 -34.247805 -32.536858
-47.119326 -50.889340 -32.058392
-45.525019 -25.245054 54.077104
-43.857962 -28.582397 51.747447
-46.753635 -9.098763 49.303051
-45.939843 -24.534307 45.970916
-44.604624 -32.399320 50.585706
-47.691265 -28.397707 45.514372
-45.511304 -35.641976 43.313204
-42.043649 -19.301640 42.485761
-45.920063 -40.077323 41.960399
-41.737361 -23.625763 39.896596
-44.112785 -33.345814 40.683445
-43.839876 -37.479697 33.753623
-43.457579 -14.396799 36.906750
-45.729734 -3.558564 36.930090
-45.861317 -35.998467 30.961759
-44.170926 -46.426618 36.603534
-46.243239 -3.267817 33.298675
-47.618037 -29.142702 31.507535
-45.092246 -42.926339 36.734803
-43.137024 -48.597301 33.975957
-43.761310 -23.630485 28.386827
-42.911229 -32.705076 23.308969
-48.986133 -7.441836 14.341155
-46.360195 -11.843232 14.017145
-46.451332 -19.890188 11.651236
-45.379773 -10.257681 3.056743
-47.393021 -59.792007 3.000752
-45.724809 -60.762943 0.336795
-48.946110 -50.862495 -0.825206
-45.721239 -4.010519 -0.934123
-46.028147 -11.010708 -3.759584
-46.430815 -57.580387 -4.282170
-48.639945 -8.208103 -8.766695
-45.776399 -61.589829 -7.796611
-47.398618 -15.880678 -7.894474
-47.566590 -7.289637 -13.709446
-45.465533 -60.538404 -12.004116
-43.627753 -13.216587 -18.284407
-49.602313 -55.294745 -16.983363
-45.414116 -46.184971 -14.571690
-43.910018 -45.725084 -17.109804
-46.254336 -13.948084 -21.075811
-46.046284 -28.518028 -21.522599
-46.042998 -26.751764 -27.406544
-45.194344 -44.969822 -27.268493
-45.280493 -37.512946 -32.097054
-47.624794 -46.251946 -29.069631
-47.923458 -58.579143 -32.059599
-48.309307 -53.391371 -33.780444
-43.892890 -21.820587 54.494688
-45.549094 -14.460103 49.633461
-45.416561 -21.125411 51.960274
-46.411565 -12.286005 50.628722
-46.232000 -12.092810 46.545937
-47.339008 -10.273510 46.024784
-46.728072 -7.724974 42.750289
-44.547582 -29.793579 42.986014
-43.880894 -29.682427 40.791424
-41.773566 -4.549227 38.526861
-45.473120 -25.998978 30.841544
-46.377735 -30.019857 30.547400
-42.768880 -41.666666 34.971393
-45.931876 -3.531605 26.421131
-40.284357 -39.584174 29.634314
-43.593821 -28.251740 25.081252
-44.108099 -6.807162 23.667654
-42.663313 -34.573564 20.767145
-46.832141 -2.648599 19.284230
-45.989370 -2.561871 15.786924
-42.493431 -52.613754 16.040170
-47.993863 -4.057790 11.489220
-40.788803 -48.945997 14.526986
-42.000267 -54.277470 13.911215
-42.725396 -16.905523 10.312008
-44.105462 -58.993750 5.725576
-41.877323 -57.378454 4.334349
-43.692406 -60.169365 3.007821
-42.327535 -56.628058 2.434387
-42.011493 -58.230364 1.019771
-45.183599 -14.425894 -2.198321
-47.317838 -43.251777 -0.028407
-47.107663 -15.890306 -6.071946
-47.471270 -54.634020 -2.818770
-45.654008 -22.071522 -7.774627
-45.539491 -28.403673 -4.541015
-45.989081 -50.985872 -2.552543
-47.485211 -19.520040 -7.577051
-45.309500 -53.307372 -4.408251
-45.691598 -12.584445 -6.954020
-47.109467 -49.374934 -12.145337
-45.317655 -14.012320 -8.997133
-46.321966 -6.294835 -11.547887
-45.065533 -17.026336 -9.464925
-42.241172 -57.093359 -12.779085
-44.677040 -23.390423 -9.362741
-47.847467 -52.828229 -15.840012
-44.166997 -11.706476 -16.880145
-47.462916 -53.862402 -18.895671
-45.729639 -43.330415 -26.180141
-46.465494 -56.765045 -22.112857
-48.629278 -60.126590 -25.481918
-47.525499 -44.632890 -27.215173
-48.023597 -47.987714 -33.243393
-43.130886 -24.879807 55.799140
-43.740441 -13.381909 53.762604
-44.882370 -16.496708 51.956686
-45.028500 -10.002828 51.614611
-42.076833 -34.422966 50.446404
-42.366413 -7.444284 47.832102
-41.336267 -40.272850 45.833937
-43.875171 -25.160607 43.196123
-43.009372 -40.758708 43.496371
-44.154424 -6.751915 41.333320
-45.370903 -11.465749 40.049806
-45.701997 -9.839925 38.597239
-43.965064 -6.797387 38.809332
-43.193392 -3.556790 35.602782
-44.496728 -10.213720 35.582659
-43.391658 -3.457190 32.688227
-45.181052 -28.108815 28.286210
-44.304135 -32.068480 27.857077
-41.175953 -3.496372 29.889094
-43.625418 -5.347168 25.722782
-42.229264 -37.605318 27.957169
-41.526812 -37.232044 25.669970
-40.425624 -36.472456 20.939342
-43.082381 -3.192607 21.248029
-40.518935 -34.051847 19.002748
-42.043173 -47.294767 16.802337
-41.426909 -51.989061 14.132922
-42.225977 -52.912829 11.038779
-42.249332 -55.058729 9.251936
-41.123833 -51.179746 7.742153
-43.136728 -13.293356 5.623742
-40.977602 -54.991962 5.976092
-40.560516 -52.546094 4.095811
-42.518806 -60.982477 -1.312662
-44.527818 -61.134927 -3.590376
-43.996623 -7.218532 -3.140570
-43.671169 -28.416813 -4.913388
-44.580729 -4.258569 -4.124064
-45.715126 -5.418323 -8.257612
-47.192779 -50.858242 -14.823753
-45.565746 -50.274220 -18.945934
-46.194882 -54.385542 -20.583281
-47.196550 -58.656565 -20.535129
-47.275087 -60.785962 -19.075335
-45.070119 -20.054003 -25.770457
-45.210795 -27.866298 -25.258776
-42.531512 -48.694247 -29.078168
-46.386612 -62.126372 -28.480655
-44.270161 -55.394801 -32.322149
-47.172237 -45.316807 -35.324619
-42.567477 -15.057111 56.504532
-42.683174 -17.817480 51.449128
-43.417040 -16.396783 47.545807
-42.779259 -20.315185 49.640615
-44.598508 -12.983143 44.794992
-41.428907 -21.644204 44.044908
-43.344225 -5.028792 44.005084
-37.896660 -20.269206 41.147562
-41.811139 -39.301769 36.827590
-41.906962 -29.955214 40.693158
-41.778693 -45.414720 36.299340
-40.341265 -46.159933 34.988462
-39.943815 -42.369967 33.661452
-40.771485 -50.661054 31.575060
-44.786688 -34.988858 27.990265
-42.041678 -36.688191 26.705951
-41.484403 -10.933192 25.845545
-38.416475 -12.889918 24.054180
-45.042263 -52.129430 23.899139
-41.395836 -28.958481 23.145343
-38.831892 -45.870963 14.322088
-46.246940 -4.104476 8.213546
-46.952248 -6.724404 10.055421
-40.682542 -47.956599 8.670364
-44.516208 -12.190752 -0.725568
-41.802760 -14.905540 3.075091
-44.443128 -26.855854 -7.955929
-42.418499 -29.837787 -7.272540
-43.578498 -9.816874 -6.943466
-44.233160 -18.596161 -9.108702
-41.509566 -61.092811 -5.020149
-43.004699 -28.747838 -9.041584
-41.253745 -21.426910 -9.987174
-42.487903 -26.082442 -10.822249
-46.104214 -48.085048 -16.107277
-41.370123 -54.650024 -12.328727
-43.892066 -62.414371 -13.487574
-44.297753 -62.926121 -18.379919
-42.709823 -15.635088 -22.167735
-43.269222 -26.099763 -24.265674
-43.635620 -28.908431 -22.132346
-45.178688 -53.740384 -21.474958
-43.937156 -22.332675 -28.000767
-45.395390 -62.507667 -24.647684
-45.361332 -48.033909 -30.874167
-44.585184 -48.680641 -34.309252
-41.829418 -22.537786 56.571284
-41.848250 -17.890551 55.049164
-40.471520 -19.162396 50.710157
-38.673314 -28.784260 51.243594
-41.141216 -38.084906 47.483390
-41.955216 -14.866774 43.768508
-42.988643 -13.508220 41.202723
-41.368563 -41.987152 39.490542
-40.026415 -41.110843 42.265686
-39.963574 -16.242729 39.822589
-39.789789 -35.916229 36.421312
-41.188995 -36.325166 29.701342
-44.556141 -25.594699 28.644774
-43.231463 -30.325970 26.776687
-39.540503 -8.948269 25.337821
-43.792209 -26.813405 26.181078
-37.682701 -41.626824 29.532619
-40.419718 -3.951405 26.373750
-43.159969 -33.465313 24.195168
-37.469723 -35.442818 25.447068
-42.355277 -52.834822 27.512656
-40.474574 -36.877490 22.642508
-43.681453 -54.189299 20.342655
-42.220964 -3.037547 17.412407
-43.791660 -14.754335 12.498193
-43.682901 -18.029011 11.356630
-43.715421 -2.581741 12.238687
-45.846870 -8.479498 11.340972
-39.618932 -46.505882 11.011462
-39.953713 -17.353033 9.662462
-45.902347 -3.891219 4.598719
-39.523006 -49.317634 5.195249
-42.742405 -15.308257 -1.471071
-40.076884 -54.601975 0.376863
-44.990220 -14.961050 -8.368899
-42.623160 -11.081405 -9.297009
-40.341880 -58.940013 -9.669067
-40.974110 -61.199528 -8.196522
-43.137262 -8.044591 -13.654804
-44.553162 -47.332709 -17.603475
-44.266471 -58.498523 -20.857516
-41.528988 -15.501849 -18.545688
-42.125749 -17.295675 -23.723754
-41.090134 -25.375855 -26.832112
-44.948720 -59.864730 -22.471507
-41.490755 -63.887718 -24.525596
-44.380882 -27.614916 -27.856121
-43.016649 -51.413452 -30.860378
-45.221804 -32.079914 -31.999054
-42.282674 -45.933635 -27.899704
-45.895760 -42.366765 -35.318661
-43.139288 -45.081516 -36.925761
-39.158064 -23.528297 57.764944
-39.286154 -19.931498 56.259426
-39.147749 -11.300545 47.779926
-40.888992 -19.129990 47.080289
-39.820134 -17.938463 44.600945
-38.251823 -37.975390 48.520440
-38.981705 -7.828244 46.671011
-36.986196 -39.881812 42.758060
-38.752757 -5.147178 44.125369
-38.679295 -38.607431 39.720861
-41.414579 -6.802342 40.802698
-38.392259 -34.805718 37.156009
-38.957984 -32.896858 33.250024
-38.589421 -46.199147 33.359194
-38.891475 -35.002171 28.723240
-38.916009 -49.231904 29.585937
-40.378010 -53.382487 25.118846
-37.166075 -38.324019 23.680102
-41.999977 -56.915009 22.694135
-40.290451 -5.904300 22.573623
-42.832090 -50.203532 18.317013
-44.699860 -10.169904 13.782943
-40.567482 -15.564427 11.324199
-43.446854 -10.825808 9.018841
-41.642470 -2.654522 11.176798
-39.293909 -46.168723 7.423786
-45.310785 -8.184151 4.843986
-46.023294 -6.589246 3.637671
-44.179634 -5.480173 0.983504
-39.372725 -17.810387 2.727495
-37.941885 -48.417526 2.934981
-39.858353 -58.981802 -2.797498
-41.692173 -6.973279 -6.242795
-41.733541 -25.079195 -8.769412
-42.495145 -6.282358 -10.318973
-40.652889 -28.547771 -8.118630
-38.235666 -52.996388 -9.256492
-42.159572 -16.892926 -10.395902
-40.486527 -11.458407 -16.543142
-42.915786 -52.825568 -20.386012
-39.813664 -16.075463 -20.052965
-36.112991 -18.094832 -21.557951
-41.379240 -27.782001 -21.751704
-39.397920 -29.750972 -21.809343
-42.811795 -51.187214 -20.416426
-40.538076 -54.803037 -20.608444
-42.266150 -30.570622 -32.449826
-44.206824 -28.976285 -30.958789
-43.160334 -48.424453 -31.111640
-43.700086 -39.227040 -35.495064
-42.694150 -48.841585 -34.546511
-39.148169 -12.984938 59.015624
-37.116523 -17.983821 59.811780
-39.141084 -26.618804 57.899221
-40.697399 -11.447000 55.291605
-37.445389 -33.087507 52.747521
-38.571208 -36.194683 51.319406
-36.594615 -30.658085 49.878555
-36.109092 -28.296528 46.829497
-36.184208 -35.515819 38.732937
-39.021003 -3.793413 35.264243
-34.982107 -33.336243 35.943180
-36.942879 -46.179014 31.416388
-41.406421 -8.019370 25.573797
-40.884496 -33.208020 21.224892
-37.275894 -48.795024 25.328639
-37.717592 -10.994811 23.061227
-37.780705 -36.578496 20.831139
-38.974753 -58.251903 23.878590
-39.443278 -9.550301 23.196659
-41.088252 -58.818130 21.285621
-38.564139 -4.018541 22.601540
-41.753520 -58.509042 18.765668
-39.615530 -2.983858 14.102974
-41.094612 -57.388473 15.447507
-42.703284 -11.989020 10.997346
-41.385925 -59.121129 12.478445
-41.583188 -60.211814 10.526615
-37.826644 -43.571931 7.984958
-44.505008 -9.249966 7.191145
-43.462079 -3.214862 3.829553
-42.836778 -11.502675 2.206431
-40.870078 -17.450892 0.290000
-38.747457 -51.671380 -0.522332
-38.338427 -54.826410 -3.128049
-44.066341 -11.872742 -4.965078
-41.209564 -20.962580 -8.394093
-42.050302 -18.438881 -8.962466
-40.954152 -6.419322 -7.996182
-40.436287 -12.143559 -9.606245
-42.414089 -64.454812 -15.136003
-41.756064 -48.120260 -18.565685
-41.897942 -62.863891 -21.454023
-41.896227 -27.786692 -24.099961
-41.625526 -34.327625 -32.290099
-41.235945 -28.446196 -31.382865
-40.096716 -41.567873 -37.246047
-40.250016 -48.242960 -33.749210
-38.451889 -9.343911 54.658546
-40.254117 -10.686795 51.449398
-35.133808 -38.440431 51.312777
-36.563383 -12.622010 47.117617
-37.324796 -10.817732 45.452311
-36.625348 -5.887067 43.542392
-38.486203 -5.186579 40.797671
-36.843465 -4.468441 39.188992
-35.239434 -4.481636 36.023148
-37.093047 -31.367917 31.807098
-36.996852 -7.181144 24.941231
-38.802946 -60.343405 20.235358
-37.992846 -2.866040 19.941345
-40.601904 -52.351103 16.804883
-38.538501 -3.639760 10.566866
-41.224744 -54.359368 11.913130
-38.039470 -44.935926 11.834409
-38.229346 -62.329672 8.641462
-41.505281 -59.640886 8.289448
-41.182179 -2.925259 7.451301
-41.480731 -56.076977 8.475034
-39.227209 -3.706703 5.265136
-42.733835 -11.691366 5.293772
-38.245222 -17.364718 8.599278
-36.499838 -46.278972 2.368031
-41.519924 -3.885952 1.337238
-36.346512 -47.027862 -0.799805
-36.953423 -50.591553 -3.892871
-38.494920 -57.981694 -6.378933
-42.460237 -11.925753 -7.679729
-37.982810 -54.355881 -7.691997
-39.012004 -8.365528 -8.482160
-36.154679 -50.767524 -8.967576
-37.926547 -8.882509 -12.568793
-38.951895 -25.148379 -11.199694
-38.633491 -53.989711 -12.156136
-40.421924 -59.528915 -11.921833
-39.331968 -62.026622 -11.081904
-37.534976 -66.708300 -14.871740
-38.217656 -66.718279 -17.651480
-41.022819 -57.023049 -20.958211
-39.797941 -19.561443 -25.893684
-40.085457 -28.729443 -23.658508
-40.235311 -21.071231 -27.164681
-40.712857 -59.409635 -22.394177
-41.152703 -65.323983 -28.185534
-43.130418 -65.095979 -29.900161
-42.045951 -26.817380 -29.551063
-43.884032 -63.464154 -32.544678
-40.180180 -48.015079 -30.607306
-38.841882 -45.100093 -35.938329
-45.177967 -60.361359 -35.549524
-44.458746 -58.886748 -37.334271
-42.248387 -63.324683 -36.959257
-36.242958 -12.288871 59.206559
-37.128839 -23.423206 58.913471
-34.843001 -25.982144 59.328251
-37.154095 -28.576657 57.421869
-36.015483 -7.134655 53.715425
-36.023909 -29.344291 53.532969
-39.003673 -8.661843 50.440350
-35.029427 -31.918112 51.200007
-36.319515 -35.914791 52.887986
-33.090066 -40.411824 43.958947
-35.007971 -10.233988 41.721300
-37.023695 -43.387012 41.683169
-38.129767 -46.350298 41.901517
-39.129345 -43.071698 38.852754
-39.156514 -48.471496 38.854239
-34.585969 -38.009559 36.244057
-34.045547 -6.118912 39.412342
-37.996360 -37.102430 35.936822
-38.632017 -42.390916 34.875159
-35.388032 -3.542250 32.617001
-38.153009 -34.808679 32.916139
-39.497881 -38.739033 32.968474
-39.370216 -36.925614 30.539577
-37.784534 -55.567168 30.933344
-36.625989 -33.436914 28.463931
-35.777754 -47.055599 28.318013
-34.574915 -45.371505 29.987973
-38.066470 -51.851473 23.728419
-38.231152 -54.752040 25.889841
-36.819777 -57.549950 24.278599
-35.613573 -6.020607 23.245401
-37.381878 -3.489806 16.556592
-39.353751 -50.330729 13.985162
-38.929256 -61.027565 15.799074
-37.298146 -4.131584 13.394998
-35.956727 -59.293057 12.740141
-40.186930 -51.776619 9.313564
-37.558217 -61.016969 11.743805
-40.340902 -53.788005 7.977465
-41.352398 -57.339694 6.979959
-40.492433 -14.535288 8.440070
-38.324944 -62.283555 6.031987
-40.068744 -15.799762 3.771292
-36.075936 -45.201778 4.877605
-40.346322 -6.358662 -0.980178
-40.767884 -61.766871 -0.076015
-36.354904 -47.799885 -2.456317
-41.888062 -10.357143 -1.978130
-41.573841 -8.099178 -5.756958
-35.193068 -48.791013 -5.298674
-41.030996 -13.790304 -8.675944
-37.219782 -10.993789 -9.383346
-37.125234 -65.061069 -12.132242
-38.927483 -54.236325 -20.156750
-39.240297 -17.629980 -24.158088
-37.838645 -59.726995 -23.529948
-38.388881 -63.777437 -25.976829
-41.718722 -26.291462 -27.632900
-37.936170 -46.617583 -28.912717
-41.579525 -36.797373 -34.904701
-41.842119 -65.556655 -32.025657
-37.842555 -47.165262 -32.807760
-44.018858 -56.032902 -36.682321
-41.103275 -61.604313 -39.815924
-33.695501 -15.816791 59.297824
-32.147601 -20.211506 59.045704
-34.617244 -10.968627 57.379980
-33.511387 -26.714095 49.783707
-37.722474 -6.188016 50.301797
-32.695087 -34.063575 52.530179
-34.265252 -39.726885 49.850449
-32.234048 -40.170561 46.722458
-34.163860 -11.913452 39.973988
-36.129515 -40.992654 39.939350
-36.883854 -50.234655 39.999620
-33.578910 -13.316959 35.860876
-38.112464 -52.814607 35.076605
-34.151012 -9.171570 33.971891
-35.186348 -53.619843 36.628851
-35.113115 -30.655160 32.855358
-33.399329 -4.865661 33.433492
-39.483318 -52.603445 32.175872
-36.584917 -33.111925 31.939571
-33.596681 -3.567256 30.929174
-34.120750 -30.612559 29.716996
-38.029045 -34.637150 29.253930
-39.060062 -51.701491 29.927915
-36.180156 -3.521552 28.514338
-38.370197 -36.955511 26.693349
-37.904495 -51.315466 26.387311
-35.903658 -36.086090 21.766700
-34.646859 -12.666409 21.098192
-35.338172 -60.418396 22.881935
-35.726393 -61.885990 17.608895
-34.262357 -56.519076 10.825534
-35.154134 -60.477146 9.191716
-34.730411 -8.289880 8.331534
-38.697650 -48.717878 12.180567
-39.316367 -49.589015 8.934399
-37.571676 -5.349745 9.800128
-37.137286 -6.724989 7.627525
-40.659526 -60.040424 4.491035
-37.928152 -4.032623 1.297018
-38.720886 -62.434968 3.226070
-40.340623 -55.917314 1.060628
-38.918127 -64.022999 -1.540262
-38.964638 -58.469807 -3.672809
-40.740847 -6.218347 -4.771056
-41.019017 -9.648759 -7.152795
-38.397447 -18.146366 -8.363277
-36.602020 -17.557036 -10.174096
-39.257792 -18.399824 -10.168948
-37.453436 -20.853792 -10.953950
-38.271822 -57.241255 -11.884986
-38.864883 -50.199788 -19.104127
-37.896978 -52.189894 -19.750254
-39.966081 -60.028745 -22.692126
-41.226231 -65.090193 -18.917259
-40.534404 -63.013189 -23.093282
-35.918591 -30.000295 -23.491306
-38.137514 -24.562447 -26.480888
-39.867429 -26.139149 -26.177982
-38.864346 -46.793195 -26.967891
-39.120618 -26.762863 -30.077358
-42.827255 -53.714392 -33.312035
-39.988140 -66.446306 -31.395548
-39.351636 -65.694546 -34.293483
-42.467591 -58.497073 -39.338082
-34.143116 -23.334475 59.977779
-32.743929 -28.769683 58.127595
-33.783324 -13.793039 58.955602
-32.957001 -13.814473 56.397460
-33.269166 -30.141298 55.908320
-33.581585 -36.470362 53.323683
-34.262267 -4.863529 51.218935
-31.694286 -38.058657 52.721561
-32.299988 -31.572935 49.171918
-32.966349 -29.231529 45.524759
-33.413061 -13.754514 43.571751
-34.463810 -37.562330 39.195165
-35.321165 -47.281074 42.669293
-34.257359 -52.507733 38.808794
-37.305387 -45.849571 34.919835
-39.525925 -49.912430 34.586011
-36.906742 -41.186325 31.472635
-34.367484 -14.063094 33.061487
-35.719244 -54.982014 34.216598
-34.731561 -5.354283 24.731358
-36.429392 -56.818471 26.605519
-34.168348 -14.088801 21.939604
-36.391428 -61.680219 14.630266
-33.954319 -55.764640 12.443553
-33.308412 -58.580246 14.245655
-38.372382 -47.769453 8.271810
-35.651018 -9.890831 8.631331
-38.630438 -51.335761 5.525301
-40.256579 -57.522288 4.134054
-34.103590 -61.533829 4.490714
-32.628204 -5.246827 3.215073
-38.991414 -53.073904 2.759615
-40.235324 -13.345816 -0.163673
-35.723210 -62.918660 1.065664
-36.802913 -64.298216 -0.439453
-39.412426 -15.984408 -0.025343
-34.887267 -45.198601 -2.814166
-38.691903 -63.996746 -3.521109
-39.225663 -60.884264 -5.086759
-37.829006 -60.178927 -7.933003
-37.069745 -64.963212 -4.939349
-39.396417 -12.394438 -8.109269
-37.462029 -65.405772 -6.508893
-36.357826 -21.478441 -9.025544
-34.906210 -54.489566 -11.883298
-34.951744 -60.502914 -12.508988
-36.612266 -12.097310 -17.099792
-39.222878 -66.222049 -22.091320
-38.501860 -64.177945 -24.760072
-37.419156 -55.836688 -21.568451
-35.796793 -20.153547 -26.060788
-37.558535 -48.990860 -31.538456
-35.255624 -59.737564 -25.604867
-38.768484 -65.902568 -28.711679
-39.027151 -25.797619 -28.658632
-39.091039 -32.731818 -32.182264
-40.016579 -50.909292 -33.314064
-37.516017 -65.746185 -32.080442
-38.408616 -35.905413 -35.487107
-35.824606 -42.153624 -36.661177
-38.360995 -38.925075 -36.973968
-39.975785 -64.746001 -37.463508
-32.313187 -17.414610 58.520601
-32.234605 -16.422327 54.916725
-30.705165 -29.782439 52.899004
-32.496223 -8.327551 54.303668
-31.508748 -10.925468 53.218736
-35.557447 -10.169349 46.460789
-35.477489 -6.265882 46.011053
-33.034999 -39.357235 40.857569
-31.640551 -25.664234 42.592243
-32.835060 -45.195181 43.778356
-32.511604 -37.962796 38.224952
-31.045960 -42.494985 42.088012
-33.044570 -49.806093 41.114727
-33.398054 -32.239045 33.933879
-32.621640 -15.096307 32.779414
-34.892446 -34.740646 34.351512
-37.546153 -48.571992 32.707825
-32.321662 -55.353055 35.661211
-34.261099 -56.853550 32.147712
-32.912439 -11.402510 31.079522
-33.266607 -33.283468 32.018631
-36.483841 -49.371387 27.916389
-34.863263 -57.839770 29.126140
-31.338063 -4.115932 25.279443
-35.137503 -10.828472 24.230636
-33.930039 -57.468665 25.281656
-31.819738 -56.587909 24.563945
-33.948716 -59.232820 24.095857
-32.776343 -60.954118 21.684434
-35.029369 -8.882246 22.586233
-33.243942 -60.440193 16.633513
-32.506377 -11.021217 20.475551
-31.336819 -58.990361 18.601501
-29.917345 -50.606874 13.176457
-33.091829 -57.381228 8.615047
-37.162830 -46.178106 6.459967
-32.641539 -59.534866 6.391368
-38.019376 -18.261764 5.623013
-38.002898 -51.490830 1.166618
-37.656923 -53.256074 -2.513656
-38.256167 -56.391899 -3.559712
-37.517919 -11.036565 -7.764271
-36.060019 -6.961490 -6.667417
-38.706199 -9.567855 -7.555814
-36.539791 -12.580589 -7.790836
-35.259855 -23.251514 -9.892614
-37.051088 -62.448333 -10.325481
-34.866079 -13.100522 -9.594583
-35.196196 -58.193591 -12.010130
-34.263186 -63.269754 -13.076334
-37.594467 -13.697465 -19.617351
-38.172342 -56.834746 -20.782846
-36.685266 -26.701220 -24.472575
-36.924873 -47.131213 -29.064064
-34.892299 -63.869454 -31.193831
-39.518818 -34.600733 -32.927973
-35.293177 -44.991294 -32.624464
-38.052224 -51.947891 -39.017794
-39.872019 -56.898266 -39.739166
-39.037088 -60.180928 -40.958223
-38.835737 -63.077448 -40.459256
-30.361434 -23.558573 58.168248
-30.890932 -19.459418 57.046187
-31.822370 -16.357759 51.550465
-29.618033 -19.747085 52.212488
-30.756820 -15.142851 49.644546
-30.672085 -34.186170 51.703676
-32.144809 -27.821270 43.263879
-32.211246 -13.058813 40.058327
-33.016975 -35.415249 34.554655
-32.799375 -40.842708 39.266711
-32.382034 -51.226231 39.996816
-32.416317 -52.996710 38.793766
-30.563833 -53.035632 38.207581
-31.994688 -30.985903 30.147097
-30.486872 -3.838725 29.341448
-30.931958 -7.761034 31.733156
-30.595539 -14.872291 29.818576
-32.619653 -57.342718 27.412619
-32.794654 -7.419148 24.086012
-33.126206 -10.285936 23.542819
-30.813075 -58.943334 21.689034
-33.163675 -14.371920 19.611528
-31.202565 -5.510113 21.169830
-34.690000 -3.311578 20.420050
-32.405083 -8.807676 21.671549
-31.708764 -60.438780 19.775703
-31.756981 -56.954372 15.378236
-32.938140 -54.833084 9.454371
-32.275358 -59.473625 1.536079
-36.776378 -50.003181 -1.676624
-36.423290 -51.711033 -4.831537
-32.777940 -60.544360 -2.271986
-32.047505 -58.822275 -2.305990
-37.485996 -5.267630 -4.014708
-37.238514 -54.755448 -5.230702
-36.883455 -56.631025 -8.016121
-35.874564 -58.557230 -10.874496
-36.092173 -65.558584 -11.023179
-33.755651 -10.086923 -13.151538
-32.781692 -52.353437 -11.120150
-35.249920 -21.301409 -13.043143
-34.487712 -66.990540 -16.353781
-35.216822 -52.885381 -20.732148
-36.037390 -56.550579 -21.312159
-35.307106 -68.719439 -19.438443
-35.159646 -59.402066 -23.072265
-37.247323 -68.086484 -21.597642
-34.507954 -29.552066 -22.897635
-36.957880 -68.209671 -24.160017
-32.863652 -24.146716 -24.690614
-34.712951 -55.897219 -23.441315
-36.766288 -26.163375 -25.938296
-33.155381 -45.025962 -28.586570
-35.905747 -27.718395 -30.755981
-33.254530 -60.712964 -30.195126
-32.940764 -41.294088 -32.937870
-36.037532 -37.809428 -37.308254
-36.736946 -65.539254 -39.308288
-29.708751 -20.899277 55.364384
-32.488053 -4.619173 47.658898
-28.340176 -10.416740 52.091585
-29.617506 -17.450431 48.576878
-29.412130 -33.145326 49.920162
-30.001864 -38.627392 50.419770
-30.453638 -38.792268 46.253837
-29.169963 -31.043483 46.073935
-30.719550 -38.922414 43.633910
-31.215471 -38.534709 39.746105
-29.496118 -28.497715 42.520335
-30.405960 -46.460578 42.671140
-29.752624 -48.925912 38.455758
-30.732743 -39.627298 36.670262
-29.724928 -48.963594 35.479307
-28.139107 -53.452648 36.137645
-30.172757 -56.069670 35.577346
-32.212966 -36.587889 33.129374
-29.832159 -57.139291 33.483026
-30.894315 -58.372568 29.250506
-29.262855 -10.815503 30.721949
-29.330876 -56.089527 23.604263
-30.222761 -13.900988 20.278182
-33.079352 -3.080837 17.730496
-31.073725 -11.478119 18.894655
-30.556814 -56.177222 18.747112
-34.076832 -2.947833 13.990687
-34.426337 -3.454310 10.201099
-31.184083 -50.530576 10.194942
-30.582121 -54.772422 6.459893
-33.388573 -10.356057 6.145885
-30.683934 -57.527629 4.698729
-30.989341 -57.243374 1.389460
-34.710910 -4.980049 -1.591898
-33.760158 -63.192226 -2.000427
-34.497884 -13.993990 -7.937762
-34.560998 -17.245383 -8.461932
-32.113917 -63.520817 -4.818845
-33.411732 -65.537601 -4.784933
-35.611943 -54.451104 -9.522107
-34.068902 -67.089412 -8.906127
-34.263164 -56.560809 -11.590606
-35.903685 -63.470954 -11.749751
-32.792366 -15.765757 -11.704562
-33.838190 -65.569570 -14.097369
-30.842756 -21.660477 -22.650199
-36.576087 -62.429668 -24.780941
-33.221526 -26.008229 -24.103852
-34.517089 -25.264412 -27.737419
-32.516288 -57.376559 -26.873222
-37.900521 -33.711505 -33.059321
-36.973134 -66.549057 -35.866128
-36.670020 -59.172413 -40.776292
-28.867509 -27.331928 56.747231
-30.948655 -27.243080 47.399077
-28.409515 -36.021692 51.481703
-27.328246 -5.984154 52.731321
-26.906347 -21.848404 51.365230
-29.032489 -14.692138 50.261752
-33.301953 -5.547932 43.763033
-33.681299 -10.238994 43.927418
-28.835844 -41.618362 39.768369
-30.670911 -36.600570 33.131016
-31.073248 -34.605822 30.869443
-28.514078 -56.377075 35.082901
-27.893838 -51.347094 34.203097
-28.003691 -37.575130 30.803751
-28.071684 -5.946162 29.646549
-30.138924 -10.852360 21.185509
-28.978315 -51.780417 18.136973
-29.347876 -3.989256 19.253213
-29.354276 -14.149635 18.843968
-29.051442 -48.641604 9.692420
-32.905979 -64.232642 12.265647
-34.230605 -60.458349 12.044404
-34.682269 -64.185235 7.621918
-29.048448 -55.414922 3.570823
-29.889363 -56.366265 -1.531091
-34.066874 -20.889388 -8.225987
-30.958232 -59.601948 -5.590049
-30.895894 -62.664547 -6.692537
-28.952702 -67.312293 -9.423583
-32.414960 -65.272413 -13.487741
-33.691635 -61.068560 -12.492582
-31.583396 -11.935781 -11.018525
-32.251740 -18.990247 -12.518140
-30.548972 -53.638811 -12.623076
-33.342928 -12.128961 -17.225705
-30.059022 -55.364202 -14.332829
-31.271191 -59.739271 -15.723530
-31.327308 -63.454727 -15.810658
-34.159931 -13.736420 -20.163012
-32.177382 -28.197058 -23.087100
-33.191650 -56.483740 -23.268211
-35.052746 -68.955363 -27.330210
-33.824959 -27.047883 -25.353637
-35.295614 -32.766018 -34.968472
-29.666853 -41.066908 -30.612051
-37.986294 -49.422974 -36.557975
-36.271555 -66.464627 -33.852854
-35.405008 -55.736648 -40.483463
-34.043862 -66.960574 -38.790171
-33.611759 -39.841978 -38.361045
-33.028533 -62.990176 -40.221553
-35.975382 -62.598133 -41.249196
-26.258493 -24.465762 54.293411
-29.024507 -29.454567 49.117234
-28.412602 -34.482996 50.886302
-29.199179 -4.543961 46.180399
-30.091916 -26.590888 44.398378
-29.333798 -4.224923 40.675598
-32.646780 -8.395534 39.054933
-26.563539 -31.087849 44.366572
-29.071075 -38.710685 41.911089
-28.501433 -37.883983 39.318681
-27.606616 -27.009269 39.643659
-28.242229 -46.916221 42.799443
-27.616234 -6.147207 35.396160
-32.387224 -9.100131 36.512510
-29.349737 -37.041755 35.783693
-26.942874 -53.230280 33.908948
-28.118000 -38.275777 33.254645
-29.301284 -14.670177 31.020047
-27.705777 -50.488009 32.448526
-27.626696 -12.482753 30.733931
-28.067736 -8.813358 23.352444
-31.308015 -3.143077 15.473551
-33.673385 -6.970244 5.674322
-31.506849 -5.931228 0.718245
-28.197632 -55.520525 -5.541513
-32.262146 -11.575715 -9.091876
-31.856917 -18.441794 -10.059893
-32.604872 -7.624440 -6.690358
-30.751301 -65.104071 -7.150502
-31.642161 -67.597698 -11.251481
-28.411185 -67.776888 -12.650417
-31.117764 -14.735882 -11.752307
-28.804440 -66.928358 -18.559486
-33.381420 -15.172793 -22.100521
-32.676756 -70.550234 -22.608132
-33.610973 -60.328330 -24.788899
-33.680115 -53.087054 -22.046881
-34.178493 -68.184396 -29.576729
-32.141008 -30.983581 -23.194626
-32.929849 -47.576813 -30.836345
-36.959706 -49.810343 -33.812960
-31.567235 -61.095194 -30.485104
-34.577348 -67.944078 -33.992320
-31.679307 -63.766232 -39.362235
-31.429327 -58.573278 -39.747529
-32.403212 -69.139549 -36.397798
-34.631240 -47.836190 -41.140968
-36.416697 -51.831911 -41.795805
-29.096543 -10.443411 61.776973
-29.173985 -10.449609 60.164531
-28.261587 -13.072422 62.764714
-25.215456 -30.205009 54.346173
-26.877298 -38.084180 50.046135
-27.941341 -39.705851 48.687143
-27.427306 -33.053953 47.603423
-28.124267 -40.591158 45.098416
-27.552434 -4.278118 43.818120
-26.724370 -44.283405 40.998482
-29.307133 -8.725346 33.258321
-31.705137 -11.270982 33.523819
-27.535604 -40.382445 36.777421
-25.909095 -54.319992 32.307925
-25.884455 -59.134547 29.662941
-26.676500 -50.558528 29.665710
-30.118192 -58.351186 26.496088
-27.652343 -4.759693 27.366746
-31.106177 -57.886029 14.588944
-31.830310 -62.885993 15.720522
-29.581522 -3.239724 12.488099
-32.797783 -56.769603 10.230449
-33.672893 -60.248942 7.461758
-30.697859 -66.763331 7.657872
-31.268000 -66.989829 5.396663
-34.022402 -64.348436 2.963329
-32.250521 -64.707716 -3.529642
-32.482588 -66.881408 0.499755
-30.295405 -6.651824 -3.427611
-32.383809 -14.113838 -8.201612
-29.699727 -63.252874 -7.845684
-30.938075 -62.064159 -14.380272
-29.947046 -10.974635 -12.896891
-30.114647 -16.351877 -13.526765
-27.951072 -16.621131 -14.918444
-27.426247 -55.987870 -17.193337
-26.488738 -62.636660 -19.200461
-29.356985 -30.325378 -23.749873
-31.464223 -18.259446 -24.037168
-30.344628 -25.895634 -23.282091
-29.474263 -28.519296 -22.374211
-33.623874 -62.793739 -28.090531
-30.591662 -56.470048 -28.436325
-33.863634 -65.728141 -32.100324
-30.237839 -60.112713 -37.600457
-34.199714 -35.756306 -37.556154
-29.948595 -66.018354 -38.355316
-35.547479 -45.548613 -39.000073
-33.372013 -51.964418 -43.729740
-26.090293 -13.456394 64.591951
-25.800946 -9.114920 63.026764
-28.228944 -17.046714 61.902410
-29.593040 -12.337623 57.545099
-28.861845 -15.548988 60.012104
-27.686752 -9.020967 59.687142
-26.068314 -31.876479 49.012913
-25.165014 -4.378609 49.010852
-25.158176 -34.767639 46.876560
-22.752073 -28.795752 45.191472
-24.762601 -5.375616 41.272106
-24.776637 -8.607894 40.480263
-26.535285 -26.699310 42.704828
-25.671087 -29.307821 42.189545
-26.001646 -49.415846 42.131687
-27.838146 -36.672320 33.062246
-25.912128 -40.190616 33.456170
-24.473141 -55.636982 29.957483
-26.569447 -9.088516 27.761265
-26.933486 -59.391343 25.206884
-24.181826 -51.765345 27.936144
-27.703040 -6.935432 25.258415
-30.635220 -60.216903 20.661322
-31.055718 -61.089372 18.633610
-29.151196 -63.873908 19.292564
-27.913190 -9.620647 20.194185
-30.887419 -54.639738 9.163232
-30.009074 -65.760551 10.682718
-31.092132 -59.764652 6.186774
-26.570329 -66.833971 7.627774
-32.891480 -61.980986 0.452328
-30.659993 -67.556107 1.740781
-32.099265 -66.463379 -4.218550
-28.518412 -66.824094 -6.601711
-27.213195 -59.446654 -7.571627
-28.044368 -64.283078 -8.383494
-29.314796 -14.038848 -12.234282
-31.100892 -12.440916 -17.949169
-27.534289 -27.063636 -21.484463
-30.670360 -13.839149 -21.064966
-28.504120 -69.506845 -21.263402
-30.425502 -71.563374 -27.334739
-30.728711 -28.445753 -24.809953
-30.640738 -65.099605 -30.732546
-33.610027 -25.982875 -31.643842
-31.531306 -30.366186 -34.939718
-31.696596 -64.594878 -30.991956
-31.066715 -66.933471 -31.852611
-31.553188 -32.944380 -36.856110
-30.068100 -40.736707 -35.036539
-31.394471 -34.867441 -38.375549
-34.719956 -46.387343 -34.272612
-30.474802 -39.434044 -38.835022
-26.945089 -18.979560 62.800565
-27.618138 -17.243949 57.816911
-29.051501 -14.145562 56.305504
-28.581484 -9.758443 55.966210
-28.646336 -11.433066 54.594574
-25.191310 -27.584095 54.698183
-23.494226 -26.798371 54.295636
-26.485170 -32.124769 50.834685
-26.596879 -30.381815 47.631228
-24.928418 -37.279936 48.174142
-25.276812 -40.589777 46.949024
-25.253980 -10.777283 42.186411
-24.013698 -10.751984 44.465386
-24.161399 -41.191202 44.758687
-26.669601 -41.722433 41.302986
-27.746026 -51.701159 38.364945
-24.861890 -44.350982 37.157347
-27.795449 -51.376635 35.090486
-24.390775 -11.388339 33.685256
-25.056300 -42.509361 33.977713
-22.784239 -58.503852 25.906453
-23.517327 -50.340263 25.223077
-26.162637 -11.627107 25.462759
-25.681962 -57.420473 23.258795
-27.791588 -55.167700 20.431240
-28.365741 -61.646270 23.033692
-27.819156 -58.353267 22.318132
-28.685387 -51.400970 12.685403
-28.655829 -3.444518 9.607280
-31.487662 -57.357530 8.135308
-30.707823 -3.912314 6.505005
-30.376636 -59.480030 4.564758
-31.203044 -59.989849 1.279432
-27.474639 -67.972813 3.094888
-28.044620 -68.272458 -0.513587
-28.870212 -60.297881 -5.398046
-31.372408 -61.155782 -2.749830
-29.537372 -68.143042 -2.819863
-26.764480 -6.266556 -1.365150
-28.742338 -8.708419 -8.588348
-30.594050 -11.652952 -9.309189
-31.543332 -57.238971 -12.726161
-28.127496 -64.102882 -16.254874
-27.061330 -12.346912 -14.299305
-26.034514 -15.062180 -15.578950
-28.589804 -12.371396 -18.499543
-28.041949 -57.605540 -18.663515
-29.592148 -58.296070 -27.768788
-32.490918 -22.226412 -28.713712
-31.413654 -70.551178 -30.400759
-31.449218 -67.536178 -31.349949
-31.913267 -24.141946 -31.427317
-31.748806 -42.122629 -36.273824
-27.623727 -60.873341 -37.855299
-29.665804 -69.889733 -33.989090
-36.570491 -46.352134 -35.867086
-28.127186 -68.922255 -37.728299
-31.359922 -43.148305 -39.027136
-23.385494 -9.673952 64.895134
-24.116832 -14.022656 65.817192
-25.000637 -19.570929 64.994251
-26.610797 -20.482864 60.824790
-23.536330 -23.067078 63.451405
-23.746345 -7.955360 57.659264
-25.357703 -23.029117 59.532727
-25.635306 -19.918342 55.873164
-28.117175 -16.685048 52.738533
-23.005690 -23.325905 53.512589
-23.342370 -6.092438 43.384749
-23.649499 -36.160408 44.239878
-23.650646 -32.497350 42.604126
-24.040509 -30.154721 41.975991
-25.341288 -47.031481 42.243162
-24.564388 -52.393719 40.918038
-24.845621 -25.958458 38.379226
-24.556236 -28.129277 39.376176
-26.621140 -40.003286 38.890124
-23.177691 -46.956635 37.535162
-23.474721 -27.710955 36.695567
-27.054357 -53.521670 35.847125
-25.641216 -54.325114 38.565811
-24.049152 -41.312736 31.034603
-22.852516 -54.536376 27.062842
-24.045565 -10.854290 28.908869
-25.957974 -12.011505 21.802426
-26.446649 -62.152528 23.866030
-29.368453 -57.060314 19.036143
-26.731419 -64.034742 21.105095
-27.523261 -8.124506 20.787729
-28.764617 -3.024456 16.710369
-26.462857 -64.981840 17.913116
-28.853707 -55.200929 15.174826
-27.352788 -66.486733 12.700258
-30.311965 -52.292312 9.754403
-29.532478 -51.536244 7.154412
-29.312321 -56.068034 6.843706
-27.526415 -5.039263 2.740673
-29.427802 -14.412726 -10.165931
-22.060275 -59.828948 -9.744387
-28.880646 -15.883802 -12.587693
-24.231417 -65.357887 -10.780853
-29.233445 -58.833096 -14.935232
-24.026711 -11.501170 -15.851716
-28.359413 -31.468891 -22.618757
-25.356002 -59.793064 -19.772211
-29.166583 -62.277805 -29.488374
-31.459123 -23.566898 -25.626569
-29.794711 -45.238790 -29.530662
-27.655107 -69.069927 -31.461566
-30.795088 -27.109140 -33.434285
-28.034871 -60.495222 -29.246420
-28.598795 -63.495111 -30.041931
-32.065244 -44.346044 -32.252698
-31.142987 -47.255920 -41.118995
-22.251260 -14.639676 65.463481
-23.103946 -7.648391 62.311587
-20.762748 -7.576945 59.960727
-19.958960 -10.693077 55.954066
-22.461682 -4.718424 50.840914
-25.581519 -19.760086 50.264040
-23.186645 -32.895007 50.102282
-21.685723 -6.348129 45.902326
-21.259085 -13.051092 43.002017
-22.206233 -36.752994 41.278318
-24.021658 -43.761136 41.815222
-22.719370 -31.174925 38.351815
-24.829156 -42.773927 37.655783
-25.789141 -39.793341 36.267125
-22.194275 -49.139510 39.917416
-22.853752 -53.897912 40.070453
-25.914698 -55.545537 35.341230
-25.059727 -39.629528 33.260877
-25.020234 -56.279771 32.244944
-25.007435 -14.551819 31.091926
-21.933348 -46.418361 33.408334
-25.491668 -53.674674 31.811047
-26.096931 -14.151122 19.452159
-24.509558 -59.172045 24.747658
-23.598203 -63.479047 22.215315
-27.818576 -53.442596 18.045246
-23.454733 -65.421585 18.953778
-27.998559 -53.586145 15.221398
-25.945909 -66.185321 14.805181
-23.629818 -66.296933 9.078735
-25.088293 -4.346727 8.815706
-22.129323 -64.594574 7.040239
-24.333118 -65.131068 7.782710
-23.977156 -67.401620 5.206236
-22.723553 -65.643217 2.351597
-22.871744 -68.337222 -0.968196
-25.420201 -68.526212 -2.210687
-27.449862 -58.201287 -5.979116
-26.101717 -7.959538 -8.083820
-24.240950 -58.675839 -6.838673
-25.912095 -67.652605 -12.592145
-26.935460 -66.358453 -15.145529
-24.679120 -66.349560 -14.334171
-27.823741 -58.497115 -16.460829
-27.093738 -61.767267 -17.293485
-25.386921 -64.260512 -16.791849
-24.802818 -56.261252 -19.059554
-27.893976 -18.808184 -25.246428
-30.002289 -25.810333 -24.484696
-28.285177 -22.470780 -31.406850
-28.306573 -26.056545 -33.213296
-28.695008 -30.062401 -35.199503
-26.152829 -62.378135 -37.647100
-27.606971 -66.589738 -31.395797
-28.634512 -38.456954 -40.042412
-33.222008 -55.980229 -43.329234
-31.348405 -54.650754 -45.313604
-31.947244 -49.825542 -43.229903
-21.862732 -17.382954 64.657723
-22.815763 -26.632464 57.746646
-21.083687 -12.093304 54.518688
-25.338041 -20.059946 52.833777
-20.710163 -13.887312 44.975106
-22.289003 -39.751184 42.780995
-22.985680 -32.633563 39.770392
-21.457835 -34.664483 37.479579
-21.916289 -44.815135 40.243861
-23.302574 -6.591572 37.794162
-23.183907 -44.036140 35.564447
-23.739546 -56.765469 35.905637
-21.216714 -52.727313 23.294831
-22.303504 -49.558976 23.290576
-21.399922 -60.808804 23.476628
-25.639302 -3.631657 19.391222
-25.181045 -7.868146 20.062702
-24.981805 -12.243269 20.003675
-25.129817 -2.802446 13.757752
-23.133002 -67.148177 12.563772
-18.736661 -61.550371 8.791804
-23.847269 -7.086212 5.951652
-21.483331 -62.887632 1.609310
-25.074410 -5.574590 -0.216128
-24.257936 -7.366413 3.279911
-21.704566 -65.996292 0.610178
-24.172217 -56.253883 -5.874686
-23.598511 -6.737014 -5.146364
-24.727014 -60.734783 -7.088355
-24.755257 -65.149055 -8.014800
-27.507275 -12.436374 -10.320888
-25.285254 -61.780486 -18.009156
-26.102813 -22.250515 -25.205168
-24.849844 -62.217139 -29.001879
-27.995003 -72.340751 -26.713310
-28.001793 -19.564728 -26.583271
-25.943051 -27.820581 -24.326870
-27.118170 -31.752203 -37.503045
-27.626585 -40.991539 -37.648759
-28.190896 -47.589278 -39.433271
-27.615856 -35.017309 -39.304663
-26.936173 -44.974537 -40.264608
-30.522772 -58.317923 -41.859374
-28.847342 -47.741982 -43.955757
-29.512142 -57.771387 -43.963065
-26.805963 -51.040617 -46.656348
-21.624462 -19.559777 65.407346
-20.556029 -17.216851 61.569075
-19.559637 -14.151651 64.133320
-21.492039 -27.414572 60.113743
-22.419352 -28.801790 56.251532
-20.929894 -7.808093 54.604894
-20.020961 -9.755644 50.632785
-21.021554 -12.926603 51.617558
-20.631849 -31.646574 53.043726
-20.136252 -13.278445 48.289809
-20.428619 -7.243578 48.432825
-21.025163 -11.523180 47.101277
-22.418077 -31.419686 47.364706
-22.028488 -42.365375 42.265736
-21.468694 -9.442304 43.081830
-20.373264 -40.314353 40.448308
-18.264217 -14.218719 41.087460
-22.717589 -45.700034 38.452208
-18.918186 -51.988301 39.444829
-19.477661 -55.814986 38.674544
-21.485113 -31.990623 34.683813
-19.706998 -50.125396 36.395742
-20.841339 -29.062403 33.246468
-21.721893 -59.803312 31.351816
-26.422745 -3.678993 25.576620
-17.399008 -58.718521 20.634239
-22.746772 -66.188541 16.127214
-20.247960 -58.011551 8.585393
-21.055877 -66.496573 8.911664
-22.186717 -6.328720 9.914061
-20.373908 -55.310659 6.520926
-20.625569 -58.977034 5.725182
-20.555083 -60.568151 3.262045
-24.787682 -8.326159 -0.895937
-22.996556 -69.492579 -3.433373
-23.421889 -69.075141 -6.176441
-22.986613 -67.097982 -7.863087
-22.474097 -7.793304 -7.942692
-23.467264 -10.094598 -9.911253
-24.701283 -11.612883 -11.759119
-21.445703 -63.102962 -12.907888
-21.904113 -62.916954 -15.857571
-24.209621 -58.788332 -19.204058
-25.765170 -12.672309 -19.528563
-26.887831 -16.020411 -24.919700
-24.301689 -66.320135 -30.756245
-28.863430 -21.096017 -30.210137
-25.064857 -69.307068 -32.957709
-25.337845 -70.593076 -35.735771
-24.989583 -47.029597 -38.241871
-25.535990 -47.511755 -40.265460
-25.112659 -41.744593 -40.424479
-25.713471 -67.340953 -39.137526
-27.385101 -60.076665 -40.627592
-27.428674 -58.470089 -43.180558
-20.074453 -10.674213 65.737411
-19.696224 -22.645369 64.563859
-20.341749 -25.104391 62.804891
-19.915064 -17.661564 59.248173
-20.461404 -30.943593 56.601002
-19.748938 -7.515323 51.274281
-18.028898 -12.476776 50.954578
-20.961558 -41.165188 49.132698
-19.222963 -43.930091 49.609081
-21.734008 -43.802794 47.391039
-21.233402 -26.828667 41.957457
-19.362035 -37.439877 36.966392
-20.073016 -58.007998 35.747024
-21.375085 -3.235732 32.548819
-23.658015 -3.755432 35.771807
-25.489669 -5.590139 34.213615
-19.571713 -31.325108 31.597137
-26.581979 -7.423194 26.899548
-27.501138 -7.282172 24.355176
-25.660306 -3.891200 22.743358
-26.411866 -9.374044 21.819908
-20.385693 -52.896053 20.823850
-19.503684 -56.268676 19.711950
-22.381289 -64.985673 20.215241
-24.266220 -3.531892 17.742430
-20.318705 -52.371352 8.568394
-18.969308 -54.040559 5.939634
-23.720715 -53.788727 -4.915372
-21.937759 -9.064038 -4.417234
-22.005766 -54.714510 -7.318455
-19.791295 -27.759517 -14.818296
-22.623118 -61.252496 -19.097909
-25.738589 -24.060407 -22.780747
-24.179469 -27.740088 -24.274724
-25.494492 -72.605610 -20.591264
-24.773288 -73.549259 -25.199832
-24.497011 -73.071674 -28.198323
-25.282423 -18.687636 -28.199681
-27.224607 -19.530035 -29.408250
-26.976152 -28.689713 -36.098279
-23.088100 -59.173906 -37.807505
-25.138335 -69.144442 -38.688286
-25.588554 -33.232189 -39.341084
-24.183992 -58.898023 -41.997648
-26.791415 -55.016382 -45.834507
-28.353587 -56.181577 -45.725476
-20.445422 -7.906649 63.295565
-18.096857 -19.003914 63.699107
-18.766337 -16.452018 59.769098
-18.518259 -19.282159 59.255912
-20.141529 -30.369659 58.534922
-19.838068 -37.064416 52.098623
-21.679486 -38.532097 47.128542
-18.958980 -30.126277 50.572229
-20.503742 -45.723049 48.071004
-21.628363 -40.604503 46.233936
-20.978825 -46.071617 45.170822
-19.629625 -8.010698 42.135317
-18.875375 -42.278751 38.832562
-20.975248 -27.165539 36.980048
-19.087997 -45.420699 39.015004
-17.486621 -14.625048 38.387439
-17.372345 -34.459957 30.884230
-23.282487 -3.668657 30.468485
-25.733644 -4.894548 29.675911
-23.087078 -56.879990 28.546325
-22.249850 -53.975876 27.123666
-20.224613 -61.950961 26.515562
-21.787794 -52.712925 25.192709
-19.693423 -53.767368 18.503656
-17.328501 -51.146026 16.791533
-19.960536 -66.267589 17.634349
-21.962387 -3.055838 13.691083
-19.144111 -55.592765 9.386581
-18.119388 -48.936752 7.061385
-21.242259 -58.074529 -7.912029
-19.936944 -10.056127 -6.780328
-18.938570 -53.746414 -8.979905
-22.272016 -31.370120 -16.436253
-24.550953 -71.373371 -16.713564
-23.564379 -66.838764 -15.832104
-24.058873 -22.076419 -24.324916
-24.432382 -14.346716 -24.320883
-21.506441 -69.202244 -33.638558
-22.975354 -70.798908 -31.657463
-25.397945 -21.119017 -32.242624
-21.459075 -65.717123 -31.560290
-25.876842 -23.696474 -33.697602
-24.569346 -27.214620 -36.564193
-22.443017 -31.537092 -39.305329
-22.031194 -66.339566 -40.147451
-24.858388 -37.905097 -41.851867
-22.619278 -37.020099 -42.349083
-27.211774 -46.939994 -41.991056
-21.671300 -55.721779 -43.976201
-25.563109 -47.602907 -46.108758
-23.783615 -51.062660 -46.662446
-16.565246 -27.490693 60.802983
-17.575165 -17.880730 57.166350
-18.229282 -34.695287 53.770456
-20.765011 -35.337946 48.984582
-19.834202 -33.931336 47.919537
-21.075029 -33.535527 44.575109
-17.191551 -28.092964 47.062256
-20.129733 -38.255580 43.411984
-20.285167 -44.350959 43.253500
-20.055227 -28.726031 41.294151
-18.218762 -9.307620 42.732721
-17.886294 -39.975732 35.452642
-15.574525 -53.763556 37.336215
-19.170893 -3.777330 35.631167
-18.296545 -58.960952 33.676732
-18.830589 -59.775162 32.074030
-16.630578 -31.860343 27.951702
-25.403083 -7.845528 30.679289
-21.374218 -56.191927 25.557686
-22.015680 -57.422876 26.229529
-21.262145 -60.520018 25.072026
-23.156007 -4.126238 26.743409
-20.143126 -52.597282 21.054481
-20.188681 -50.222198 19.095408
-20.257356 -66.778785 14.617858
-17.530994 -57.822593 9.151521
-18.804019 -67.095890 12.403042
-18.992722 -49.723623 5.761907
-23.422525 -6.367407 -0.408019
-19.615430 -69.471336 -3.965857
-21.374443 -12.283295 -10.865957
-18.263369 -13.367636 -8.703249
-20.351264 -33.856705 -15.623847
-19.319477 -26.669319 -13.794730
-23.025775 -32.846239 -15.735269
-21.208274 -36.330406 -19.711210
-20.060632 -31.804291 -19.832471
-21.280894 -72.842373 -20.782018
-24.345089 -17.770336 -26.094611
-23.619291 -19.370783 -26.944153
-20.934336 -24.243901 -28.065807
-23.575874 -18.893325 -30.348400
-20.471778 -53.859261 -35.010214
-21.218630 -45.202456 -37.895219
-23.878465 -63.705912 -39.740332
-22.231671 -69.955715 -37.772512
-20.518267 -57.847602 -36.474654
-19.696771 -55.626426 -38.633152
-24.676687 -46.088834 -44.161498
-17.625302 -20.840993 64.769533
-17.575277 -7.943458 63.379928
-15.458603 -13.873281 64.159025
-16.430920 -25.174989 63.382425
-17.184017 -15.066170 62.158274
-16.346166 -19.220122 61.310021
-15.934311 -6.882143 59.627747
-17.985304 -29.945301 57.022860
-16.047603 -18.767097 55.308671
-17.725575 -36.998760 54.042712
-15.514788 -45.418209 50.580544
-18.284039 -30.854638 45.911469
-19.136951 -48.226322 45.171351
-20.120766 -42.364369 43.471935
-20.366361 -31.286287 43.983346
-19.988836 -35.542910 41.554638
-21.075554 -32.230479 41.702393
-19.756566 -34.021659 38.945513
-20.488575 -31.538079 38.350893
-20.611343 -29.074109 38.206620
-16.454464 -44.800671 37.037626
-17.508905 -11.675440 40.383931
-20.002405 -4.814931 39.356804
-17.321159 -57.250158 36.444800
-15.893091 -14.960588 36.916464
-16.375285 -37.934110 30.999780
-19.242380 -58.650774 22.686318
-20.493974 -59.679231 23.855011
-19.493482 -61.524701 24.011419
-18.501063 -4.471636 25.278544
-17.523227 -56.809823 20.716615
-21.382208 -3.008493 23.530212
-21.940973 -2.788513 20.005587
-18.467910 -63.049541 22.163486
-18.911264 -60.533264 21.944460
-15.129480 -54.310498 17.807550
-18.704768 -3.527303 14.390950
-16.620287 -57.312791 10.608090
-20.126142 -8.338722 12.049054
-16.875656 -64.380385 8.896592
-21.116263 -4.655852 8.017048
-16.635536 -46.039060 3.914676
-23.067177 -6.003157 2.487798
-17.017286 -49.588229 3.412090
-18.165213 -51.317914 5.348791
-20.390537 -65.588326 2.130435
-19.015322 -68.633587 0.480969
-21.945414 -7.409411 -2.576975
-18.571224 -64.353621 -6.822627
-18.722509 -17.537401 -12.751511
-18.639758 -50.754112 -10.291958
-19.783480 -15.680151 -13.337570
-20.870470 -12.899693 -14.131715
-18.324249 -33.955627 -16.512506
-22.562658 -71.364799 -14.554787
-17.955764 -27.648805 -17.400235
-22.113539 -63.932991 -17.975964
-22.165933 -12.382166 -21.610710
-22.317919 -73.569452 -24.296417
-20.081594 -73.196014 -27.523195
-22.592766 -30.914827 -26.466759
-21.557288 -22.174037 -34.923893
-20.694140 -33.301860 -39.340597
-19.302418 -35.439944 -36.698182
-21.298802 -61.208239 -38.989143
-19.045202 -36.528212 -40.975413
-22.020372 -46.881510 -40.768384
-22.385731 -40.121598 -43.008253
-20.695140 -46.914622 -45.534525
-15.175654 -20.137753 59.252027
-15.794833 -16.506284 58.829026
-15.694940 -27.425701 57.904803
-14.024748 -20.733037 56.372257
-15.504604 -19.522901 52.721949
-15.796912 -31.941528 54.298799
-17.665078 -38.863156 51.656566
-17.605106 -32.785515 50.622387
-17.327374 -40.960468 50.437112
-17.063498 -48.012984 47.771207
-18.146873 -40.247913 41.008813
-16.155209 -12.094575 42.216274
-17.968441 -46.000689 41.558773
-19.032431 -30.957309 34.225890
-16.823658 -9.188447 37.945940
-17.684287 -5.896138 38.364622
-16.896316 -6.991433 35.327794
-15.749676 -13.050743 34.246824
-15.364709 -43.553837 34.106684
-15.377562 -56.743063 34.025959
-15.933119 -40.462216 28.513938
-14.837600 -56.321526 30.158624
-16.233344 -35.149477 26.363690
-17.783916 -61.652172 29.122517
-15.832990 -40.240154 21.726053
-16.789377 -38.105051 25.131113
-15.884118 -41.885400 24.881833
-15.599331 -63.100480 26.195535
-16.092890 -36.610928 22.461695
-17.290091 -61.775458 23.078840
-17.866448 -65.831235 18.231224
-18.088058 -66.875863 14.296546
-16.378685 -5.767458 14.578397
-19.918326 -5.393135 12.421104
-18.316666 -51.614377 8.100480
-17.745521 -58.403568 4.245636
-18.241604 -67.675466 -5.874363
-21.279172 -9.969772 -16.620420
-20.039853 -73.099418 -18.721849
-22.345003 -11.125129 -19.067936
-21.659160 -15.196974 -25.814287
-18.184011 -32.953104 -23.223071
-19.384677 -13.054702 -24.085416
-17.840478 -71.439312 -22.173158
-17.921758 -72.480704 -25.482976
-21.885453 -19.052824 -30.111059
-22.765110 -20.340647 -33.022580
-18.844965 -54.281002 -33.463445
-21.870970 -26.585622 -36.903371
-21.871219 -42.127658 -41.857020
-19.054306 -65.964098 -40.326595
-20.038063 -69.677492 -38.587788
-15.386872 -21.278598 64.039704
-15.677666 -6.226719 55.129960
-17.177960 -9.141324 54.129393
-14.834938 -27.837900 53.524936
-14.020859 -35.391313 55.695725
-14.394073 -37.706803 52.461418
-12.295299 -44.385616 51.543657
-15.504637 -41.381992 51.826674
-15.256949 -38.578121 51.033253
-17.374225 -12.586942 46.706329
-16.275217 -50.733859 44.800495
-17.376891 -28.372509 44.063703
-15.714402 -51.958644 42.331349
-16.203090 -48.523975 39.662534
-16.714300 -42.276550 39.342336
-17.128439 -37.306763 37.504568
-15.372785 -47.070042 36.785781
-15.204664 -49.274670 36.153607
-16.484777 -10.886292 37.730557
-15.356724 -10.757195 31.655554
-14.510009 -14.455437 33.438233
-14.996521 -45.226171 30.340891
-16.526201 -4.268423 33.314815
-14.040931 -53.315790 30.950213
-16.265834 -3.250815 31.323522
-21.220761 -3.502638 29.127405
-14.454429 -47.018211 27.222619
-15.043157 -44.586742 26.025478
-13.406493 -45.589084 24.285854
-17.659559 -53.662883 18.813826
-17.552310 -2.773989 18.607869
-15.559757 -63.170029 22.108358
-17.214741 -7.911741 14.039430
-20.708324 -4.634281 10.932205
-20.664292 -4.340368 5.594446
-16.659855 -44.746829 0.536201
-21.091829 -4.606660 3.557320
-14.528883 -53.170085 1.706809
-16.868749 -64.610985 3.685457
-16.028856 -67.445472 2.348513
-16.211879 -43.735637 -1.874879
-16.477191 -47.406739 0.714030
-15.810239 -68.336626 -3.566993
-15.384047 -59.330238 -7.021747
-18.942887 -61.235698 -7.640147
-16.550144 -53.427561 -9.924240
-18.054302 -19.164918 -10.402301
-16.117280 -53.507033 -10.599922
-18.192863 -56.243489 -9.609136
-19.617276 -72.564665 -13.068779
-17.887202 -37.393306 -21.061937
-21.203260 -65.965637 -15.492196
-20.936353 -17.691825 -26.152093
-21.874908 -21.301531 -26.230617
-20.923263 -24.656578 -27.936116
-22.655137 -26.289222 -26.113401
-18.417847 -37.460889 -23.902204
-15.765805 -68.665977 -22.658577
-19.176882 -34.976522 -24.084415
-15.804964 -69.930551 -25.420258
-18.570515 -72.083602 -31.679205
-19.769196 -19.324376 -31.607908
-18.740318 -22.645549 -29.658423
-16.967136 -43.218695 -37.116880
-17.493035 -38.971850 -37.001763
-18.940868 -70.399124 -35.200706
-18.892999 -39.364183 -42.438727
-14.467025 -8.875324 63.525615
-14.053587 -24.319898 63.806200
-13.952774 -20.226390 60.875967
-12.290818 -28.425081 58.739713
-13.640557 -28.091200 54.983533
-16.912791 -10.873640 52.544361
-15.603676 -30.814445 51.621929
-12.426290 -19.175568 51.450424
-14.922374 -49.051327 47.220225
-13.171837 -51.331270 44.817750
-16.446561 -34.889481 34.319055
-17.327969 -30.875029 31.490160
-13.704129 -52.082885 33.667904
-13.938442 -12.823470 31.543331
-14.161785 -48.645219 31.149717
-13.757006 -51.252454 30.733052
-11.568290 -49.537667 28.676878
-13.759348 -6.607177 31.974381
-12.812398 -12.767327 28.649187
-13.876242 -53.496381 27.761563
-14.616043 -61.211849 30.279201
-14.080052 -61.367448 23.211363
-14.740482 -56.119238 20.190278
-16.244532 -65.598915 19.679173
-13.510901 -66.826407 12.200676
-18.736829 -2.692293 3.340297
-15.055526 -45.412246 1.035016
-16.615710 -56.245441 3.455595
-17.734592 -1.585562 1.498633
-18.347521 -2.377262 -0.943126
-20.648400 -4.826812 0.453393
-15.012147 -50.039398 0.873942
-13.920646 -61.789830 2.322462
-19.589298 -6.414367 -3.050512
-15.272388 -68.638599 -0.798296
-17.479322 -2.901062 -3.118676
-16.269153 -62.556617 -6.008880
-19.642268 -71.393235 -9.634693
-18.930729 -64.536449 -9.462734
-21.239657 -69.540507 -9.742831
-21.518274 -67.319518 -12.238657
-22.505434 -70.389821 -11.853782
-18.206050 -33.028738 -18.491839
-18.766316 -73.160157 -17.260055
-18.648759 -24.132300 -16.277523
-20.152310 -11.507468 -22.105026
-17.056112 -29.799061 -20.839881
-15.961692 -31.953858 -24.183506
-15.255710 -66.065878 -24.496222
-15.796254 -71.717573 -29.793275
-16.302526 -53.230672 -32.611426
-17.007969 -25.503741 -30.886297
-18.248800 -41.849882 -38.815934
-19.257914 -42.829768 -40.228856
-19.041391 -45.923441 -39.610886
-20.332717 -45.163427 -43.002265
-12.418647 -13.298352 65.131070
-11.511565 -22.559302 63.073547
-12.722596 -16.306167 62.406354
-17.071271 -9.249826 51.177073
-14.714218 -4.947179 50.848548
-17.118324 -7.094371 49.906435
-13.458989 -20.917654 52.401179
-13.110119 -39.778392 52.798647
-16.678366 -10.523894 49.613596
-12.563262 -21.073111 49.225462
-15.840808 -5.103590 46.298626
-17.236575 -9.533185 47.425227
-11.851578 -47.456214 49.433916
-17.248267 -8.592757 44.474482
-14.257797 -50.439118 37.309890
-14.768158 -43.941364 37.235002
-15.531958 -37.662138 33.458203
-14.815959 -32.768469 29.916521
-16.433515 -2.740459 28.077031
-15.681018 -3.339774 23.866702
-12.372170 -57.841131 21.350761
-13.435804 -41.325890 21.694899
-14.199763 -66.852584 16.623232
-18.080433 -4.840589 13.044273
-16.080039 -3.623688 10.653379
-17.213034 -53.074973 5.625720
-13.621699 -55.517134 1.085478
-12.742777 -64.075634 1.829033
-13.553615 -42.222405 -3.231644
-12.765290 -66.646956 0.519458
-14.067720 -66.690780 -4.042065
-14.637761 -49.092280 -1.425065
-14.434712 -47.636542 -3.524222
-14.535170 -41.784664 -4.410025
-16.048375 -8.492780 -6.898160
-19.331730 -22.122143 -11.761338
-17.833190 -68.695706 -7.755933
-16.224269 -60.708760 -8.650728
-17.347267 -70.941164 -8.380146
-19.685719 -14.577371 -16.028776
-17.392905 -35.671720 -17.951648
-15.936937 -72.130721 -19.603097
-19.923630 -11.239689 -18.430292
-17.240340 -21.971975 -19.667938
-18.207028 -12.455349 -21.528038
-16.020644 -24.039003 -20.823575
-15.968255 -27.341705 -20.416173
-19.049692 -15.723756 -26.862080
-19.715411 -19.153232 -27.532331
-15.787426 -41.450229 -33.755377
-15.070885 -56.816954 -33.821014
-17.251261 -22.977931 -37.429175
-17.401406 -62.407884 -39.310415
-17.275643 -70.723272 -36.677846
-20.800636 -51.488417 -45.846293
-11.506200 -8.903969 62.513282
-12.275436 -25.924597 62.425594
-11.465033 -21.657971 60.137623
-12.219948 -32.453112 57.918442
-10.875710 -5.823903 53.000055
-13.564738 -17.826679 55.293546
-11.238363 -21.916778 54.482995
-11.777557 -20.853252 45.896487
-12.045144 -39.547092 44.730538
-11.617994 -37.639393 44.885701
-14.013520 -4.097763 42.457533
-16.419026 -8.485063 42.058936
-13.137886 -53.959145 41.138507
-14.877322 -12.698885 38.710958
-12.705002 -53.899695 36.935432
-14.029161 -43.544412 34.720903
-15.168200 -40.878645 34.468169
-15.128553 -36.488611 23.780128
-14.051958 -58.682343 20.624354
-12.194789 -65.336019 20.930122
-13.807061 -66.369580 19.035336
-13.354102 -62.209520 9.286209
-15.852774 -3.137898 7.980877
-17.488891 -58.475719 6.376330
-15.713725 -47.254847 5.092812
-14.303922 -50.020842 3.610748
-15.653026 -62.035719 8.232130
-16.713551 -2.596934 4.516255
-13.726064 -59.543946 1.593953
-13.451066 -37.901263 -0.983038
-12.299128 -49.624577 -2.930396
-17.359819 -12.774141 -11.968140
-15.998220 -65.991118 -7.777386
-17.524954 -18.823056 -13.875468
-14.849641 -71.639548 -9.347952
-17.300965 -11.772368 -14.399277
-17.616095 -22.139271 -13.248239
-17.220685 -72.893033 -12.224077
-16.366088 -22.541896 -17.527106
-16.902465 -25.774336 -16.355282
-18.899290 -28.563585 -16.761898
-16.253835 -73.226005 -15.519423
-14.465909 -72.842210 -16.489170
-18.891955 -17.444289 -17.590738
-19.204513 -20.116254 -15.905963
-15.964609 -16.568359 -21.897849
-15.211832 -36.690038 -24.560648
-15.037367 -34.364811 -25.984340
-13.440154 -31.044851 -25.540882
-13.108449 -67.772420 -29.179337
-16.769393 -20.069709 -32.589243
-17.631017 -35.227873 -40.307696
-19.152217 -28.815781 -39.782053
-17.149574 -26.113348 -40.326975
-17.158143 -68.986839 -38.844180
-17.782634 -44.312669 -42.828100
-17.567310 -51.310109 -45.519222
-12.073641 -6.094395 57.760653
-10.069932 -22.577625 57.998315
-10.325609 -35.549768 54.165488
-11.379103 -36.541876 53.590967
-10.041997 -40.326868 52.041325
-10.823726 -22.145333 51.180349
-10.378311 -42.602886 46.335680
-11.651604 -48.824917 48.144895
-10.670971 -34.936824 45.849631
-11.602647 -35.881070 41.992360
-15.849512 -6.025371 40.408157
-9.415673 -37.916167 38.631366
-10.715424 -39.670972 41.800946
-15.013831 -8.280325 38.923475
-10.299483 -54.406808 40.851860
-10.721642 -55.021435 36.610845
-13.484379 -45.613192 34.803401
-14.860644 -42.521239 31.781646
-14.145328 -47.346725 31.443545
-15.371956 -40.320282 27.854431
-12.033222 -46.907276 28.748052
-14.141986 -35.890968 27.483082
-15.166832 -43.824798 28.452539
-12.096441 -60.726929 31.846479
-15.368505 -38.678331 25.889651
-12.965410 -46.204421 27.637381
-13.455956 -57.869611 32.248406
-12.268064 -9.653930 29.708793
-15.426623 -42.140497 25.166604
-14.318478 -43.966079 25.842424
-13.039419 -2.398090 25.509535
-10.883027 -61.994760 24.872780
-11.020792 -56.524873 20.273075
-13.814607 -3.529125 19.876940
-12.497227 -59.057600 20.993925
-13.682854 -3.235185 17.451372
-11.955628 -66.817451 14.755351
-16.703334 -62.511301 6.370906
-15.981184 -62.601133 4.450773
-14.525528 -59.175150 3.400070
-13.605450 -1.391984 1.140259
-12.615496 -65.088425 -6.048257
-11.898354 -66.380941 -3.361512
-14.018818 -4.093908 -4.163840
-13.242953 -45.696447 -5.437136
-13.945538 -52.063119 -12.463061
-14.218287 -8.098279 -9.901776
-13.779899 -69.106493 -7.898713
-10.491265 -7.306520 -13.628514
-15.444900 -9.076935 -12.578878
-13.381979 -55.364981 -11.171309
-12.635922 -72.800544 -12.421649
-15.709582 -12.607545 -17.272733
-15.802539 -18.751806 -18.683754
-16.811257 -31.165290 -21.492846
-15.695896 -20.010626 -21.878401
-16.090894 -14.048872 -25.613732
-18.183342 -22.747542 -29.747411
-14.388055 -39.285403 -35.000574
-12.820235 -71.606582 -31.497451
-15.667722 -72.200003 -34.034073
-15.937465 -37.404249 -36.959742
-14.751151 -61.060974 -37.239376
-13.446128 -24.012183 -35.252604
-15.529913 -55.212142 -34.772005
-9.571279 -13.450430 65.175577
-8.726928 -17.603191 63.757576
-7.246348 -28.324038 59.081413
-10.557309 -18.798700 57.610112
-11.976441 -18.262286 55.691139
-10.536662 -19.819539 50.670295
-12.332284 -4.618417 48.336154
-11.578465 -19.698509 48.011021
-9.303077 -31.365346 48.938583
-9.389528 -36.568221 48.048528
-9.209184 -39.090517 49.263639
-10.445905 -5.860298 46.614453
-10.064652 -31.104865 43.755577
-9.718589 -22.849870 44.480806
-11.792681 -52.799540 43.124886
-13.546681 -5.008316 36.735753
-13.868739 -9.207138 34.838242
-14.050068 -12.685688 35.127177
-12.622853 -50.359185 32.868302
-12.403209 -51.840596 33.986094
-10.998054 -49.242579 31.061509
-10.176906 -3.759507 31.578177
-11.479178 -54.855953 32.445935
-11.430076 -62.310745 28.704587
-10.996841 -52.286586 30.336186
-12.689708 -2.344172 28.989471
-14.460875 -33.112414 26.501091
-10.129596 -46.887764 27.501110
-8.347181 -58.330220 21.533621
-11.693269 -4.889036 16.150556
-12.055206 -55.887982 18.283556
-10.047512 -66.475685 14.767066
-10.174781 -65.676837 10.727015
-13.316817 -3.840974 13.620420
-13.173961 -8.301615 15.522495
-15.292686 -64.017020 6.815378
-14.777453 -56.114666 3.903801
-11.379260 -36.290380 1.998168
-10.217832 -59.097581 -0.574317
-10.638715 -53.546215 -1.897098
-13.369127 -1.281277 -2.421175
-11.672240 -9.506777 -2.329547
-9.684031 -46.987123 -6.088538
-11.529783 -42.107816 -6.143651
-14.060707 -55.891841 -9.114518
-12.406325 -65.960716 -8.875166
-13.208256 -58.816916 -10.044992
-11.662597 -57.633348 -12.903224
-11.735584 -63.303427 -11.908534
-11.341757 -56.456312 -13.876392
-11.495336 -58.876215 -15.657134
-11.754473 -61.430650 -14.567693
-14.691408 -9.785839 -15.293995
-13.725556 -72.075581 -20.615655
-17.200180 -16.524498 -15.771740
-15.518107 -24.728638 -18.720912
-16.080667 -26.791954 -18.297431
-11.301529 -56.596467 -18.423495
-10.472138 -60.706744 -18.788118
-16.707970 -33.362524 -23.114353
-15.730323 -35.281316 -21.312518
-14.613802 -35.372596 -24.957931
-15.270062 -14.356252 -23.484136
-13.698323 -24.080072 -23.255621
-14.158922 -26.820182 -22.960063
-15.876923 -15.361004 -30.055816
-17.173030 -17.446595 -31.361490
-14.358656 -42.225367 -36.569243
-11.259272 -71.694188 -35.014798
-14.717140 -21.622778 -35.355702
-14.561506 -69.659679 -39.367385
-11.914632 -69.964224 -38.921834
-14.374339 -24.522122 -39.515812
-17.633376 -31.724514 -41.982164
-13.128356 -67.490911 -39.815848
-14.345019 -29.284011 -43.343647
-15.998373 -42.566404 -39.712168
-18.816513 -60.540108 -41.797074
-15.961372 -46.610662 -44.586701
-17.693702 -48.102182 -45.044370
-15.629378 -50.575234 -45.120570
-19.666533 -58.259291 -44.461445
-9.722144 -10.544959 63.541586
-9.833036 -18.625447 60.988246
-8.362996 -24.559004 61.142924
-8.902181 -26.064647 62.031173
-8.409670 -9.733231 61.330038
-7.870865 -8.053000 57.193492
-8.272481 -8.743368 52.987788
-9.564159 -22.998685 52.945379
-7.623314 -32.945486 55.182800
-7.933590 -35.385943 51.199702
-9.676244 -6.617857 49.842866
-8.648672 -23.981279 47.298738
-8.072886 -49.444494 47.045044
-8.086448 -27.013615 46.283821
-6.423114 -4.731230 47.444245
-8.579404 -4.207273 43.292806
-8.733934 -51.855624 43.356815
-9.402584 -20.915807 44.029461
-8.561021 -24.171661 42.136261
-8.841337 -28.773491 41.039966
-8.680770 -42.159539 42.658933
-11.669820 -3.543898 39.596524
-7.784793 -23.036273 40.507768
-7.377633 -55.834324 38.330312
-9.221386 -51.005859 33.296402
-12.049101 -8.099018 32.956434
-12.237571 -10.250470 31.880832
-11.083250 -43.366962 26.967265
-11.278190 -56.290098 33.641282
-11.115693 -58.566677 33.536780
-10.708314 -42.010592 23.881140
-10.322443 -12.363977 26.974966
-9.710806 -55.736292 18.154458
-10.196316 -62.661098 22.994726
-13.137918 -6.008274 15.319457
-14.798300 -52.558710 4.117164
-11.059367 -2.507117 5.746966
-11.442701 -66.951279 2.681632
-14.013215 -64.869626 3.265248
-12.821589 -8.591282 -6.912848
-10.251513 -71.264979 -10.805910
-9.276568 -66.792001 -12.986777
-9.329589 -69.169766 -10.905467
-10.874805 -63.915886 -14.504661
-11.823617 -73.020995 -15.567149
-11.789379 -72.879831 -20.511721
-15.602602 -27.993057 -20.218732
-14.684890 -20.388152 -20.130042
-14.500582 -23.028050 -20.392366
-13.279194 -24.653362 -21.727082
-7.306205 -58.891682 -20.892212
-15.026808 -21.611484 -33.459264
-10.864319 -36.291726 -27.861337
-12.189635 -52.877278 -32.964904
-12.170163 -55.523864 -34.162708
-10.663952 -68.266965 -30.201746
-11.932691 -59.693772 -36.252528
-11.192644 -27.296159 -38.792481
-16.569378 -57.615203 -37.275602
-13.416946 -27.240704 -42.305434
-16.994316 -60.399048 -39.138374
-15.499868 -42.116736 -42.778646
-15.536160 -62.751372 -41.974226
-17.327436 -55.056188 -45.559971
-15.828787 -57.584169 -45.202006
-7.352114 -20.150209 58.861161
-8.622847 -31.381581 59.261331
-8.269268 -24.174099 56.647710
-7.554416 -25.043941 52.386092
-6.892354 -29.445231 53.347786
-7.264925 -33.278992 52.532398
-7.706968 -27.654146 50.351736
-9.653086 -20.332300 47.733840
-7.760921 -44.715958 48.003556
-10.095206 -35.981287 45.002510
-8.354413 -39.124877 44.840556
-6.206921 -40.667339 38.485809
-8.427031 -39.055025 41.444516
-7.758653 -47.329044 32.025286
-10.847590 -11.924936 29.802955
-8.469720 -44.611684 30.841013
-8.791909 -57.989601 34.173600
-8.542070 -61.026828 30.483489
-8.311511 -41.184084 28.442565
-10.561687 -2.262449 26.451327
-9.383183 -6.828218 31.705470
-10.399337 -45.296658 24.967468
-8.373946 -65.630468 21.513514
-8.188508 -59.890713 22.728554
-9.550467 -58.169432 20.019608
-11.056822 -2.249840 10.401043
-13.225828 -66.024388 6.720175
-12.094056 -54.856811 2.814765
-11.714321 -2.392900 3.348018
-9.798485 -38.397801 1.057031
-12.842509 -46.955201 -2.898991
-14.495770 -45.367273 -1.233042
-11.117981 -38.980252 -2.341380
-9.572678 -52.119785 -3.778771
-9.162571 -43.314855 -7.863565
-7.817210 -66.499666 -14.961727
-11.817363 -36.266402 -23.678330
-12.204195 -10.235958 -17.498956
-13.313124 -17.225935 -20.757257
-12.920923 -71.477985 -23.592240
-14.147507 -69.548166 -24.192657
-12.171232 -21.088476 -22.009436
-12.715176 -29.663639 -24.304148
-15.510575 -32.556948 -24.461453
-12.529451 -17.456630 -24.523538
-12.841196 -19.988140 -23.662392
-12.275111 -15.782759 -27.580042
-14.446007 -66.565113 -26.241736
-13.968443 -15.268394 -29.144821
-11.748042 -25.588832 -24.465648
-11.052870 -32.135606 -28.128222
-12.080286 -64.820696 -38.785007
-15.066933 -37.913491 -39.390128
-16.630120 -33.997825 -44.170760
-14.998782 -36.785416 -45.155796
-12.817453 -31.523088 -45.446328
-14.610757 -60.836144 -44.392414
-7.213042 -12.382769 64.297984
-5.580951 -19.434132 61.538910
-6.851504 -25.993447 57.580869
-7.702296 -20.394242 57.071703
-6.836979 -30.701614 57.890262
-7.413324 -20.864143 54.263134
-11.327507 -19.378083 53.925366
-8.200865 -6.921034 47.890959
-6.119156 -21.150528 49.318681
-7.326448 -39.229269 48.614488
-8.964053 -30.856720 44.871962
-6.137008 -21.424598 43.494778
-10.198177 -4.387980 35.009450
-6.248345 -52.368079 34.541454
-7.943237 -5.192330 35.526241
-9.293358 -6.817485 33.258000
-6.922763 -49.276672 33.765219
-9.114284 -9.543687 31.983595
-8.022343 -51.836926 32.263833
-7.745237 -2.440894 30.262947
-5.291086 -60.952507 27.883475
-8.788552 -43.802273 26.678979
-7.559659 -13.290612 26.213724
-10.392280 -2.319665 22.866948
-11.989380 -2.594763 19.809354
-11.213752 -3.940376 14.425235
-12.096128 -51.892702 1.906333
-11.597908 -57.511342 2.664127
-12.136700 -63.023328 1.950243
-10.963773 -39.601582 -0.997713
-11.158421 -65.728128 1.081152
-11.875449 -50.461648 -0.539645
-14.191175 -47.438210 0.466170
-9.945874 -49.865911 -2.634464
-7.654901 -36.577575 0.082685
-10.381155 -42.821477 -3.580906
-8.024132 -64.529376 -1.811443
-9.231899 -65.589953 -1.523236
-8.095126 -55.626503 -4.056141
-10.457777 -67.451264 -4.550714
-10.359931 -64.642478 -9.499236
-11.310862 -60.274684 -9.419465
-8.003504 -50.384026 -6.088685
-12.682149 -54.290734 -12.073378
-11.054341 -55.705762 -13.384438
-6.437010 -70.696321 -13.714064
-7.794004 -72.855956 -16.770545
-9.074337 -63.356841 -17.662926
-11.397488 -14.018207 -22.121248
-12.280512 -34.478374 -26.239009
-12.591948 -69.195611 -26.725017
-14.988705 -18.231181 -33.641145
-8.720219 -51.671315 -32.515361
-8.058374 -58.202947 -34.877494
-7.261425 -68.945916 -31.665936
-10.380079 -63.099475 -37.830391
-10.758569 -65.925051 -38.971420
-8.017432 -70.176812 -36.215379
-11.407514 -53.992994 -34.161289
-9.738766 -56.817763 -36.451077
-13.226949 -40.812311 -40.118499
-13.507040 -59.294492 -37.878468
-13.025412 -62.165975 -39.892395
-12.862165 -44.598786 -44.167374
-13.052726 -47.785776 -44.403827
-13.343725 -52.279566 -45.051326
-5.226106 -16.463901 64.369669
-4.904602 -11.403457 63.481490
-6.821761 -31.145616 49.150217
-8.204294 -33.990853 47.680646
-6.881932 -47.604706 48.123298
-7.853980 -30.664086 46.951289
-5.655762 -42.043780 43.965288
-6.410965 -44.097481 43.841450
-3.081496 -54.230536 41.209601
-7.027229 -8.408571 33.889981
-6.646478 -12.403302 30.513935
-5.629757 -53.006132 32.929315
-5.876275 -55.163469 33.652994
-4.687972 -59.064108 31.930330
-6.049320 -49.205669 31.523728
-6.677355 -47.526002 29.940109
-7.580405 -2.043010 28.248430
-8.413709 -9.424870 29.871187
-6.129370 -42.046906 27.047833
-7.997313 -11.706190 27.378532
-9.064494 -2.540464 17.188235
-7.606053 -67.176537 18.070661
-9.526028 -7.554198 15.895492
-9.283036 -3.901297 14.211370
-9.335131 -67.839449 7.214185
-7.553739 -41.293868 -0.620929
-10.645593 -59.660797 2.236150
-9.779979 -64.794963 -0.073882
-10.942917 -1.992769 0.488374
-10.649411 -6.141414 -0.039675
-11.352629 -5.804592 -1.817462
-8.390245 -39.719103 -2.270313
-7.353611 -61.386034 -2.801709
-8.311244 -58.533825 -2.419843
-6.763853 -59.253230 -4.432170
-6.536382 -52.884284 -7.458518
-9.057772 -67.172587 -7.205580
-11.483076 -57.169175 -11.101041
-8.579125 -9.090191 -16.852215
-9.820448 -73.275961 -18.091407
-6.007418 -65.139524 -17.778299
-6.294992 -62.021232 -20.381021
-9.379510 -72.943632 -20.302825
-10.908762 -26.508697 -24.002147
-8.292795 -37.778560 -26.331055
-10.074186 -71.064785 -26.347522
-5.371979 -58.586993 -32.296651
-6.444685 -60.393042 -29.960588
-9.645778 -28.082861 -26.594227
-6.530139 -55.483058 -33.011967
-8.801800 -34.160770 -29.906443
-9.496291 -53.875548 -33.688939
-13.033332 -16.153938 -32.491646
-12.588028 -19.855958 -36.970873
-7.588585 -61.582575 -36.384057
-7.478272 -65.260188 -37.706872
-12.261882 -41.485179 -37.486614
-8.860787 -67.623244 -38.763318
-10.191670 -30.030495 -43.171442
-10.448655 -39.326983 -38.447184
-11.820121 -58.258789 -36.899506
-11.618093 -40.368806 -41.883530
-11.126559 -56.565433 -45.119569
-10.410966 -64.501674 -43.721588
-14.484972 -33.318791 -45.855400
-10.782305 -51.443987 -44.980369
-5.061194 -13.440576 64.565255
-4.623719 -7.231002 59.100678
-5.067589 -20.941784 55.720346
-6.908830 -34.741379 50.871800
-5.805555 -40.859699 51.349192
-6.396543 -7.082026 50.154556
-7.074650 -25.200160 44.768902
-7.688873 -28.615945 46.357376
-5.550907 -45.943242 47.026161
-7.836467 -26.846082 43.061010
-4.859054 -40.904427 40.936734
-6.518701 -3.977679 37.741786
-4.711652 -55.496185 37.001321
-4.246955 -48.739324 33.068170
-5.102336 -45.138979 30.510023
-4.397261 -49.215883 29.263688
-4.318396 -45.916261 26.836838
-6.438578 -2.280108 25.657289
-3.491719 -49.007449 22.741380
-3.504051 -47.069783 20.619652
-6.715964 -4.418082 16.049346
-6.901675 -67.661367 16.450001
-7.928559 -67.531247 12.783007
-5.953588 -68.394979 5.483321
-8.814780 -62.818818 -0.453196
-8.260772 -67.740389 1.435524
-8.563515 -7.050147 1.043994
-9.828603 -57.989223 0.268482
-10.101780 -4.688266 1.461732
-10.208924 -53.344231 -0.476741
-8.357821 -43.352039 -3.467371
-9.714654 -46.583642 -4.823668
-8.929674 -8.195430 -4.716474
-3.498904 -40.688861 -4.864683
-6.826622 -66.214436 -4.254103
-6.224824 -55.408490 -6.596488
-9.350337 -6.696244 -7.856614
-8.185358 -68.140688 -9.283826
-7.371937 -47.689978 -8.431738
-10.682521 -59.902077 -12.306559
-10.145099 -62.894414 -12.507647
-6.859633 -45.704579 -8.959232
-11.013984 -53.864806 -15.678461
-5.674642 -72.462588 -16.231189
-9.635806 -11.525051 -22.319144
-9.618338 -16.628958 -23.810694
-10.238982 -72.260296 -23.621694
-10.144514 -32.766792 -28.366488
-9.667471 -20.402625 -26.226624
-8.096313 -70.456123 -28.175146
-4.704072 -64.881077 -31.169850
-8.336953 -29.445034 -28.385536
-10.722323 -16.739065 -32.931729
-6.778730 -33.464829 -31.475473
-10.562406 -40.456869 -35.985079
-9.039773 -41.349614 -38.537300
-10.076587 -38.469074 -43.022826
-10.859361 -41.554473 -43.955736
-10.403883 -64.709053 -41.313424
-12.874568 -58.015401 -44.856451
-4.746377 -8.965493 61.821188
-4.891097 -20.394766 59.232286
-3.251716 -5.128071 55.347828
-5.872875 -6.925820 52.743343
-5.487826 -33.926111 53.331554
-5.212661 -36.860210 54.400436
-6.264619 -31.440218 51.281233
-4.849361 -31.096495 53.665694
-0.951497 -40.988788 52.944361
-5.878448 -27.278027 49.921332
-5.294293 -42.733371 49.037639
-3.002484 -43.654574 44.375280
-3.177357 -50.433669 45.296074
-5.446304 -23.691508 46.554589
-3.401582 -47.074824 46.031395
-3.862071 -44.839772 42.451739
-3.792620 -39.134241 36.729872
-6.630363 -13.883655 28.622156
-3.587151 -56.517402 32.908836
-3.444650 -53.151127 30.576175
-4.214572 -50.433860 27.973793
-3.134371 -51.491079 25.213222
-4.344339 -49.648058 25.284403
-4.796135 -44.961985 21.989908
-7.500437 -2.572633 22.737954
-3.980905 -44.471369 25.116320
-8.475587 -1.959412 19.713777
-5.527234 -64.855484 23.605684
-4.464095 -42.388249 21.870378
-4.703851 -51.321628 12.387656
-3.367106 -67.564606 11.653895
-8.749272 -5.373607 15.351186
-7.047576 -6.886181 15.520555
-6.046657 -68.189753 10.127870
-3.320161 -52.805875 9.094916
-3.747402 -56.718704 8.838120
-3.432517 -59.815674 7.654410
-1.973483 -62.471972 9.085580
-1.240739 -64.992409 7.764090
-6.823159 -2.045978 7.511668
-7.209946 -4.204870 3.808591
-2.964457 -66.363729 3.114493
-4.857228 -67.627240 0.543004
-4.261049 -44.184056 -3.235821
-6.195562 -61.594728 -3.876192
-6.025586 -66.076319 -1.582596
-7.928309 -55.330471 -3.065185
-8.260557 -59.635150 -1.765434
-6.920451 -49.584166 -6.438040
-4.583150 -36.771872 -2.955103
-8.094106 -42.358790 -4.801102
-4.007783 -36.138060 -5.909041
-5.880620 -57.824302 -6.188883
-4.713549 -61.013280 -7.232509
-5.124950 -49.445442 -9.309303
-4.973176 -55.894568 -8.335967
-8.690293 -66.057215 -12.830576
-7.847696 -67.762451 -11.701388
-10.287958 -59.242820 -15.981240
-8.636697 -63.318713 -16.115549
-9.385387 -60.006274 -18.836547
-4.154071 -68.215606 -15.199456
-8.172091 -72.051307 -23.836155
-8.868064 -22.794671 -24.180558
-8.266930 -34.166437 -29.536441
-7.799923 -24.329098 -25.064789
-5.177659 -63.623470 -29.052593
-8.859821 -29.553382 -26.776005
-8.272245 -23.274428 -26.886389
-5.372612 -62.637130 -33.217480
-5.877562 -63.366563 -35.788254
-9.604842 -17.722064 -36.811360
-7.243277 -53.602121 -35.904946
-8.391509 -61.605011 -39.334431
-10.116581 -46.279731 -44.237403
-7.545571 -64.927858 -41.921456
-9.565193 -60.991053 -44.616977
-11.904967 -62.641926 -43.414845
-1.208588 -14.266571 63.399554
-1.596023 -18.744940 59.276505
-2.222374 -32.785671 55.883480
-3.139396 -34.660266 55.928277
-4.049904 -4.410974 51.807415
-3.588748 -27.593645 53.165358
-1.340740 -43.778625 50.833692
-3.727727 -25.276435 50.774074
-3.096024 -44.399791 47.545354
-3.275291 -21.854194 43.029198
-4.820810 -3.235087 45.183837
-1.087613 -47.180302 44.008879
-4.828196 -2.600297 40.969785
-4.063369 -10.324806 35.455130
-4.626420 -15.102505 28.984872
-1.506521 -56.992508 31.632258
-4.828262 -5.294684 33.631582
-1.092663 -54.977049 28.384671
-2.845912 -66.188315 21.818793
-4.601736 -67.366654 18.402625
-0.671985 -48.232521 14.119722
-3.012839 -52.024581 14.253627
-2.918126 -54.108040 14.062639
-2.723918 -59.055602 12.564125
-5.781510 -2.261483 11.728307
-2.927748 -55.827181 12.446396
-3.285672 -58.551094 10.134170
-1.646165 -55.347223 6.593573
-1.965902 -64.362141 4.318774
-2.482011 -60.712154 4.509932
-4.811398 -64.510933 -3.604154
-5.919938 -47.165975 -6.363906
-4.431619 -44.941708 -6.456011
-4.493514 -68.270835 -7.044832
-6.323250 -5.380199 -6.191155
-3.461992 -36.859101 -9.131522
-3.631231 -64.027331 -7.083547
-3.355187 -59.289514 -9.730502
-6.273972 -68.734653 -11.011504
-5.611737 -67.174498 -14.258147
-7.366362 -64.670559 -16.088159
-1.788843 -53.448599 -20.648640
-6.200261 -55.288813 -21.206639
-6.176939 -72.278464 -21.388902
-7.128769 -19.432761 -25.526657
-10.334143 -17.565620 -28.422511
-7.359422 -19.655779 -29.929002
-6.367757 -25.777939 -28.259582
-5.006306 -27.857900 -29.921169
-7.379056 -30.920839 -30.420915
-5.128946 -66.358560 -34.742278
-7.874258 -17.585365 -33.653302
-10.240433 -21.646252 -40.054724
-11.287997 -36.029541 -47.731156
-2.386216 -17.894938 62.180464
-1.960095 -9.772929 62.781042
-2.318771 -20.242152 53.638812
-1.371220 -37.297932 55.290223
-1.039360 -30.524810 56.150202
-1.360820 -3.432223 48.875190
-2.570753 -20.464355 47.805987
-0.429720 -44.589415 41.864375
-2.712550 -38.095553 37.821563
-2.076578 -37.250924 34.263069
-4.195537 -11.494509 34.021652
0.058566 -13.336286 30.627775
-1.096883 -60.225622 29.591994
-3.786147 -8.871727 33.078501
-3.439306 -2.796330 30.432853
-5.562273 -10.911943 30.591655
-1.846121 -2.417155 26.244292
-2.524225 -15.393368 28.580848
-1.022595 -54.570593 26.651375
-1.047333 -53.743945 25.296151
-1.094302 -63.892506 25.351313
-4.945830 -1.749271 19.649159
-7.165341 -1.879775 18.639832
-1.072656 -47.301193 19.346818
-0.578032 -52.648628 15.218366
-0.831742 -59.476548 16.332902
-1.519959 -60.965571 14.235410
-1.459694 -66.930341 16.659717
-0.679678 -56.727995 15.890007
-0.987952 -62.286369 11.728063
-6.506963 -3.803435 13.874996
-1.329800 -66.632939 10.613998
-2.107469 -65.088432 0.497018
-6.983096 -7.479352 -2.354569
-2.915138 -46.925421 -4.859546
-2.620276 -63.699255 -3.255684
-6.931566 -52.317302 -5.544774
-4.579591 -54.676468 -7.433889
-4.397351 -57.498501 -7.195689
-4.277893 -53.398950 -10.563669
-2.214391 -37.789934 -13.900139
-7.752351 -5.844213 -14.433326
-3.018019 -70.857191 -15.596004
-3.453089 -71.925898 -19.839047
-4.991255 -70.396041 -28.691011
-5.933562 -22.796112 -29.316250
-5.513625 -31.503587 -31.839266
-4.992835 -34.510681 -32.744279
-6.418153 -39.484910 -38.444462
-5.327812 -56.111551 -38.712337
-8.739801 -56.446097 -46.177419
-8.808653 -52.989340 -46.762851
-8.602601 -59.634105 -45.667479
-10.908977 -32.590026 -48.039260
0.988848 -16.031303 60.628514
-1.330391 -6.947739 59.772197
-2.473421 -20.022983 57.177766
-1.905138 -45.401831 48.998974
-0.450555 -18.668259 49.038153
-2.518724 -23.561993 48.547668
-1.294821 -20.637938 44.554688
-1.236049 -51.847584 43.848483
-2.752898 -2.725244 42.270551
-1.627712 -45.161629 40.210952
-3.205686 -2.816791 36.542492
-3.205994 -4.364272 35.128595
-4.141880 -7.896961 35.966111
-1.049154 -37.339263 35.458297
-1.233015 -55.722323 33.669212
-2.383584 -7.152161 33.727809
-4.629650 -2.122563 22.548189
0.517699 -52.631655 21.768023
-1.615227 -44.578664 20.072832
-0.058451 -64.649864 14.023185
-3.988477 -5.095528 15.017283
-4.485867 -3.183152 4.187839
-0.499195 -57.270630 4.034917
-1.809552 -61.722000 0.734345
-2.886333 -40.152636 -2.030118
-1.365095 -60.635972 -2.083492
-2.729424 -59.734752 -5.282926
-2.756921 -57.434800 -6.860514
-1.254219 -5.690893 -1.484328
-4.008290 -50.454467 -7.458570
-2.728173 -48.508985 -7.742034
-0.411190 -62.059559 -9.268461
-2.545484 -68.289620 -12.374889
-0.834907 -37.037416 -12.125919
-1.966153 -40.295361 -15.256411
-6.113916 -62.670230 -18.289712
-6.415543 -4.380108 -11.119921
-2.707230 -51.180646 -20.597244
-1.283974 -66.424017 -17.454425
-6.539493 -7.599677 -21.910812
-3.773178 -65.549939 -18.694616
-5.389801 -71.182817 -25.427815
-7.223487 -14.683293 -25.989996
-5.100129 -25.784452 -26.518016
-6.070506 -37.267363 -29.926192
-5.706291 -19.310789 -32.334844
-2.852018 -28.963718 -32.760866
-8.206062 -26.094452 -43.224900
-7.267363 -40.271278 -44.380015
-7.626032 -22.059068 -43.130691
-5.665184 -59.840831 -39.778094
-7.943447 -38.650204 -45.787116
-4.296534 -62.525709 -41.980527
-7.286588 -63.039563 -44.803907
-8.524562 -50.369326 -45.795327
-4.145471 -63.174098 -45.810727
-8.738887 -30.099841 -47.590504
0.479226 -9.444121 62.254228
-0.554401 -18.547668 54.357946
-0.874528 -4.067504 52.905692
1.246244 -16.921277 52.288455
-1.158633 -27.665748 54.266097
3.582640 -3.876343 51.079613
-1.693171 -4.028750 44.698756
0.689758 -49.685209 43.742763
0.718668 -53.996672 40.978243
-0.342375 -44.950353 37.466990
0.848536 -57.253217 34.923465
-0.228825 -43.155826 35.122815
-0.653728 -39.972681 33.715006
-2.309931 -48.880092 30.010432
-0.497748 -5.055369 31.768466
0.951869 -38.746138 28.161022
-1.899045 -13.112365 30.237784
0.721332 -57.729129 28.237815
1.138557 -2.615639 28.397831
0.754976 -50.525751 18.977247
1.152419 -60.675505 20.057823
0.265498 -65.247687 20.671874
0.745698 -58.203111 19.078367
-1.921667 -2.521477 17.916237
1.158340 -52.715082 17.385389
0.334704 -62.985256 16.475825
0.243771 -46.474662 17.395260
-1.618501 -5.165613 15.154380
-0.220722 -58.325565 1.206475
-0.319348 -51.275859 -7.812126
-2.840639 -4.021016 -5.210162
-0.638196 -45.120251 -6.994810
-1.981730 -38.686818 -7.432420
0.167027 -40.682483 -12.502954
-0.216245 -65.345157 -9.072655
-0.865541 -56.382050 -10.366716
-3.351154 -64.467653 -17.341978
-1.009677 -55.777546 -18.995560
-3.809601 -58.326635 -20.023478
-0.971035 -71.260595 -19.165632
-3.113794 -63.769865 -20.081129
-2.845384 -56.202906 -20.375650
-6.592711 -7.846966 -25.129198
-5.039704 -23.095435 -26.376558
-2.196437 -70.404148 -27.074521
-7.575493 -11.410828 -25.480786
-3.711198 -18.930830 -29.728421
-4.240016 -29.017999 -27.274431
-2.580107 -68.361569 -30.000829
-5.970128 -8.300631 -27.629192
-6.192790 -12.827293 -28.092892
-5.343919 -16.111006 -30.056922
-3.937148 -22.082821 -31.687313
-4.032142 -24.706587 -30.353882
-1.313096 -59.673977 -42.527039
-5.445129 -38.529489 -43.251732
-8.520557 -42.287371 -45.437409
-6.964526 -46.271746 -46.185994
-5.521888 -44.518606 -47.897585
-6.131904 -57.971009 -48.147842
-6.884272 -37.482482 -48.637733
1.958517 -16.366528 57.547955
0.971045 -35.532407 55.737008
-0.151941 -4.732102 46.403399
0.884898 -46.145017 46.326238
1.187283 -19.204036 46.252045
1.031332 -3.378703 42.080705
3.467790 -50.900363 41.283704
-1.648426 -2.627428 39.988014
-0.588697 -41.403648 39.031108
0.423721 -46.931911 39.775220
-2.283828 -51.924768 33.122688
-1.245763 -53.484124 30.208073
2.010286 -41.617552 29.444735
-1.606918 -51.564782 28.982780
-2.343447 -48.995739 25.613993
-1.470265 -47.363729 21.880903
-0.687258 -49.719243 22.844367
1.438717 -60.537434 24.834644
1.173347 -57.103581 23.347385
0.792347 -54.377588 22.822375
1.611366 -62.570340 23.456640
-1.117942 -2.480871 21.694507
1.315129 -55.838883 21.014031
1.140437 -63.762431 22.134645
1.571807 -49.093557 14.051575
-2.123147 -1.957674 11.022556
-0.800000 -51.626228 12.782477
-2.015016 -1.821853 6.666740
0.550729 -37.335488 -0.853655
-0.563663 -57.737536 -6.613152
-0.819211 -41.244600 -7.458174
-3.294493 -2.798181 -9.352829
-1.224026 -38.777543 -9.265915
-4.284113 -2.952170 -11.982962
-1.569500 -52.933030 -10.326818
-1.553097 -66.408140 -15.868786
-1.227967 -42.272794 -15.751978
-1.516985 -62.091471 -19.089418
-4.510660 -4.061471 -17.361274
-5.702302 -5.787471 -19.866759
-5.158694 -4.170902 -20.660057
-0.177174 -68.658534 -16.530715
-5.527552 -3.882004 -22.915271
-3.077532 -2.185424 -21.358108
-1.904337 -62.149004 -20.351375
-0.488191 -70.784865 -23.628083
-4.604784 -1.083843 -24.439619
-5.902540 -4.899360 -26.041314
-5.521782 -2.469279 -26.235797
-4.133665 -22.006755 -27.299359
-3.734217 -0.333212 -26.843689
-4.787955 -8.169139 -29.880985
-3.462954 -38.354560 -30.050462
-4.553244 -14.387877 -33.068698
-3.285263 -16.683663 -32.793410
-3.263479 -18.850847 -35.045371
-1.439391 -32.702593 -35.498046
-4.223903 -40.195084 -38.713022
-7.661045 -19.198017 -40.293718
-4.760698 -38.799799 -41.178537
-5.750954 -23.677486 -44.985084
-1.185021 -62.126855 -44.727192
-5.789986 -50.735830 -49.207194
-5.626444 -39.750108 -46.412262
-4.691571 -55.343510 -50.191096
-3.422234 -58.489489 -48.967448
2.577107 -4.326128 55.910379
2.675093 -33.243305 55.899281
0.605729 -27.400551 54.743246
3.336549 -36.293522 52.581068
2.508821 -40.790296 51.195903
-0.091240 -24.369523 51.409758
3.839451 -35.981799 49.532843
2.322398 -44.894834 48.868997
0.641462 -22.429651 50.340224
4.317352 -34.732967 47.130028
1.448602 -45.815351 42.212882
2.355617 -5.651924 45.368509
3.299122 -48.791166 39.472853
-0.473784 -2.384292 35.232595
-2.851398 -6.790131 34.630021
-1.164586 -10.829480 33.726681
-0.664413 -38.134627 32.868529
0.120978 -55.586872 29.682416
2.943861 -56.789355 31.606246
1.059331 -54.018253 26.714266
2.237269 -55.149461 27.718026
0.177298 -8.164059 31.567953
1.937882 -52.605753 24.522857
-2.024323 -54.876152 10.276235
-0.036218 -47.742743 -4.948343
-0.321908 -54.104149 -7.877953
0.390253 -42.498504 -18.940537
-0.345506 -40.566262 -18.683124
1.735899 -62.322676 -19.200031
0.301429 -58.584432 -20.725598
-3.137420 -36.444092 -29.424137
-4.549551 -3.952763 -29.835704
-4.716881 -12.051558 -31.681528
-1.261587 -24.885390 -32.945196
-0.860763 -37.413864 -33.833599
-5.729931 -17.543552 -36.859844
-4.647894 -17.436124 -38.144906
0.682775 -58.197851 -44.130044
-2.403673 -38.510118 -45.087019
-5.513621 -27.910216 -48.886547
-6.358529 -35.865021 -50.297132
-0.582303 -59.598827 -48.004967
-6.572078 -32.852591 -50.605012
-2.462802 -54.813525 -51.787829
2.950796 -10.380649 62.871592
3.303840 -12.871447 62.339211
3.773342 -14.614865 60.035493
2.172239 -16.148871 54.660219
2.828803 -29.055090 56.641481
0.594570 -24.331790 53.698430
1.431975 -3.970444 48.944732
5.167616 -45.599504 47.289666
4.730570 -46.761095 43.666920
4.828945 -46.293695 39.231344
2.503548 -53.370025 41.109968
3.354339 -44.963455 37.480161
1.555253 -2.528320 39.762530
2.574176 -55.843168 38.247437
0.522962 -42.533367 37.368540
-1.385378 -5.854337 33.413050
4.154516 -43.281289 34.502203
0.685946 -41.706995 34.224424
2.967494 -44.848995 32.426965
0.572338 -39.131614 31.118566
4.431058 -40.924474 28.338090
0.005707 -1.748080 10.251472
-2.123249 -4.418355 0.676965
-1.958880 -37.896345 -3.849100
0.139467 -40.508041 -9.182576
-1.047678 -2.018235 -10.420424
4.190693 -53.100422 -9.435265
-2.020089 -2.398610 -13.671553
1.015658 -67.415462 -13.870896
1.868689 -58.533823 -17.561525
1.297692 -63.760767 -18.000429
-1.812921 -39.567088 -17.015760
1.390709 -64.187301 -18.403531
0.567545 -55.353991 -22.893799
0.284404 -68.633953 -30.345368
1.465244 -68.798493 -27.862996
-3.660178 -33.760750 -28.996665
0.125167 -52.708604 -26.272172
-2.405623 -25.975071 -27.307655
-1.385212 -22.393469 -28.358217
-2.173946 0.089251 -30.410227
-4.169372 -7.859506 -31.990789
-3.663137 -62.234961 -33.636692
-5.032916 -58.426021 -35.790318
-3.482829 -4.453705 -33.338984
-4.039208 -5.516519 -31.838746
-3.536087 -8.822546 -34.934010
-3.710470 -12.008384 -34.910745
-3.661598 -14.229987 -35.079922
0.251306 -26.427923 -34.543790
-0.379772 -11.448140 -37.074027
-2.539309 -13.960107 -36.417428
1.746618 -35.817802 -36.909139
-3.519071 -18.629765 -42.087544
-2.288154 -26.875799 -46.084459
-4.263919 -40.517541 -42.857591
-3.978220 -22.530348 -46.284054
2.236182 -53.684777 -45.532653
0.109680 -56.866445 -50.119055
-2.053455 -50.316199 -52.520985
3.114535 -6.598782 60.386119
4.922170 -7.874001 61.772266
3.557607 -20.637657 58.679120
2.725848 -25.259546 58.578113
1.332050 -24.878387 55.964245
4.534508 -15.183258 54.939078
1.723687 -20.648169 55.621599
1.057713 -21.309746 53.279272
6.327342 -33.748600 52.542028
4.528596 -42.333825 49.803995
3.143029 -17.205481 49.659592
1.874572 -19.694618 51.434544
3.004788 -5.347625 47.648422
2.112232 -19.901663 48.205280
2.924400 -17.439486 47.555674
5.797903 -35.623775 45.848867
0.844876 -21.604249 45.488542
4.828830 -33.653833 43.801910
3.860331 -53.809009 39.919811
3.773975 -47.028857 36.449390
5.211850 -56.078110 35.054743
1.364967 -3.698507 31.876155
3.765273 -41.545851 31.658202
3.689453 -12.259550 27.065659
3.158226 -51.067013 22.937219
1.673780 -48.154019 20.304729
0.772388 -53.173589 14.181766
0.487731 -56.115105 13.781227
1.529488 -43.934700 -4.151976
1.958218 -43.525279 -9.230800
2.657654 -43.167226 -11.827934
1.960675 -59.309405 -9.393191
2.457940 -45.079083 -16.967465
1.512340 -66.517314 -16.357316
3.590390 -61.197436 -17.908349
0.125661 -2.612439 -16.568836
2.671164 -66.814347 -17.200476
2.413973 -69.626117 -18.186502
1.336962 -70.450711 -21.024592
2.080617 -69.460776 -26.005410
2.922640 -58.193726 -24.974503
-0.728615 0.672769 -28.608754
-4.449739 -33.292048 -26.827455
2.340450 -54.978039 -26.694055
-0.814644 -19.912973 -30.247825
-2.043384 -1.456597 -33.560638
-0.014655 -19.837263 -35.815331
-4.611522 -63.448903 -39.325369
-1.344140 -40.059974 -41.506706
-4.740780 -37.292651 -50.537422
-2.987683 -40.597205 -49.195982
0.878284 -26.996511 -49.397658
2.712697 -57.547808 -53.089149
-4.738064 -31.190610 -52.117794
4.800981 -25.372862 59.892475
4.053528 -18.094479 55.310138
5.987756 -31.250550 55.238763
4.365670 -3.462257 52.963236
4.894979 -16.465585 53.146309
5.167263 -33.895123 54.123601
5.119424 -39.173121 49.142814
7.907304 -31.708812 41.277811
6.677834 -30.844426 43.007922
4.706864 -51.494796 39.611370
5.266939 -53.644313 38.323959
8.285458 -48.832727 36.858724
4.644154 -1.626183 34.561706
6.301011 -44.774810 36.843519
1.401133 -2.417055 32.942445
1.501444 -7.401301 32.188834
5.290591 -53.569919 30.248429
6.947013 -44.226038 32.098142
6.913405 -51.618014 30.603099
4.168701 -37.670786 27.860544
5.106279 -52.384413 26.413593
2.976905 -6.159676 29.334631
6.068914 -37.124626 25.611920
2.995577 -1.703278 24.876802
1.609003 -2.251209 12.073658
0.542319 -59.609081 13.730744
-0.638066 -59.805152 9.787600
0.725582 -63.610674 12.819795
-0.783607 -56.890551 8.129607
-0.780370 -64.450583 8.024649
-0.974246 -60.582619 7.197744
-0.186375 -66.333317 7.342106
0.312301 -1.744687 5.510791
0.282186 -67.953118 2.308705
0.203534 -2.151534 3.588259
2.612059 -38.719693 -0.439459
1.462236 -39.658841 -1.834677
-1.493298 -64.636673 0.612790
-0.617775 -66.943625 -1.727983
5.663392 -48.722619 -6.501189
2.954288 -67.278949 -5.021530
-0.115866 -65.817629 -5.991850
4.455963 -53.562983 -8.173039
3.447892 -64.322192 -7.539873
0.045931 -39.664209 -5.767532
0.165214 -39.303933 -7.800295
1.941506 -50.537699 -8.958618
5.540531 -60.598502 -8.928030
2.777977 -64.263382 -9.335128
3.113171 -66.541594 -12.878474
4.807772 -63.831871 -16.633830
0.283436 -54.713198 -21.287805
5.123919 -66.009351 -19.060885
3.779180 -60.384943 -23.261322
4.654251 -69.419591 -22.548932
1.085409 0.178369 -25.844324
-1.839825 -32.025848 -27.770781
-4.071724 -65.899420 -34.338553
-2.158839 -68.920756 -34.039532
0.871418 -69.500220 -34.131603
1.277854 -14.751412 -35.507968
-1.509911 -66.727958 -38.117103
-4.635405 -61.485433 -36.268444
-4.256717 -59.717823 -39.944508
0.838338 -2.941261 -34.923018
-0.794711 -6.599089 -36.463260
-1.645856 -17.681782 -37.166443
2.635826 -22.180395 -35.636022
0.321369 -28.392017 -35.562638
-2.411217 -62.874848 -42.861673
-1.273761 -17.169963 -40.211870
-3.290981 -39.872816 -45.374080
-3.697158 -19.990012 -44.560479
-1.746341 -25.624078 -47.086654
-0.501662 -38.095280 -50.383184
-1.997391 -42.349039 -50.786783
-3.361604 -33.904885 -53.868154
7.238848 -13.704596 59.469040
5.207519 -4.477257 56.823792
6.338337 -14.742822 56.828062
5.013873 -29.143822 57.289521
6.726254 -7.424951 46.277046
4.152525 -3.604523 43.738060
7.538794 -28.583793 38.044461
1.903459 -10.970282 31.732641
4.809112 -8.588358 27.512030
8.137147 -39.125185 24.897414
1.426887 -1.940084 22.736261
1.990125 -1.959582 18.252840
2.492693 -52.724660 21.009100
1.276244 -51.195239 19.010937
2.014661 -53.621808 17.911720
1.271883 -51.185735 17.185176
3.047705 -3.606135 14.761284
2.595335 -64.415300 17.373027
3.585610 -66.817076 12.566821
3.980507 -1.842112 11.107390
1.451950 -66.600304 10.020567
2.099675 -1.610729 8.563940
-0.587448 -61.605750 3.525713
-1.591679 -64.621165 4.300231
4.132500 -41.919130 -1.173305
-1.191758 -2.689326 2.972435
-0.237885 -61.766014 1.955201
0.092099 -59.797043 -1.001808
4.789048 -68.438143 -1.780132
-1.198070 -63.004568 -3.813739
-1.013380 -64.434313 -5.482175
-0.674991 -60.240755 -5.249574
0.345124 -62.815952 -7.546071
0.701699 -3.903903 -4.137783
2.594524 -40.450749 -4.190203
0.673825 -61.179065 -7.905423
0.163133 -37.848397 -8.732393
3.426322 -47.478198 -8.637305
1.738679 -56.152571 -9.699793
2.765510 -1.726524 -10.502484
0.209299 -1.841540 -12.888552
4.613321 -45.582985 -13.541844
0.592740 -40.728398 -15.606265
0.513171 -2.781220 -18.993751
3.248058 -42.642092 -20.843872
0.840095 -53.744202 -23.798612
0.700852 -1.791151 -21.748513
5.251489 -61.938709 -23.293005
-0.095833 -23.845783 -28.516133
0.553681 -28.746284 -28.284652
0.602303 -32.219838 -29.521888
0.052330 -33.665562 -32.174103
3.501116 -51.794869 -27.463388
1.699082 -32.580535 -35.236147
-0.355516 -17.198484 -33.196084
3.038718 -26.580613 -35.951257
1.955314 -31.857551 -37.059303
4.045733 -51.001728 -45.127669
1.332975 -38.484359 -45.093743
0.399393 -18.255477 -44.714862
-0.360343 -21.452594 -47.948671
-0.690325 -39.367882 -48.697265
-2.348325 -46.282220 -51.345136
-0.214619 -46.822844 -53.519437
-1.428527 -28.039019 -53.532847
0.333470 -51.202891 -55.124315
6.948754 -10.948941 61.703478
8.437870 -7.596136 60.708255
8.267140 -5.396708 58.020786
7.643565 -4.569687 52.131330
8.256585 -31.920371 51.538611
7.587148 -32.128456 47.387337
7.761541 -40.509014 48.858711
9.457193 -43.642079 46.461659
8.184903 -46.485739 41.478982
5.151424 -2.471002 37.867318
8.205188 -52.123167 35.164526
5.588042 -45.889680 35.149140
6.797182 -53.540838 32.940949
5.356310 -2.776242 31.097773
3.540441 -5.127898 30.499219
3.741294 -8.817873 30.516479
5.887561 -39.362004 29.307810
7.046431 -40.742968 27.372144
2.846931 -56.472597 21.515828
3.687749 -59.524025 22.402527
4.825525 -1.797244 20.090001
2.887137 -57.997692 18.528018
3.352544 -62.453258 19.779108
2.254017 -55.461888 19.174130
2.893199 -56.087139 16.185930
1.188515 -49.513348 16.128413
1.810016 -62.049866 17.322271
5.087033 -65.703427 16.625360
1.925673 -60.091848 16.547784
2.478470 -57.919231 15.523164
4.000542 -67.726012 8.287617
2.437409 -68.627753 4.502100
5.406339 -68.821070 2.135125
5.732244 -45.275927 -2.922324
5.212042 -50.950292 -7.505614
3.273828 -46.965888 -5.830013
3.375928 -3.861622 -1.994112
2.483027 -57.601229 -8.568019
5.257005 -56.838026 -8.275017
4.284695 -61.146777 -8.379487
2.384096 -41.768330 -8.368598
1.414077 -37.941310 -11.011924
5.612261 -49.979830 -8.860505
6.416678 -64.169944 -11.158029
5.493707 -46.927555 -16.634262
1.672400 -42.316976 -17.217180
5.534073 -46.258997 -20.257269
1.810142 -1.216279 -22.966913
1.328867 -51.320507 -26.545309
7.115626 -64.611412 -21.855117
6.267668 -69.430218 -26.418914
1.501546 -30.885989 -29.636560
4.660896 -57.647603 -26.671365
4.514173 -49.797431 -29.781538
4.928706 -52.285060 -29.112103
2.979206 -66.744091 -37.099805
1.756103 -7.272264 -37.305081
1.824277 -17.639513 -38.017552
-1.618539 -65.293658 -41.581813
-1.085089 -64.659744 -43.192866
4.317308 -24.695249 -36.663438
0.447320 -39.555960 -46.867949
1.085334 -28.142766 -46.657946
-1.276470 -36.894487 -53.875526
0.331262 -29.957061 -56.441409
7.695957 -18.344361 60.176118
7.146226 -21.271904 61.407630
10.178453 -29.036001 54.864953
9.588601 -29.414582 50.373361
10.346192 -29.635700 47.070328
7.184387 -5.291053 45.952666
8.800985 -28.363147 42.434338
5.700241 -2.765424 40.333539
8.094091 -45.898281 35.784799
9.521839 -28.926665 35.180364
6.160787 -6.864521 27.752928
4.890346 -10.288435 27.824428
10.420944 -44.256629 29.892707
4.222970 -57.617804 24.836608
7.000901 -58.848494 28.433630
6.945277 -4.607057 27.457109
5.911403 -2.817446 25.518458
6.608688 -61.765359 25.024348
7.378044 -62.140621 22.521362
7.517630 -41.158908 19.378119
6.198285 -64.703570 18.913735
5.853743 -66.287253 14.239408
6.829668 -65.969656 10.736952
6.577515 -66.797848 6.933483
5.247028 -1.519225 7.041753
4.346029 -1.664904 2.983597
6.225086 -41.326920 -1.122388
8.245221 -66.844815 -4.522158
1.484355 -3.522643 0.481107
8.002510 -60.496650 -5.860016
4.131115 -38.057616 -0.265788
4.175636 -42.611386 -5.889035
3.713809 -1.768281 -7.929536
6.828915 -56.054703 -9.174120
3.176067 -41.112003 -11.474016
4.594850 -2.037939 -15.101738
6.297911 -47.188528 -13.118878
4.288205 -56.175027 -24.667260
6.166350 -43.157126 -22.833936
6.814980 -60.730073 -25.342014
2.097634 -22.669285 -28.689280
2.865207 -26.059101 -28.443679
6.955052 -53.453948 -30.983042
6.635399 -55.627575 -28.776257
8.881633 -56.963120 -29.991232
0.878860 -0.189998 -30.845468
6.060006 -49.990010 -32.584650
4.460563 -68.564510 -33.906761
2.089609 -17.166839 -32.809450
1.018868 -5.641019 -36.882497
1.652453 -66.966327 -41.044966
3.793294 -19.427928 -36.905077
4.607395 -32.195191 -37.866953
2.188445 -62.980505 -45.499789
3.370671 -21.699182 -50.728615
1.136226 -42.683029 -53.463652
7.299721 -17.116236 58.300295
7.253810 -4.483146 56.339939
8.485714 -36.113946 47.887806
6.778904 -2.376728 34.966960
8.780746 -4.483377 36.299276
10.119418 -44.209924 37.750590
7.511799 -43.585852 36.048685
10.459637 -7.046283 34.890974
10.328558 -4.155787 32.738579
7.428365 -40.896646 31.107828
6.671893 -52.921646 26.565640
5.707422 -53.287084 24.106076
8.910611 -42.308883 25.165928
4.942738 -55.462329 25.176441
8.865006 -42.288456 22.336673
8.618391 -44.264563 20.048003
6.821637 -2.808847 14.684224
7.595890 -48.168327 -2.805307
6.972319 -47.697673 -4.937973
5.628645 -42.166113 -5.627822
6.694883 -43.710489 -8.989092
7.576119 -50.271178 -10.778900
2.543782 -42.475374 -14.685622
3.624273 -59.468076 -19.591372
2.479135 -56.967941 -22.051773
4.403897 -2.560477 -19.836681
7.847203 -67.464502 -23.013415
6.326788 -69.356914 -31.212333
4.118227 -21.495210 -28.960352
4.250327 -29.028941 -30.007159
6.782291 -58.421475 -27.152367
2.318874 -0.149582 -28.704709
2.689575 -19.399678 -30.429001
4.338344 -2.640744 -31.391783
6.541283 -65.688219 -35.333384
3.786197 -3.932450 -35.478496
3.061404 -8.384551 -37.488098
5.181500 -49.578566 -42.464167
1.120405 -66.164440 -42.694740
4.568898 -21.766567 -38.385403
6.242884 -27.919322 -36.946536
5.928548 -24.467720 -38.736391
4.465758 -66.694029 -42.504595
3.386977 -39.150264 -45.044493
1.119985 -40.067810 -51.358713
9.814781 -10.283138 60.848422
8.098948 -23.808670 61.030112
9.921035 -6.113012 53.242460
7.345373 -6.309203 48.530016
10.457265 -34.958331 47.324564
8.427926 -2.108095 44.060193
8.577835 -2.009389 40.444676
9.939928 -30.673935 39.547950
10.075825 -9.976208 34.832995
9.050125 -41.725527 32.985424
11.333057 -47.011740 33.664392
7.848284 -2.510562 30.901729
8.478739 -54.314013 32.504616
7.227956 -54.893981 29.866035
9.528073 -57.681519 31.358183
8.195494 -39.993826 29.079053
9.211559 -5.301657 28.014470
9.865538 -43.928191 26.523505
11.174762 -61.460410 20.861359
8.883805 -62.950742 19.510102
6.280092 -3.323806 16.126726
10.668880 -46.900413 18.641157
6.847074 -5.033389 15.211427
10.247941 -43.707517 16.483222
7.931696 -65.004101 14.673526
11.543543 -53.398192 15.435751
8.746701 -65.430007 12.606291
9.721136 -65.270641 9.796389
9.058123 -65.318621 6.129321
7.848965 -67.808561 3.315352
10.015992 -55.394747 -6.088404
9.438340 -68.059151 -0.321040
7.996209 -49.760536 -4.228110
7.959241 -51.940150 -6.296576
8.091886 -37.871961 -4.558150
8.445839 -39.579180 -7.710737
8.505733 -40.758960 -8.800191
9.177567 -61.519610 -9.358136
6.399544 -1.771357 -10.225809
9.071985 -54.275054 -10.338163
6.708827 -43.946431 -11.654903
6.285216 -1.869951 -13.234800
3.872200 -43.619034 -14.008987
8.797777 -49.707258 -15.312341
4.086152 -43.709483 -18.328102
6.943258 -45.697060 -15.049721
10.843735 -52.783401 -18.067932
3.505546 -2.183116 -21.629180
7.269974 -48.120343 -22.474272
8.558094 -45.808414 -24.723299
10.950734 -44.846018 -25.997944
9.426617 -66.663777 -24.105730
10.430266 -64.434599 -26.054438
8.887077 -68.555638 -27.154565
5.003535 -1.569760 -27.287883
10.347488 -60.408652 -29.347043
9.837589 -67.040543 -30.742423
4.148233 -30.492824 -33.290845
8.199694 -66.596049 -33.028192
5.440476 -36.268261 -37.378891
3.879694 -16.652110 -32.491753
8.031238 -50.746859 -34.815793
9.298913 -54.321914 -35.101230
10.971355 -57.208917 -35.784372
7.633407 -66.928920 -36.636464
3.393756 -10.190878 -37.414909
5.327727 -67.464850 -38.574345
4.606284 -34.665588 -41.634338
7.135334 -49.368673 -43.967195
4.314832 -28.451872 -47.497148
2.476171 -18.684119 -47.504594
5.394808 -26.103603 -49.684862
2.705102 -39.381333 -48.269900
2.999929 -37.189559 -52.986874
2.447263 -25.407187 -55.240246
2.914307 -48.177895 -56.980861
1.472627 -33.651555 -56.689929
4.609255 -55.319786 -56.818892
10.653977 -20.887904 61.717884
9.686042 -14.841248 59.224598
11.373890 -6.747399 57.817632
11.572901 -7.091566 54.971071
11.314780 -10.273326 48.191160
10.755301 -39.085558 48.458778
11.884999 -43.905932 45.069903
10.181632 -42.859502 35.401240
10.634448 -27.308220 34.476163
12.096902 -52.986778 31.359630
11.057112 -46.701960 26.960969
10.240011 -60.151066 26.782988
9.948427 -45.749796 23.955207
11.399350 -49.596099 20.979517
10.842147 -64.295724 16.774699
12.613482 -57.655395 15.313589
13.947242 -58.781806 13.582966
9.104503 -1.410736 9.415341
7.351224 -1.529210 4.352127
5.792351 -2.794490 -0.801946
7.158952 -2.973205 -4.751709
10.410816 -63.825850 -11.161807
7.548639 -46.106640 -17.114894
6.169063 -43.631630 -20.207716
8.833094 -49.670483 -21.005791
5.685470 -59.889667 -22.440501
7.182944 -2.007535 -22.073012
7.028519 -23.015321 -28.968922
11.355269 -64.283923 -29.484629
4.664204 -18.129317 -30.753334
4.732453 -32.697014 -36.322659
11.013214 -57.147938 -32.586805
10.156292 -65.046127 -34.042357
5.850979 -14.467486 -33.137844
3.804563 -13.801879 -34.890307
11.173219 -65.144579 -36.023009
5.654336 -11.477422 -35.334365
12.072481 -59.896762 -37.150760
9.177345 -66.313677 -40.671563
6.520307 -51.436580 -43.220495
6.287528 -64.342034 -45.337058
3.345037 -16.666810 -39.766847
6.261868 -18.854084 -37.701481
9.361927 -29.590818 -40.093104
4.245276 -56.727184 -46.359123
5.158576 -59.911042 -46.959087
6.490622 -15.656914 -39.553740
7.572747 -32.108758 -40.748304
8.221043 -48.662055 -42.177815
3.892692 -16.353920 -42.808428
4.776846 -38.320214 -50.758791
6.151067 -53.441136 -46.914444
3.203099 -43.186972 -55.637343
5.856724 -56.252110 -48.765800
4.485050 -58.292761 -50.167288
12.776387 -9.054456 57.953926
12.731802 -11.172972 59.689731
11.364277 -13.226095 60.318482
14.065874 -15.151166 60.124477
12.671378 -18.574088 61.066960
12.405279 -24.044968 60.179765
13.673579 -27.017584 57.564105
12.002815 -9.516041 51.619397
11.372527 -33.482364 44.410656
10.254121 -28.329842 38.177722
11.824844 -30.416646 34.973924
12.060529 -12.278999 33.226641
12.705608 -27.061447 31.197689
10.942353 -49.675605 25.167686
11.565735 -51.078801 27.526390
11.380710 -51.951142 22.942944
11.674067 -1.910765 27.615884
10.001412 -1.534366 18.573258
8.642023 -2.647992 16.285972
10.163345 -3.623078 14.783921
14.069277 -58.814708 10.048026
7.423138 -44.521318 -3.381584
7.889362 -39.887947 -2.966921
8.854982 -1.582608 1.540626
6.401528 -2.212169 -6.605673
10.181790 -41.792009 -11.519480
10.908839 -58.639982 -10.119523
9.966938 -52.097502 -13.206772
9.752717 -43.615990 -13.767245
9.242560 -2.343579 -19.296205
6.720127 -62.741210 -21.118173
8.121741 -55.299734 -28.252727
10.017515 -41.975786 -26.010579
6.829494 -51.602121 -30.436487
8.291390 -19.899649 -29.214307
6.829714 -25.974053 -30.475809
7.040164 -16.540762 -30.887398
12.249747 -61.233034 -32.447459
6.946546 -5.040170 -33.321260
12.248442 -60.826294 -35.689035
6.313418 -7.182998 -35.482119
6.090755 -8.706613 -35.876020
12.510446 -63.503312 -38.264663
7.046386 -54.197801 -44.841670
8.317520 -57.055342 -46.020403
7.453451 -20.484845 -38.218210
8.507848 -24.228491 -39.948935
8.220841 -63.115645 -46.474980
6.057444 -16.779967 -46.919136
3.451856 -51.597445 -58.400743
3.584155 -27.823881 -58.831300
13.596294 -11.053610 52.409695
12.661843 -31.748410 51.661982
13.881926 -11.413056 48.079733
13.689484 -30.060882 43.289293
13.218445 -34.909972 45.784840
14.447214 -37.023181 47.313900
13.806934 -39.918334 47.967075
13.915004 -41.886270 46.909468
10.148695 -3.952755 47.249318
9.656991 -7.278701 47.341836
13.462244 -28.561454 39.329720
12.163001 -45.008280 41.385499
11.344112 -2.541629 37.900927
13.634265 -4.033102 36.895401
12.670224 -31.666230 38.112454
13.371316 -10.108671 34.929004
12.126494 -43.861386 37.655528
11.524600 -50.522604 34.292895
12.966191 -56.192981 30.414136
12.900420 -28.835116 33.083732
10.375270 -41.105964 27.954051
12.972633 -58.021053 28.109869
13.404120 -54.974672 26.317291
13.284217 -59.707642 23.455621
9.147730 -1.467984 24.610239
13.410451 -54.891156 18.237952
14.083936 -52.483446 19.496780
10.050131 -45.261229 19.881387
12.236587 -48.911670 17.557089
13.442766 -48.555228 15.670488
12.305329 -45.670791 14.927146
11.694057 -65.640214 12.887718
9.995280 -2.103220 13.726169
11.313893 -65.485827 7.982264
12.581971 -67.266711 0.589527
8.926080 -53.527082 -3.964146
9.684029 -2.460581 -1.568407
12.626536 -38.113620 -6.632884
9.482805 -1.892951 -15.017752
8.524045 -65.859660 -17.409179
9.626128 -46.423856 -18.538466
13.231247 -51.673217 -20.738705
9.050750 -48.884017 -23.153755
9.593456 -47.650574 -25.101276
7.648069 -28.475068 -32.626799
12.524225 -62.565203 -33.841584
6.943941 -32.651964 -38.119740
8.671118 -35.795230 -41.015950
8.127064 -14.448933 -40.489263
10.399997 -21.875417 -38.747736
10.368811 -23.069871 -40.081966
5.719019 -38.613411 -47.215146
8.624244 -14.714319 -42.058381
6.962755 -15.953988 -44.339237
5.545980 -24.238830 -51.675276
6.587794 -27.263743 -49.233916
7.595894 -58.729234 -52.001077
4.706135 -23.424906 -55.148823
14.898388 -21.508233 59.367587
14.982374 -13.054119 58.864036
14.238612 -10.359491 55.279064
15.882737 -21.598684 56.686261
15.869388 -21.342945 51.903899
15.858492 -29.868676 54.073920
14.295670 -14.761690 48.887537
14.799712 -15.554665 46.632834
12.917224 -31.801120 46.886834
11.414426 -1.563347 41.445596
14.053271 -33.484425 41.653217
15.260398 -30.925424 40.059355
12.312035 -42.778451 32.891140
11.180567 -41.719542 31.097686
13.525902 -9.187634 33.004302
16.784397 -26.686152 31.696750
10.187675 -46.007172 23.069156
12.298162 -53.429689 23.299439
14.535737 -54.073941 22.772933
11.025303 -1.872787 22.781001
11.923786 -46.209620 17.991187
11.614176 -3.339966 15.469399
14.485788 -63.646268 17.355644
14.932408 -61.000993 13.497450
14.651695 -64.800725 12.711354
16.010445 -61.352664 9.873594
14.345461 -65.753457 7.724190
11.237628 -1.336820 6.595182
13.996832 -57.517739 6.020537
13.074029 -65.370641 4.032405
8.320067 -47.867315 -5.167001
9.593556 -39.801655 -6.649619
7.468159 -46.029350 -6.301263
8.103018 -43.053627 -6.698946
11.159247 -40.980159 -8.298846
7.898792 -45.130325 -8.892727
11.004963 -1.918017 -7.977021
12.476167 -59.984709 -11.183013
12.431627 -54.529709 -14.812801
11.780237 -64.933143 -13.690408
14.428050 -57.554618 -15.891513
11.377758 -66.092742 -16.138412
11.643632 -43.347706 -15.586203
11.699195 -65.132191 -21.561391
9.262930 -44.851010 -21.258075
8.730407 -64.325087 -21.235126
9.162547 -62.341388 -22.962525
9.121049 -59.349972 -25.262460
12.079073 -48.202825 -22.634457
8.431043 -1.505090 -24.729412
8.662533 -1.634016 -31.130238
12.621632 -41.087920 -28.047413
9.406308 -52.213254 -43.575862
8.799332 -59.925568 -46.905964
11.824574 -18.987559 -38.863081
9.466830 -32.610044 -44.778077
3.867776 -45.413018 -56.287917
2.383168 -36.702429 -57.336295
7.559134 -56.604809 -56.382910
4.590925 -40.607411 -58.552416
7.317385 -54.716110 -58.457542
5.002758 -30.434569 -60.811647
2.947450 -35.887165 -59.877823
6.982372 -38.220705 -61.737564
5.520951 -35.997384 -62.301640
16.178701 -15.077285 57.214423
15.755375 -19.265254 58.981585
16.320112 -17.792283 56.483226
15.958607 -14.480046 54.695730
16.515185 -24.472001 54.711080
14.898239 -13.490946 52.093919
15.386956 -17.380148 52.595419
14.811301 -16.636780 49.980352
14.272286 -32.952463 48.559138
14.738963 -19.352081 48.944889
13.158147 -3.337154 48.722555
12.409127 -7.665623 49.615135
17.242234 -40.077516 46.888229
16.252696 -44.827021 44.089619
15.396839 -35.328212 43.927079
12.835327 -6.570371 36.091661
13.732422 -27.234910 35.337001
13.181734 -44.288258 34.730454
15.036929 -5.833063 33.105538
15.184879 -11.167767 29.787686
14.203676 -13.000059 30.900467
12.306076 -44.294164 31.199138
11.137368 -45.147028 27.631304
11.690433 -47.739857 27.492976
12.036233 -49.677636 24.874142
15.058978 -57.607522 24.377988
13.865762 -48.903417 19.976429
16.621172 -60.244577 21.611636
16.472140 -55.983437 20.829131
15.586949 -59.056168 17.691283
15.953220 -61.995307 15.845320
14.281389 -56.994075 8.012707
13.649663 -54.371503 3.934674
14.833369 -54.762810 5.338532
11.913931 -67.866198 -3.340377
9.382836 -50.434034 -5.495447
11.670417 -66.947893 -6.236083
10.369520 -64.517312 -8.066953
10.507654 -2.472470 -5.017427
10.100837 -43.866238 -10.721014
9.350677 -49.270920 -10.724729
13.628243 -40.724513 -11.032786
10.745252 -1.880271 -11.810744
13.764803 -62.692421 -12.817112
13.992701 -58.863411 -13.833725
12.238843 -65.868772 -18.273153
11.801166 -45.415999 -17.193407
14.074608 -57.004134 -19.799887
7.906916 -1.120508 -26.860513
8.448285 -24.174755 -32.733803
10.765719 -53.850150 -32.811355
9.442219 -13.601229 -32.021929
9.913810 -29.617018 -35.044856
9.186419 -8.200037 -32.571616
11.082373 -30.473923 -38.440225
11.579534 -49.236662 -34.106968
10.377572 -33.766020 -39.716415
12.318689 -57.844383 -45.390644
10.742701 -15.075245 -40.212368
11.990458 -61.654124 -46.001142
11.064580 -64.036021 -45.332604
11.334292 -25.480752 -43.125393
9.093606 -28.885394 -43.749947
9.988004 -15.269915 -43.546395
11.065191 -49.244950 -44.587267
10.989583 -49.777732 -46.035304
11.169333 -52.208620 -47.935607
9.682944 -55.502315 -47.803251
8.819089 -18.844755 -52.173799
11.247378 -57.058606 -50.846773
5.495512 -47.816218 -58.744282
10.411751 -58.027504 -54.279576
4.580511 -24.551989 -57.960711
9.981414 -50.994278 -61.938066
17.183794 -31.554676 52.299652
16.247015 -32.726649 51.250189
16.336126 -32.267686 46.049505
15.774691 -37.209835 46.365797
12.279049 -1.559656 43.028574
14.352037 -1.783421 40.148292
16.385164 -27.116142 41.528125
13.793369 -30.776853 36.358543
13.856250 -48.274894 33.070635
14.312578 -3.549997 33.063637
12.435116 -46.923283 30.394119
15.147698 -25.517701 29.464022
16.127664 -8.851243 27.734579
13.489672 -51.423702 28.075857
13.596198 -51.070584 22.589541
16.527348 -57.693777 22.943403
14.917384 -61.834449 19.012020
15.113674 -54.305055 16.647491
14.697234 -2.705825 12.441259
16.728678 -63.425485 11.680906
17.907211 -59.757950 4.553021
15.104049 -52.388631 2.325933
15.073050 -56.690812 3.280351
15.061064 -54.607834 0.459678
12.740649 -1.818457 -5.324682
9.734574 -51.668288 -7.616932
11.437132 -61.375211 -8.967286
12.488826 -65.985040 -8.571836
12.180757 -42.211913 -10.709239
10.030662 -46.491783 -13.090291
15.076842 -62.321260 -16.510505
14.376575 -43.887669 -17.829233
12.773104 -46.310938 -19.864859
15.508600 -61.398298 -18.150224
12.926464 -44.766978 -22.605778
12.810045 -64.137232 -25.316738
10.835703 -59.644835 -28.390846
11.999717 -56.953212 -31.417596
10.485887 -21.018409 -30.536824
9.885355 -26.601481 -35.650754
11.269046 -0.941094 -32.728111
11.926003 -51.009752 -34.464683
13.304826 -64.952420 -41.181615
14.385616 -17.637363 -42.459372
14.289334 -19.860413 -41.588083
10.190178 -15.902492 -47.693844
8.427601 -24.354467 -52.353474
12.619484 -50.227081 -51.252941
13.151749 -54.231630 -51.747180
8.189492 -40.556323 -59.121855
5.713082 -43.701264 -59.476995
11.064758 -55.385522 -58.250371
6.190729 -51.460317 -60.025305
7.139839 -33.103009 -63.412775
14.162040 -1.743171 44.475684
17.321471 -35.622335 44.214233
18.993881 -37.989818 45.616798
14.828710 -46.076479 40.164375
15.706824 -26.135797 37.307409
15.761781 -6.574036 35.144340
13.814403 -44.930599 38.355857
14.208597 -46.388285 37.046105
16.210735 -48.593544 39.053030
17.062319 -25.538055 34.130691
15.407635 -50.876574 34.406774
15.051402 -53.308590 30.421063
12.388810 -2.150887 31.071574
15.408468 -1.558881 30.777027
13.878421 -1.527904 23.999573
16.079967 -65.671382 4.277703
17.078238 -57.998077 1.674659
12.116374 -1.715213 1.564252
15.533980 -65.806803 1.479254
18.379545 -65.699157 -1.349903
16.388419 -54.960116 -1.378729
16.043449 -41.447904 -5.060245
14.572998 -67.177867 -4.480953
11.269872 -57.356738 -8.994738
12.902826 -62.201302 -11.157992
13.231597 -43.126427 -11.785468
12.518122 -54.108773 -12.803117
14.883502 -43.445181 -13.250462
15.273740 -65.169677 -21.114698
15.110935 -54.076930 -21.176129
11.338334 -61.611416 -26.639096
14.951811 -63.098998 -26.535771
12.871742 -60.939408 -28.788198
11.420510 -1.882877 -23.604064
14.433682 -59.460884 -30.098124
10.296986 -21.114553 -34.230072
9.101985 -24.270202 -35.059816
11.851547 -52.031793 -33.812637
11.516867 -0.273895 -30.034115
12.543730 -55.706556 -35.574455
10.813583 -50.653260 -43.624765
13.274897 -16.070451 -40.525498
10.604716 -30.255091 -45.287092
13.018743 -15.869071 -44.278406
14.833695 -23.183692 -42.458188
14.161656 -46.877273 -52.139540
10.487053 -25.740851 -52.271108
6.744472 -24.276615 -53.089055
10.023093 -39.665797 -58.013517
7.794445 -22.741689 -58.042813
7.211158 -47.994920 -60.970537
6.686316 -26.059068 -61.950775
9.009816 -38.845792 -61.012741
7.909407 -44.148840 -61.147088
9.799635 -44.623651 -62.550024
9.444328 -47.947037 -62.494252
8.071413 -30.441750 -63.509016
16.690472 -3.038266 52.071773
13.957016 -5.205705 52.248148
18.751428 -28.356416 43.570879
18.990111 -43.403848 44.725617
17.968014 -3.270608 40.422755
17.975658 -33.755857 43.166533
17.842189 -3.826958 35.888791
19.733543 -24.568878 36.899819
18.491475 -46.907113 41.797415
18.766709 -50.741721 37.282046
15.623526 -28.355145 36.070393
18.687505 -52.558955 34.087607
18.498676 -53.202404 32.609038
15.785427 -27.338788 33.711253
15.700400 -55.345560 27.181481
16.561653 -6.422003 30.019224
17.177012 -26.324426 30.176668
15.086172 -54.143804 24.288099
18.876514 -7.975754 25.815494
16.109470 -51.073627 20.549764
15.303389 -1.843780 20.466995
13.614858 -2.202556 16.907165
15.701810 -3.044876 14.276215
14.828196 -51.113948 16.667556
18.159879 -62.714389 8.161176
17.537480 -65.199428 5.954082
19.864082 -59.612065 -2.643114
14.805029 -1.375312 -3.774890
18.576292 -56.882813 -5.076377
15.287494 -43.966327 -9.193739
13.347704 -58.699386 -12.119073
13.373561 -45.142843 -14.039304
12.434638 -51.053244 -15.235133
13.172121 -2.098358 -16.546099
18.754107 -62.292223 -19.803274
16.903808 -58.816196 -20.098874
17.906005 -55.951249 -21.069320
15.443340 -42.721232 -26.378430
14.120644 -16.367905 -31.247750
12.665388 -4.076877 -32.687265
12.875553 -8.799030 -32.750477
12.386291 -13.172276 -31.830273
14.498568 -50.836868 -34.705574
14.104265 -62.499733 -44.506722
14.197415 -15.585514 -47.181851
10.987007 -22.527824 -53.862959
13.726999 -38.023236 -59.131655
15.497023 -50.282334 -53.718248
14.257151 -56.128401 -55.853006
9.622544 -22.715564 -55.282596
10.821354 -41.438913 -60.116338
13.899423 -55.439905 -57.606096
10.547430 -36.726089 -62.215628
10.110722 -34.781774 -64.075023
12.686396 -53.628060 -60.442489
11.600525 -49.252494 -63.052889
8.584717 -28.806091 -64.069499
15.285740 -9.830436 51.223878
18.715177 -22.786777 54.314656
20.116224 -27.780231 52.863261
19.446139 -32.752724 48.761190
17.022843 -17.904022 48.969449
18.224843 -2.716775 44.118207
18.915604 -24.493799 40.046059
23.397268 -32.416270 42.170005
18.874553 -49.019823 39.479595
17.450060 -27.901983 39.300245
15.586786 -10.877435 32.204277
20.146145 -53.975121 29.854009
16.692968 -0.516381 27.840046
17.670693 -4.071312 29.695995
19.480835 -26.762386 29.582269
16.273559 -56.005736 24.496905
16.672796 -54.890853 22.316051
17.601058 -58.961650 16.672405
17.768506 -60.700494 13.102947
16.473074 -1.541704 9.724474
15.114047 -1.504375 3.317784
17.965382 -65.467724 2.011990
17.775087 -54.322444 -0.580172
17.089428 -66.300366 -6.090853
15.392880 -65.523690 -11.086086
14.094782 -61.652059 -12.700932
16.553733 -63.370045 -14.836105
14.991419 -1.074171 -11.501954
14.490183 -46.805610 -15.321326
13.867053 -1.844753 -13.910454
14.948443 -1.815860 -20.257852
14.557854 -49.159959 -20.848000
16.610485 -47.654652 -23.586102
15.369597 -45.121174 -26.551765
14.936385 -40.705961 -28.581030
16.388623 -55.648804 -31.643499
11.089799 -22.690157 -38.350723
14.826332 -40.258216 -30.501626
10.925233 -26.911123 -38.702911
15.568948 -49.880673 -33.537051
18.421065 -39.939109 -32.682315
15.838696 -48.046581 -36.570433
14.298525 -56.761391 -35.077246
18.385670 -59.745135 -35.584125
14.058221 -61.337924 -36.127553
13.407839 -62.484768 -37.069425
11.981198 -16.437825 -50.528892
16.009989 -52.686119 -54.267601
14.450656 -35.696006 -61.338650
7.389122 -23.773844 -62.075300
10.872362 -30.413537 -65.539670
12.546384 -45.822711 -62.711508
15.645425 -52.621648 -61.130345
10.039123 -26.504828 -65.600822
16.204493 -5.139140 54.575151
17.074612 -9.307210 55.869223
17.153492 -12.892986 51.260770
17.732875 -18.799689 53.140287
21.513479 -29.599517 51.584651
16.051257 -11.563484 49.472777
16.632902 -14.334624 47.022997
19.566555 -31.985397 45.533739
20.474940 -4.991193 42.163657
20.939099 -36.958710 44.327730
20.918171 -43.731709 43.658045
21.664355 -27.803626 40.183577
20.966734 -46.752515 41.050908
17.857999 -30.608573 40.976207
18.685355 -26.560205 37.073456
21.135035 -40.054409 34.443666
20.598482 -41.827891 31.742127
20.592593 -38.414959 32.257748
19.728279 -39.583047 29.462808
18.498267 -57.350500 27.360530
21.764225 -58.121135 25.499151
17.726260 -1.180640 23.411594
18.186368 -53.303826 20.219070
17.757530 -56.974921 17.746115
17.501013 -3.016595 12.908269
17.905157 -60.638373 9.864629
14.984144 -1.117188 6.582433
17.335683 -55.961420 2.211588
19.772499 -62.632056 5.083814
20.678943 -62.975599 1.346245
21.126173 -64.474735 -3.725203
18.330931 -65.665847 -9.821902
16.380971 -46.734076 -11.379259
19.912666 -58.440936 -9.117365
17.955962 -64.982843 -12.963143
15.434052 -61.513148 -14.956849
14.662532 -57.342956 -15.071273
15.559010 -48.229290 -17.318772
15.595087 -52.463029 -18.562091
16.792243 -45.029450 -17.252980
16.040888 -43.947952 -21.216980
17.173247 -43.138177 -22.136515
20.520463 -62.857635 -23.219642
16.698431 -49.854137 -20.777316
18.385533 -60.126655 -28.061639
17.429543 -62.708280 -25.899372
19.803245 -47.946985 -24.328880
14.559315 -1.545364 -24.770691
14.164517 -1.039333 -28.758915
13.650086 -18.260627 -36.783673
14.689264 -0.576536 -31.547750
14.917890 -11.417258 -32.520820
14.811158 -23.630867 -39.332556
17.218410 -52.848202 -35.341740
16.058400 -55.246060 -34.429655
14.882986 -63.782697 -37.825568
16.393092 -62.227302 -44.582078
17.639189 -62.973290 -42.580224
12.460530 -28.218920 -42.204734
12.224447 -31.011251 -42.367920
11.847235 -52.547288 -45.187824
16.039271 -44.452835 -51.139740
13.024750 -19.200225 -54.193502
13.959078 -25.868624 -53.471625
13.203906 -22.466990 -55.356929
15.895550 -54.197870 -58.791752
12.036481 -20.533981 -59.272459
12.762599 -33.213492 -64.455427
15.830578 -47.913316 -62.711896
19.051291 -4.909826 56.499590
18.694235 -8.400649 57.745168
19.497499 -12.293707 57.114330
20.399009 -14.817136 57.028344
20.275879 -17.744244 56.298599
18.705603 -16.089374 55.157159
21.499642 -21.191975 55.607884
17.896965 -15.840143 52.974824
22.056327 -26.552280 53.158514
18.958099 -2.538684 47.793069
17.417783 -15.262976 49.305327
21.820485 -32.438231 48.214689
22.069853 -31.694821 45.782057
23.323508 -25.931532 41.781052
22.102650 -40.839122 44.193855
22.926029 -43.643506 41.185301
22.912863 -36.676547 40.180439
22.265649 -37.762016 37.004382
22.210098 -41.018382 36.044896
21.793617 -48.880366 37.861019
21.489030 -51.349301 32.800180
20.431204 -26.368468 35.230308
21.001031 -24.804616 33.618156
23.151071 -49.143774 30.733708
21.315413 -45.054427 28.316669
19.296652 -25.385362 30.807975
21.491739 -49.299203 27.437822
20.774078 -57.339333 20.999140
20.741913 -1.056329 21.293689
20.305845 -54.089225 18.048294
19.710590 -61.021262 16.097566
17.505413 -59.549499 7.610649
16.992638 -58.627646 5.990616
17.689772 -57.678950 2.839357
16.998634 -1.301311 4.871115
16.926123 -1.466656 -2.995364
21.134375 -55.017530 -1.604296
21.726066 -61.543585 -6.033351
16.045096 -0.526676 -9.224888
15.101202 -42.067104 -8.855816
19.323604 -63.587429 -15.403524
17.304378 -61.072879 -17.491296
16.291978 -57.994681 -17.750529
16.211658 -55.379738 -18.336245
20.415761 -59.824129 -20.322016
19.172699 -54.153594 -20.988658
21.522203 -60.935121 -26.719368
18.078269 -44.827853 -27.446854
17.979556 -53.132714 -32.837881
14.584080 -17.918623 -33.875554
14.364533 -1.084085 -34.029697
14.261748 -6.120719 -33.561070
18.742513 -57.602091 -35.040662
18.864060 -62.030973 -36.927609
17.953827 -51.105336 -37.553529
19.042034 -48.248437 -40.555088
17.117417 -63.869897 -39.049110
12.280621 -53.507612 -47.750094
16.576147 -17.480188 -42.541101
13.515033 -17.167819 -52.601683
17.912548 -52.339313 -56.122425
14.671421 -41.309208 -60.072530
12.321017 -42.245770 -60.832749
14.753446 -43.966506 -61.720909
18.027242 -50.646970 -61.117873
13.121627 -23.151398 -66.409775
12.810317 -29.355511 -66.734627
21.126935 -8.095817 58.204540
20.804810 -4.170971 55.929013
20.259219 -2.731209 53.152194
22.318559 -24.934115 53.866450
22.996611 -30.924535 49.879391
22.540301 -29.702701 44.132415
22.040689 -4.371981 44.776265
23.343817 -40.361756 41.409843
23.341321 -44.607719 38.900148
23.284537 -47.231548 37.450276
22.568308 -44.546204 33.790965
17.177705 -7.670149 30.440109
19.876560 -1.351344 26.789600
21.255809 -3.296024 26.274564
21.356186 -5.319151 25.220283
17.433281 -2.007737 16.976923
18.824428 -50.865771 17.703417
22.796981 -44.969701 8.575030
19.312771 -60.864227 4.790899
20.350665 -59.228505 1.551052
17.200098 -1.635918 -0.993051
19.707844 -37.540803 -4.478625
17.808613 -40.992531 -6.116432
21.884641 -62.628057 -10.071835
20.533351 -65.078518 -8.681255
18.658261 -47.589325 -13.214436
21.226091 -58.499610 -13.694228
21.213777 -61.628660 -12.667263
21.096870 -61.655191 -16.722483
17.678983 -50.425473 -18.835803
18.907379 -56.409600 -19.760154
21.233991 -59.395133 -19.865767
16.672172 -1.178205 -16.381510
18.876573 -51.467585 -20.788672
18.972060 -56.840264 -30.991840
18.805247 -1.660713 -25.175428
19.313034 -40.719858 -30.399068
16.582655 -41.431010 -31.123841
19.306191 -41.838912 -32.896835
18.247948 -49.055019 -36.602033
15.538802 -2.687678 -35.163543
17.021439 -25.688752 -41.094944
19.080104 -54.795337 -36.033919
13.838479 -58.610519 -47.763173
15.118649 -56.956480 -52.261002
13.439140 -55.241068 -51.120072
16.396359 -15.873557 -50.197564
16.971672 -45.710559 -62.465770
9.293135 -21.733963 -60.596671
9.946570 -22.579528 -64.956245
12.044661 -19.663174 -63.118959
23.390577 -10.936982 57.233201
23.408555 -17.696884 54.890331
26.483400 -19.078118 51.251416
24.986330 -22.877823 52.143969
22.260213 -2.517942 49.831374
17.517643 -3.508789 32.882066
16.975034 -5.527406 31.806286
20.184246 -26.642557 33.146855
22.420249 -23.954463 32.293087
18.558970 -5.729289 29.142223
22.329974 -25.184775 29.565419
22.044520 -1.094532 23.988161
24.918063 -7.461595 21.513109
20.981710 -57.547170 17.882862
22.159662 -62.208873 14.175082
21.861875 -49.120208 8.763358
19.667685 -3.134435 10.489281
21.065055 -48.568346 6.128899
20.506109 -62.646460 7.515629
20.860488 -46.706523 6.760834
22.317415 -49.597642 2.958713
22.699458 -61.878773 3.613549
19.546521 -1.218452 6.253008
22.323363 -56.422769 1.144738
18.779901 -1.727976 1.088949
21.760009 -38.440799 -6.899731
19.108429 -42.571328 -7.460512
16.322631 -0.815764 -7.309137
19.119164 -45.565504 -10.413034
20.466704 -39.530004 -7.844431
22.229114 -57.453100 -7.163008
20.103145 -42.538595 -9.009403
19.701118 -45.948823 -12.829754
18.334301 -48.983779 -17.411914
19.275798 -52.367161 -19.558529
18.446949 -42.394615 -25.458490
20.448484 -56.882592 -20.961067
18.671519 -41.799357 -27.791070
19.745901 -8.538282 -32.678234
17.625417 -14.931410 -32.319796
18.061708 -20.137388 -33.328178
15.399979 -19.043253 -37.622989
18.008740 -21.132408 -36.138459
18.540818 -24.844413 -38.709539
17.538568 -1.709242 -32.704053
16.488856 -7.393550 -34.479891
15.217454 -4.514423 -34.159140
21.162566 -40.007239 -35.721776
20.763080 -52.552114 -40.558048
20.572914 -53.932034 -38.911806
20.841320 -50.772965 -42.583507
17.782637 -16.077087 -44.765437
15.643863 -49.849223 -52.082537
15.410149 -53.565425 -52.742869
17.585645 -18.157680 -54.684229
18.978818 -44.579124 -53.384060
18.424927 -48.494867 -54.995378
15.276283 -32.678711 -64.788318
18.224073 -33.945522 -63.494872
17.737948 -27.606522 -65.331482
14.840903 -20.346486 -65.735253
23.546313 -15.510145 55.478472
22.752701 -2.651981 53.461578
25.187824 -12.413340 54.769884
24.445420 -14.207625 51.297466
24.141573 -18.188929 51.295096
23.841506 -27.224187 52.135484
25.569329 -14.399519 48.476777
24.924267 -16.615411 48.969665
25.155801 -24.290243 40.019873
20.672964 -1.760050 35.902098
22.185725 -1.617051 32.716789
19.986523 -2.714326 29.443175
22.434514 -41.700761 33.284193
22.322201 -43.079959 30.924207
23.571653 -21.933717 29.138894
22.593394 -7.603897 24.680866
23.307837 -0.892084 22.074108
21.512112 -1.329154 17.911565
21.333243 -2.301668 13.574667
22.576046 -60.613006 16.851834
23.280289 -50.512010 9.281402
21.123033 -63.061502 10.241933
22.683774 -52.356974 6.213044
24.927799 -57.194285 5.048126
23.993049 -58.992810 2.724598
21.302744 -1.325897 1.424704
23.323827 -51.301869 -0.761258
18.066627 -1.233345 -6.316129
20.936024 -0.710207 -10.391638
21.604567 -37.024845 -10.527046
19.426072 -0.165783 -12.803304
22.639793 -41.046924 -12.579934
21.676991 -43.334528 -11.262028
23.189157 -59.495432 -17.591333
18.909011 -45.750375 -20.023821
18.882041 -42.514926 -22.804118
17.671892 -1.131745 -23.333005
23.218674 -56.833925 -21.475519
21.012663 -51.113054 -21.246240
23.509719 -53.241972 -21.376955
20.272932 -41.291066 -26.484994
21.482342 -60.051909 -29.346080
21.173023 -45.162465 -29.178121
17.533520 -50.484990 -33.856026
18.637726 -5.982984 -32.448506
19.296754 -26.099867 -39.742813
18.252122 -3.669961 -36.306773
21.663068 -58.118835 -38.239209
20.581864 -61.758870 -41.588796
21.260625 -59.580631 -46.181867
20.715360 -48.575942 -43.167207
18.212333 -15.504507 -46.982132
17.380937 -46.835722 -51.717280
18.685153 -58.887304 -51.441198
16.328045 -19.677880 -56.584571
21.259268 -41.365935 -51.943483
19.091063 -50.548376 -57.943366
18.729383 -42.718688 -61.912361
20.898447 -47.972101 -61.019906
18.444426 -18.577740 -65.410005
14.382849 -25.672413 -67.372021
24.947761 -7.527414 57.272800
25.943524 -4.908338 56.176186
26.663674 -27.093237 49.520868
25.194387 -26.891784 51.404855
25.575739 -30.166810 47.169387
22.543609 -2.897117 47.467159
25.222259 -27.208999 42.731119
25.111476 -21.648482 37.659846
21.452640 -3.114739 39.448319
26.422574 -19.589530 35.730691
23.762152 -22.514135 34.511194
23.716443 -26.628323 36.694674
25.132576 -20.137939 32.772639
24.621538 -44.834417 34.384042
24.427591 -20.097777 30.415687
24.368263 -4.034274 23.761436
24.301063 -0.949354 19.292363
26.070011 -39.481646 17.949308
26.497021 -40.389251 16.025318
21.190991 -46.787985 3.699333
22.174378 -1.526713 -2.681215
23.179896 -56.428625 -4.331042
22.305297 -43.985829 -9.704404
21.604178 -48.628826 -15.613960
24.157509 -37.000170 -13.656932
18.414262 -0.083634 -15.802451
23.683310 -44.196557 -14.487898
20.707717 -50.359544 -18.446033
22.373124 -53.853211 -20.251406
20.349417 -47.779133 -18.375807
22.290461 -46.848426 -15.960132
19.886170 -0.289468 -19.839164
23.353737 -59.226130 -22.348645
23.432206 -48.657221 -24.889009
18.869733 -2.700623 -28.503043
21.062957 -3.226740 -30.272978
19.917690 -52.378012 -35.888994
21.500136 -25.476175 -37.262587
22.374094 -38.947746 -32.768893
23.607300 -44.304419 -32.848248
17.934309 -1.603093 -35.308087
22.039473 -38.184694 -37.469087
23.633391 -56.272873 -44.846581
19.569452 -60.188497 -47.691665
19.375434 -21.874231 -41.353136
20.387729 -17.922307 -42.845039
20.938353 -58.416874 -50.499988
18.422780 -54.496669 -54.321993
17.305494 -17.129588 -52.337687
17.045034 -39.411900 -61.115233
20.548247 -30.816806 -60.919975
21.366143 -29.964403 -59.827197
23.052186 -47.040993 -57.759491
14.708044 -18.471877 -60.187130
15.065887 -17.166613 -62.937824
17.767509 -22.564831 -66.057194
28.483377 -11.467394 52.317834
27.852472 -22.092866 50.865207
28.633510 -13.212264 48.536669
26.445459 -29.255094 45.423745
28.195395 -20.681754 40.185667
22.884331 -1.965557 36.200448
21.434589 -1.504343 30.235544
21.709775 -3.490805 27.787804
25.335306 -46.140623 30.332830
25.787824 -55.471035 28.536134
25.334801 -58.496271 24.746535
26.152542 -9.731110 21.279223
24.520518 -59.095094 22.647065
27.226757 -41.066450 19.612021
26.137653 -42.423138 15.478782
26.691292 -44.725708 17.718419
23.947581 -57.562336 17.582045
25.188124 -60.256204 17.481930
24.704419 -62.579708 14.715525
26.072378 -52.312840 9.675175
23.532040 -63.113455 12.561103
27.345224 -55.223633 8.988442
26.237828 -39.085546 6.429338
27.142142 -57.945224 7.497584
22.281132 -2.107872 8.010845
21.989033 -0.883283 4.001263
23.950336 -35.836528 -10.141839
22.244906 -47.498303 -13.859351
23.832947 -51.233970 -18.571550
23.692533 -47.441347 -20.777726
21.210081 -44.695541 -25.087249
20.529245 -16.480902 -34.500098
24.358161 -25.960612 -37.310636
19.026468 -3.571935 -34.605486
22.103377 -41.843985 -35.115943
23.774759 -53.258482 -45.153323
20.746191 -16.840733 -49.097139
21.005379 -16.601554 -46.818822
20.529079 -48.535457 -54.043592
21.295017 -56.261631 -54.111730
20.289687 -52.359447 -55.704165
21.949189 -44.164519 -54.510586
21.707674 -45.129990 -62.098291
18.230837 -25.207613 -65.699449
26.245873 -2.353536 53.118084
24.593281 -1.717662 48.836790
25.212990 -1.444899 46.906185
26.735046 -12.507028 48.811366
28.828881 -25.744240 44.508787
23.526670 -2.747613 44.782988
24.281022 -2.232290 41.639968
28.469601 -29.961715 41.991554
26.092780 -27.718046 38.252693
23.929761 -39.562373 37.173667
26.168878 -2.617001 35.590717
25.512461 -42.567135 38.841016
24.886143 -25.321135 34.669535
27.866522 -43.967537 31.388573
25.328715 -3.161161 25.426178
26.354723 -21.337491 31.299806
26.903421 -52.433894 30.490028
27.018644 -56.996844 25.965981
26.826943 -59.500359 20.604400
26.230466 -3.426342 20.807165
28.413773 -42.207231 12.198655
26.461332 -63.127755 12.734364
26.175850 -47.751068 8.654164
27.155052 -62.837800 9.485785
26.596941 -61.785248 6.185600
23.283957 -3.968889 9.596375
24.242099 -1.516264 6.312311
23.622763 -46.309359 -11.850565
22.619875 -60.229236 -12.870932
23.092256 -0.401340 -14.602483
24.872847 -41.679046 -16.007105
23.050738 -47.890181 -18.336929
22.320785 -46.942787 -23.484475
24.969153 -55.101453 -21.620834
22.941420 -1.925865 -27.533947
21.912487 -42.453357 -27.902452
25.764334 -59.694338 -28.895159
20.283201 -57.998155 -31.742465
20.915658 -11.998181 -34.228632
20.110543 -56.026888 -33.314586
21.781296 -52.022393 -39.267482
22.852842 -26.674588 -39.350549
23.431486 -38.124666 -39.232549
23.344562 -24.701508 -41.980778
24.268697 -50.037755 -44.848581
23.457416 -56.670377 -48.283061
20.475308 -44.713499 -52.453506
24.375064 -56.300234 -50.307580
23.119453 -20.106087 -45.296341
16.706781 -17.146611 -62.470757
20.134973 -22.546750 -65.708186
28.284218 -9.078530 55.705466
29.170671 -1.564667 50.344306
29.675153 -15.261467 48.958900
27.027523 -2.245676 40.225913
27.117540 -34.837881 43.705184
28.169774 -37.869577 42.501239
28.161153 -40.652528 40.950957
24.461701 -39.167023 39.975326
27.727550 -44.565846 37.779406
30.552356 -45.243871 34.339952
25.533067 -0.493311 30.164949
24.016773 -24.439277 32.448645
23.621212 -1.555629 28.393128
30.440296 -43.578543 27.119726
28.645928 -48.472818 30.524385
29.454063 -38.421101 24.173441
28.456533 -44.620893 20.467597
29.066538 -37.778471 20.590268
29.174170 -47.436137 21.710693
28.166928 -8.562335 16.625693
27.197532 -61.186207 16.801427
23.845661 -1.211858 15.969023
28.143275 -39.793655 13.367430
28.652265 -61.474406 9.251008
28.198271 -37.419226 8.606309
28.448259 -44.470534 8.511743
24.896858 -47.792508 7.937627
23.368680 -49.400157 4.905905
24.831904 -0.870454 3.312240
27.379234 -34.695911 -8.818813
22.780936 -59.691711 -8.324881
24.800074 -47.509372 -13.757947
24.436702 -61.240947 -15.486080
25.310113 -48.583952 -16.178044
26.795552 -52.302403 -17.910961
25.861706 -43.556394 -19.579649
26.508475 -56.981651 -19.788162
24.198130 0.057167 -17.846998
27.208099 -41.831396 -19.512226
24.615203 -45.256901 -17.663377
25.820571 -45.348295 -21.320037
23.298908 -1.630245 -20.304909
23.552288 -4.215364 -22.924053
23.385243 -45.467017 -26.894043
27.966522 -53.415974 -23.003080
27.241185 -55.777337 -23.420929
24.071399 -42.203210 -31.082106
26.694328 -50.529450 -23.284291
25.558542 -48.174461 -27.092636
26.779299 -58.678408 -26.264040
23.521308 -59.265982 -31.378226
22.385187 -4.306245 -32.753433
25.968930 -36.750186 -34.347516
25.455346 -47.121255 -30.447735
22.061784 -56.348126 -35.167056
22.141579 -7.708353 -34.220568
22.066314 -53.949701 -37.701076
24.664369 -29.212710 -39.779391
23.533733 -42.743804 -34.753498
24.973377 -42.300511 -36.358337
26.327923 -29.608358 -38.025817
24.243826 -34.460913 -37.190922
25.876958 -39.929580 -39.735674
25.009400 -35.647962 -39.537259
23.475200 -48.736687 -43.688137
25.196136 -23.354886 -46.447537
24.118756 -20.202584 -48.091092
21.911168 -17.828653 -51.175651
24.198154 -39.191196 -53.891675
25.619696 -42.404149 -57.138359
20.336081 -39.032239 -63.079902
23.841003 -40.783007 -62.351161
21.034683 -27.018857 -63.475588
19.886401 -17.506716 -62.967304
22.000840 -35.899265 -63.756298
29.458018 -5.981336 55.440642
27.775611 -1.319978 47.547554
29.020194 -12.059937 50.628870
26.677892 -1.500364 43.677666
32.449548 -23.312322 43.297849
25.883557 -23.198307 34.583473
28.526118 -19.790034 33.152553
29.637214 -39.162385 27.859170
29.950249 -45.978887 29.292755
26.137746 -6.879422 22.764564
29.256586 -36.304973 23.126675
29.526673 -41.522214 21.766783
30.513764 -47.074474 24.737271
29.049786 -57.587436 23.402244
28.709287 -4.119128 16.872338
27.121751 -6.894086 17.286047
29.247125 -45.568601 14.687415
29.669944 -61.752220 14.097367
27.592934 -0.903636 15.544324
25.516464 -1.394746 12.055891
28.955634 -52.091529 9.800749
29.057922 -40.832135 10.683482
29.856441 -49.874238 9.878967
29.307264 -58.166588 8.976464
30.547434 -36.989011 8.001144
23.796660 -56.503632 0.528534
24.395172 -60.715261 -1.597443
22.545547 -1.233867 -6.649755
24.233610 -62.275852 -10.475112
27.396673 -36.513408 -13.261350
28.391449 -40.483191 -16.669003
26.253499 -45.433241 -25.202922
26.975001 -41.584186 -31.602695
24.835394 -39.361947 -33.365444
29.647747 -51.149821 -25.323438
28.012505 -48.417941 -29.905887
23.173199 -9.066360 -35.790241
27.256070 -45.896939 -32.187285
26.709889 -44.330845 -34.730031
23.313935 -51.706283 -41.346296
25.213157 -26.306776 -44.917375
26.500964 -54.124825 -45.974086
25.325511 -42.044542 -54.176559
23.232230 -44.530648 -53.599344
24.935232 -49.788206 -56.252993
25.155251 -54.258355 -54.671543
23.449596 -17.621060 -53.554491
22.478010 -30.286205 -56.776414
26.516658 -37.609333 -55.203919
21.097562 -17.621990 -57.957784
25.308680 -44.602068 -57.237485
24.144890 -45.596082 -60.794696
33.514333 -21.023731 48.923992
31.673377 -23.104284 48.721678
30.612601 -1.763243 46.333039
29.813528 -34.309915 43.424952
30.553300 -39.464657 39.598080
31.167090 -44.690755 32.630047
25.428975 -1.012674 27.093584
28.469290 -20.809985 30.325570
29.511092 -53.037034 27.828726
30.303299 -41.464476 24.450660
30.516386 -51.226909 22.520552
31.832743 -53.341559 18.259174
29.874062 -59.479993 19.432620
30.904631 -48.891918 14.222127
28.502920 -1.961346 17.294417
29.901616 -61.677926 11.696321
30.190168 -45.395430 12.484351
31.211301 -53.397724 11.500871
30.464268 -57.154539 10.018019
30.540490 -47.102058 11.203695
26.746275 -2.040131 9.006868
26.808330 -50.727658 7.902940
26.035207 -53.969153 6.097184
28.901759 -40.850859 6.610487
29.970518 -47.872376 7.070964
23.883985 -50.928468 3.903916
23.877468 -51.450775 1.492283
23.992290 -53.442674 1.554824
25.723173 -57.162477 3.107269
27.191176 -0.869430 -4.186920
25.538354 -59.416607 0.246212
23.228802 -55.545061 -2.167917
27.105786 -61.831094 -2.245995
23.799949 -61.511232 -6.189812
25.692402 -36.047756 -11.063546
26.278532 -63.475701 -6.179178
23.339872 -41.387847 -10.719403
26.815428 -0.115450 -11.190435
25.430855 -39.281633 -12.790108
24.871928 -62.547607 -12.855036
26.490238 -62.939668 -12.325484
27.002002 -61.986345 -15.511410
30.496370 -55.009894 -18.829183
27.997707 -60.309588 -17.616179
26.769290 -45.274811 -27.378091
28.531060 -44.025024 -28.247456
31.480301 -50.547105 -28.468246
28.568170 -38.231466 -32.465885
26.240143 -57.976570 -33.514447
22.827175 -21.807051 -37.500876
29.570455 -34.971820 -34.443027
24.736270 -12.197337 -38.803152
25.204841 -56.156305 -36.036738
24.191858 -54.505834 -38.903599
25.894683 -32.800111 -39.898553
27.181372 -38.272862 -40.017926
27.282843 -28.715059 -45.520066
26.812859 -50.036373 -44.691944
27.689897 -54.838144 -50.298822
26.035041 -27.706525 -58.484090
22.249954 -17.198792 -59.576607
27.770943 -37.875067 -58.187699
23.710820 -25.162903 -63.891560
24.829182 -27.238397 -61.819382
22.980681 -17.383411 -62.755989
22.514141 -19.684361 -65.833424
30.592805 -3.404742 53.686029
31.907168 -17.489886 50.095096
29.986859 -42.735393 38.067000
30.532642 -44.269325 36.396797
27.461284 -25.301804 37.928527
26.437484 -26.024678 36.839412
29.460028 -22.703643 34.723067
27.191163 -0.357555 31.743986
29.989663 -22.552551 31.835355
28.940743 0.213116 28.902228
29.903320 -23.160299 28.748709
31.089826 -55.368214 22.904340
31.723802 -59.151512 17.333989
31.602239 -51.953505 15.488704
31.614958 -50.319605 12.673281
32.314935 -55.067587 13.148809
32.187847 -56.958105 12.495518
31.811276 -59.591337 12.548046
29.583957 -61.930712 -5.716342
27.828331 -36.000627 -9.831169
28.203542 -63.575528 -8.851260
24.383710 -44.027636 -13.749831
29.526000 -63.213896 -10.569812
28.993161 -40.088764 -12.704235
27.491165 -41.488196 -15.367910
29.389257 -62.475740 -12.951362
29.961012 -44.049945 -20.585245
25.927489 -3.769373 -20.794282
28.921246 -42.166806 -29.720567
30.489561 -56.633160 -26.994927
29.915460 -57.271802 -32.852725
22.501159 -18.434259 -38.056051
25.970201 -16.998516 -40.037590
29.174911 -55.770396 -37.358828
28.641863 -44.430949 -36.602204
28.252140 -41.900947 -37.882279
27.128352 -50.934086 -42.497668
28.020522 -31.034662 -43.135545
29.281972 -34.163470 -41.132031
27.627544 -35.081407 -40.370266
26.996964 -19.110087 -49.867641
25.280884 -17.091394 -56.979508
24.039161 -29.687359 -59.875002
26.100226 -17.250624 -61.166500
28.483396 -26.505951 -59.749204
25.030889 -17.974777 -63.531981
23.843000 -31.141877 -62.298907
24.635759 -21.530202 -65.397207
26.327484 -24.786850 -63.249333
26.057697 -34.045883 -63.473439
32.374014 -9.150631 53.025531
31.925964 -11.535836 51.032577
31.473466 -12.461432 49.460573
30.579819 -2.113016 42.482691
32.297377 -32.270423 43.883345
30.095675 -23.807077 38.009578
29.999438 -26.681544 40.988611
32.826183 -40.185828 37.224042
34.970222 -41.202834 35.319306
31.265977 -23.818560 31.611655
33.819259 -39.070433 28.037555
32.021052 -37.699544 25.359788
29.191518 -0.069826 24.649551
25.931320 -4.689756 23.361725
32.929937 -55.725141 16.530487
33.028281 -57.561661 15.842791
28.646327 -1.688997 4.494032
29.610516 -51.015791 6.717609
27.924949 -55.822559 6.509075
29.353758 -45.679809 5.962692
28.266450 -0.607122 1.923985
27.832071 -58.706168 0.414096
30.137688 -33.438810 -4.736968
31.573454 -36.757335 -8.074063
29.867355 -59.589514 -2.508217
30.702448 -39.502023 -9.195303
31.762518 -58.814747 -7.281467
27.224807 -45.903114 -17.545118
30.409361 -52.463627 -19.348705
26.865164 0.188750 -15.733698
30.639852 -44.377191 -24.592130
30.546493 -39.358074 -28.590176
31.297317 -42.107574 -26.385268
27.001692 -2.162912 -25.377491
25.131449 -1.141762 -31.667505
32.620144 -53.395300 -28.234420
30.970367 -57.259157 -29.756573
33.288619 -56.147054 -32.835998
23.815333 -3.946303 -35.566105
26.095889 -6.829008 -38.303276
23.579696 -15.614786 -38.988281
31.768041 -47.924128 -31.431073
28.788342 -46.002359 -32.956968
27.396523 -54.387892 -39.943396
29.687393 -53.596895 -45.498727
28.018185 -26.233936 -46.985172
26.476688 -47.194648 -55.380343
28.350378 -52.311342 -54.530464
28.297075 -53.772154 -52.592346
25.296687 -18.255281 -51.831279
31.663452 -23.684783 -59.488948
30.409813 -37.111527 -60.766361
26.658417 -36.980493 -62.249315
27.682346 -19.661010 -63.756190
33.432107 -2.077259 50.629767
33.681095 -6.374040 52.930610
33.153644 -14.168373 46.758990
32.712604 -29.867179 44.059133
33.144027 -35.726603 41.567353
29.355094 -0.950595 35.200835
31.129468 -0.426369 31.412594
33.343850 -27.090569 31.843511
33.850660 -25.881322 27.107878
26.872131 -2.210292 22.210428
27.612231 -6.540781 19.309197
30.456815 -0.955073 14.089742
29.154610 -0.680031 11.949596
30.501700 -1.289843 8.651963
31.436491 -2.822932 5.927993
30.514793 -53.664240 6.274472
28.183182 -59.482043 4.751720
31.640549 -50.420238 6.327871
29.452888 -0.694641 -1.621830
31.889870 -57.145316 -8.951154
30.225378 -41.826888 -15.221958
33.228161 -59.439698 -13.321831
30.589965 -35.237645 -8.603247
28.668333 -50.112902 -19.377634
31.198386 -60.971969 -15.083356
31.777359 -44.094083 -15.990484
30.610778 0.049025 -14.819932
28.820333 -0.364316 -19.494636
27.330896 -2.988433 -21.904399
31.298868 -40.004588 -26.311212
27.024845 -0.150821 -29.303834
32.645868 -55.457220 -29.174287
26.930081 -1.771864 -33.078539
34.342712 -50.599821 -30.493818
29.618176 -31.292183 -37.907707
23.689072 -20.670918 -39.599796
24.643466 -24.040058 -39.798545
30.097610 -30.991911 -45.867138
26.778884 -43.776179 -54.957547
27.612433 -21.709515 -47.672533
29.097189 -17.719564 -59.340203
29.136187 -21.807605 -63.319751
30.136557 -34.277132 -62.252140
29.395437 -18.693935 -61.384384
33.212537 -12.396292 49.381734
33.967362 -17.133838 48.530806
35.033763 -16.147888 45.985955
32.455189 -27.883009 43.080987
31.719712 -21.096078 38.289810
31.134051 -1.369227 39.336727
34.648236 -37.637358 38.766965
34.532736 -26.672787 38.348641
32.819431 -25.422826 33.801984
34.652320 -42.101540 31.048484
32.783638 -1.915109 26.959037
30.789037 -22.757830 31.057794
34.246812 -5.162913 27.052580
31.857837 -24.977835 30.055045
32.923987 -1.351227 23.034844
28.247644 -2.047271 19.996800
30.496856 -37.559909 22.432572
29.106508 -43.873887 17.714116
29.847027 -46.015755 16.901723
29.207554 -44.157194 14.279292
30.742768 -41.365958 10.917944
31.046817 -38.993636 9.788388
29.241799 -61.922425 0.885066
34.266528 -53.890513 -10.553102
32.698457 -55.101395 -11.368621
33.048643 -43.089750 -11.913158
33.103186 -52.536486 -13.183619
33.654239 -55.954935 -15.558516
30.355043 -39.272086 -13.184924
29.403684 -47.022146 -19.645112
31.568779 -49.822690 -19.973486
31.458451 -42.435997 -16.924643
34.011126 -39.038619 -24.933760
32.427588 -42.349585 -23.115410
35.121753 -37.533626 -27.326849
32.414603 -37.249809 -30.282626
33.245746 -33.703160 -33.442147
28.356478 -4.897326 -38.233033
27.827222 -9.421707 -40.403069
28.848423 -13.937411 -39.663732
25.234132 -22.421659 -42.110865
31.643096 -46.296589 -34.372953
30.951121 -50.960925 -43.074046
30.520464 -37.214126 -39.950958
34.346837 -34.989969 -43.037173
28.258040 -48.130920 -44.750000
31.870120 -53.112353 -48.898183
30.119287 -27.171170 -47.342403
30.141458 -52.081026 -53.445172
28.887952 -19.644699 -49.882544
27.808337 -49.776629 -55.750906
28.451429 -17.536936 -56.068254
33.193815 -22.136568 -58.736133
26.579049 -28.277553 -61.143325
31.165642 -19.947066 -60.987442
27.602212 -30.728199 -62.984664
34.657300 -10.927203 50.645870
36.127942 -13.316220 46.365154
34.693681 -35.104562 41.595920
35.263349 -28.161043 43.014777
33.605120 -0.749332 42.494033
32.563732 -22.702019 35.172053
36.929453 -37.705250 37.978468
31.722462 -0.997972 36.012709
33.522425 -2.199836 33.878266
31.291712 -21.388530 33.778453
33.706174 -3.373983 30.221066
35.652058 -7.325239 32.732112
35.253455 -2.548303 23.979899
31.607088 -0.074392 20.184992
30.118886 -2.669722 17.636970
31.708822 -5.214321 15.587794
31.039311 -42.919711 20.406300
31.967145 -3.384621 14.331262
30.961105 -43.721437 8.123629
31.673548 -63.282519 1.586043
31.686112 -62.070381 -2.957968
33.257861 -63.247332 -1.310192
32.987992 -32.962604 -7.547679
33.210111 -59.925982 -6.238871
33.659393 -48.924828 -14.021640
35.009350 -50.882935 -12.139464
33.500398 -50.224297 -16.513648
32.980748 -38.494600 -12.555061
31.767273 -45.951477 -18.492031
31.325215 0.200493 -18.417032
34.268385 -38.961451 -17.599920
36.177327 -39.405824 -19.965547
29.951764 -0.008639 -26.897794
31.181210 -0.864251 -31.501641
35.492175 -53.202039 -31.492690
26.695540 -25.821303 -40.970180
32.669313 -55.513735 -36.861170
25.855772 -19.302358 -42.008685
31.237729 -54.466195 -39.656691
36.551184 -32.638820 -45.894783
30.001445 -23.153202 -47.740872
30.517406 -48.583934 -56.016997
32.595036 -51.269293 -52.676737
32.608516 -19.015031 -52.655843
31.680306 -18.195352 -55.040952
32.240113 -19.078861 -58.722186
30.516175 -30.072596 -62.664150
37.354284 -18.532626 46.508286
36.153853 -24.851951 41.718152
37.083894 -27.293383 40.177265
33.756062 -1.503360 38.017961
34.962517 -4.211430 35.290055
35.448396 -27.893704 34.654381
34.680964 -25.481152 31.730639
35.879155 -28.071552 32.387377
36.840752 -39.767624 31.516990
31.991847 -49.367067 18.890001
32.234919 -47.363349 14.787546
30.957945 -44.759594 13.239907
34.836258 -3.494997 14.156468
33.747060 -2.048848 12.890352
32.599436 -41.846888 9.165819
31.614418 -60.803953 7.880912
34.744499 -62.520166 5.891758
31.252753 -63.092762 5.200918
30.896398 -57.207362 6.700016
30.845866 -1.286801 3.312635
31.695157 -0.552232 0.517999
34.906791 -60.930818 -5.056643
32.083151 -0.560576 -4.268076
33.806856 -40.145192 -10.038523
30.388827 -0.146181 -9.498659
34.733509 -45.659386 -12.308990
33.161846 -34.919274 -9.496570
34.599089 -36.718175 -15.414365
33.230006 -40.923987 -15.567447
32.656319 -0.336999 -22.424631
34.638586 -35.100614 -30.795535
31.621322 -2.958811 -34.573223
31.623258 -11.995838 -38.859733
30.573086 -8.797479 -39.844015
31.672250 -29.121621 -38.359157
36.728512 -53.685366 -34.798181
34.788275 -47.715835 -32.726045
35.423173 -53.578325 -39.571813
34.545911 -51.640280 -45.107471
32.959123 -42.400533 -36.132019
33.241136 -21.168855 -49.826310
29.326531 -45.312769 -57.587075
33.715056 -19.727102 -56.852037
36.058287 -3.579880 51.015057
37.104707 -8.006730 50.616202
36.656505 -1.708277 49.167071
34.772848 -0.603608 46.068559
38.582154 -10.750011 48.340504
37.768040 -24.157483 45.142000
39.222953 -29.198701 42.529269
35.420826 -24.748833 36.548269
36.986552 -39.838113 33.396148
35.539356 -6.380545 29.663044
37.633067 -22.695392 28.133174
36.177006 -27.356119 29.153786
33.204550 -43.128782 26.605688
33.737034 -47.262066 27.901138
34.717075 -49.089433 27.695789
36.309207 -51.084232 26.187077
31.990603 -41.285773 24.675037
32.500752 -47.694929 23.560410
33.132263 -50.810448 22.657015
32.282569 -44.693044 23.546465
36.175136 -53.968174 20.442571
33.825140 -50.515205 16.609844
33.462297 -0.575732 16.930590
34.319561 -45.682103 13.758687
34.655891 -42.129568 12.690061
34.641026 -45.377143 11.483261
32.524330 -48.213204 10.103494
32.528580 -52.704231 7.876407
35.444452 -59.012805 11.729853
32.518928 -56.579337 8.167036
33.943282 -63.197953 3.267730
35.970961 -61.485303 0.199357
37.360251 -49.316893 -3.542057
35.964362 -51.664043 -3.553207
37.025752 -55.711947 -0.488636
36.881064 -52.701769 -5.765171
36.465306 -57.339962 -4.339881
37.163800 -47.864859 -4.756291
36.717370 -54.656806 -8.177233
37.235945 -51.253898 -9.121163
36.468884 -29.336016 -9.545835
36.085633 -49.053553 -11.801623
35.387442 -31.820634 -12.424053
35.799185 -34.166266 -14.324299
33.451423 0.107145 -26.098366
32.961218 -13.824450 -36.260531
32.825184 -8.161109 -39.170695
34.049154 -45.833425 -34.223847
28.516537 -21.247517 -44.223948
33.928552 -38.432730 -38.754289
36.964552 -42.035503 -49.869367
32.104562 -27.621612 -47.711828
34.673412 -20.401176 -51.836136
35.568357 -20.341720 -54.033206
28.158701 -41.688484 -57.553744
35.082635 -21.646033 -57.101374
31.627479 -27.761640 -60.495658
41.314374 -3.261337 47.918763
38.666853 -0.378688 45.271167
36.322785 -0.409954 41.842755
38.691610 -16.090182 45.279874
36.734845 -15.207812 44.319157
37.131173 -32.290355 43.099402
36.936195 -34.612319 41.567644
38.109455 -4.533360 37.694635
40.376937 -38.063875 36.469726
37.684688 -24.467293 31.964853
38.003682 -37.350930 31.467183
36.159066 -38.398265 27.189638
38.781590 -20.509946 26.401110
35.515906 -42.283840 28.632086
38.348593 -47.392726 28.828181
36.258356 -1.804692 20.268856
37.464694 -54.502145 16.366489
34.817178 -47.438519 14.508023
34.995536 -1.338209 10.197883
34.237890 -49.183797 12.082388
35.149440 -54.230509 12.234082
36.692860 -42.066874 11.295630
33.520092 -1.507857 3.024166
35.161962 -2.171965 4.476910
36.976597 -58.351340 2.260605
37.536716 -53.613347 -0.968315
37.429422 -52.537667 -3.054672
34.478696 -0.509809 -0.388194
37.149809 -45.540025 -8.961762
34.003111 -56.865321 -8.158385
36.575082 -41.603307 -8.870551
37.359331 -50.722489 -6.558342
35.001461 -38.842879 -10.211390
37.582314 -47.714142 -8.904793
36.175078 -33.182729 -28.210266
34.598575 -30.819769 -28.687963
32.940671 0.301611 -28.641717
36.338005 -29.296319 -32.847439
34.364710 -11.145999 -35.730109
38.046767 -52.100162 -37.392325
29.988353 -28.241898 -43.802498
35.122488 -40.634201 -37.238181
36.588800 -44.168485 -54.217748
35.649219 -50.080904 -50.669164
34.047002 -24.032636 -48.380667
34.688614 -47.164052 -55.623719
33.526118 -27.355555 -58.189914
37.561373 -40.385931 -53.455470
32.555817 -45.804481 -58.027748
35.370842 -30.073364 -59.489829
29.962262 -40.322513 -60.146661
31.024978 -41.996373 -60.200505
33.172969 -34.063039 -62.562957
40.611979 -6.125806 49.167963
38.984918 -12.238129 46.101382
37.422830 -6.630910 35.435418
39.688148 -23.922643 37.185617
39.437461 -19.138564 31.063311
39.561302 -22.006168 33.418360
38.460748 -22.111915 30.406766
39.647538 -18.670107 28.525619
39.225671 -48.886848 25.433050
36.109513 -52.230938 25.074920
39.917321 -51.962427 22.480467
38.318053 -3.529364 20.796891
36.872097 -43.516759 13.843649
37.943433 -3.038757 12.738966
37.124110 -49.281962 11.929627
35.933909 -61.771785 8.986927
38.212467 -0.905704 8.798608
38.948601 -59.674363 4.322828
35.688081 -0.241617 -3.189506
34.116621 -36.522127 -8.470728
37.022211 -0.117265 -11.079097
36.958831 -37.030039 -16.833440
37.134634 -34.677688 -27.237239
35.019520 -30.073092 -33.854148
27.658588 -17.863172 -43.193331
37.885194 -48.228733 -34.176537
38.315436 -50.421906 -33.894095
31.525388 -1.043244 -41.002173
37.272253 -45.227965 -35.428629
28.015653 -15.498039 -43.047846
37.607447 -50.887783 -40.473261
30.660782 -24.583192 -45.780545
38.299304 -39.051575 -39.886365
39.364467 -38.009552 -41.597642
39.588801 -42.839663 -46.425988
38.369144 -45.960324 -47.207136
37.240365 -48.370796 -50.560602
37.498042 -49.396696 -46.466287
35.889924 -47.653269 -54.034687
37.349377 -28.446667 -57.395488
37.093027 -22.418965 -54.553432
39.859426 -22.632442 45.816005
38.186038 -1.247241 40.389401
36.335659 -2.569107 38.211784
40.437455 -24.915140 40.526655
40.652654 -33.548210 40.952812
38.655245 -24.375039 35.249283
40.716970 -20.506541 34.941456
39.606537 -26.927352 36.238119
38.993558 -42.891456 31.625762
37.132074 -26.090294 28.283226
40.931627 -44.533243 24.422148
39.888012 -44.362884 21.478705
40.046116 -49.083528 22.840436
36.702586 0.151323 17.681580
37.825592 -50.109944 14.131962
36.258483 -2.319868 13.718153
38.385410 -54.692047 12.655794
39.206109 -58.214795 11.788864
38.371974 -45.167101 10.680066
38.404508 -61.145682 7.077889
41.569226 -44.000735 7.228895
36.072180 -1.207388 1.807397
34.266104 -34.778400 -10.790129
38.618090 -30.955878 -13.148822
35.165009 0.314589 -16.245470
36.158142 -29.405389 -26.101447
35.424053 -0.150691 -23.540615
37.066876 -29.433892 -28.790524
35.413543 0.092215 -29.276658
35.376566 -0.430102 -32.386790
30.376219 -4.552806 -39.267319
29.639217 -19.255620 -45.064834
38.688736 -43.693991 -37.235593
39.988114 -41.074452 -39.252414
40.406186 -44.146669 -40.443531
33.704527 -27.959646 -46.220915
39.989451 -44.004623 -43.967112
38.655009 -48.071721 -43.386228
38.764537 -34.901187 -44.307621
34.920520 -30.321688 -47.364677
36.168440 -22.945224 -50.053315
36.184913 -24.937954 -57.679621
37.229389 -41.187842 -58.103262
34.720953 -40.138449 -61.039222
33.748105 -30.279803 -61.748178
35.776906 -33.210043 -61.430246
34.401968 -36.700409 -62.097507
41.554431 -12.457988 45.552903
40.927115 -24.612563 43.263540
41.460762 -19.210714 45.860102
39.711606 -26.414756 33.153360
38.846517 -39.749007 31.220628
40.817193 -44.747604 29.535250
38.437396 -45.744463 13.408326
40.793907 -6.418181 18.467431
38.479471 -52.239976 11.671744
38.964637 -60.781880 9.037913
40.098845 -47.938245 8.178359
40.158806 -50.314582 8.299049
37.970782 -0.784285 3.407112
35.707704 0.694390 -19.741572
38.452284 -36.384283 -24.063592
38.758619 -28.736175 -26.672580
39.113625 -32.936189 -25.650621
33.484844 -46.694210 -27.798148
32.922329 -43.402376 -29.750580
28.023947 -15.419645 -41.111652
30.499280 -14.120880 -44.444854
32.361164 -29.939807 -40.834469
39.611099 -48.756110 -38.906258
32.810659 -12.262326 -43.992638
32.192501 -21.385803 -46.106908
33.629489 -31.874752 -43.808444
40.827984 -40.429776 -41.483749
36.050947 -27.126947 -48.264574
38.911553 -24.524856 -51.135490
38.934805 -24.711974 -54.694726
40.122626 -38.880063 -55.700047
38.974875 -33.114928 -58.230518
43.323457 -1.215451 44.869924
40.168259 -0.766723 42.413629
43.139892 -22.505484 44.211293
40.761900 -3.755924 38.612469
41.652065 -15.611390 45.636753
43.708635 -23.030293 39.050098
41.654878 -34.862062 39.887001
43.525519 -29.184635 40.593787
44.426596 -17.662043 33.541174
36.462733 -4.347100 32.003985
41.519738 -17.391339 30.993104
37.308001 -0.925034 32.550415
39.528352 -24.912852 31.224064
35.371331 -2.292186 28.940031
37.348767 0.236918 27.173904
41.101058 -40.893386 21.695820
39.186586 -54.301221 15.080310
38.348322 -0.167390 16.934386
40.996862 -1.084972 17.898874
41.975715 -56.501079 11.146226
42.104524 -53.494864 9.964647
41.588612 -59.565521 8.247700
40.857724 -3.097022 10.057807
39.965793 -0.748689 5.516951
35.993033 -0.111642 -7.057588
39.453331 -28.802739 -10.129977
36.002273 -43.532975 -16.598897
35.405424 -44.506316 -17.596836
35.199407 -48.461430 -16.059032
36.353026 -56.098520 -18.734186
39.419872 -37.393745 -19.483904
35.259036 -51.227494 -19.633150
37.624663 -0.967187 -25.991547
34.731085 -43.097023 -24.607879
35.125087 -39.488335 -29.005241
33.407774 -0.795615 -36.328217
31.506225 -13.544910 -39.254939
34.403901 -15.783817 -45.265721
35.004737 -18.696896 -45.595416
34.696078 -24.181240 -46.488033
40.396598 -39.379205 -50.910078
41.116752 -37.749451 -53.308114
38.690913 -35.958414 -59.718654
39.409543 -37.949716 -57.900822
43.844982 -9.015849 45.584909
42.375693 -26.922020 39.290009
38.592127 -5.557661 34.382490
41.219310 -0.159646 30.140191
43.980711 -41.530593 31.778265
44.005935 -37.860687 24.793398
42.859664 -40.967202 25.123587
40.793347 0.660586 24.528924
37.327487 -0.680752 23.154676
43.221703 -22.208980 23.146112
42.565378 -39.107844 22.335825
45.537564 -23.155969 19.888614
42.623675 -46.830780 23.402289
41.688743 -3.634159 18.520459
40.541740 -48.214274 10.957265
40.492706 -0.534183 15.104792
42.823960 -58.749471 5.973896
44.140030 -43.017920 4.282216
41.759836 -60.326359 2.990302
38.089067 -57.990602 0.700267
37.986739 -1.125668 -0.775213
37.787936 -43.243951 -8.354491
35.974956 -32.816687 -11.975168
34.151839 -39.004637 -12.734610
36.906604 -54.566628 -11.620238
36.627603 -57.547208 -13.484973
35.804323 -38.277408 -15.224872
35.730805 -53.651362 -14.883832
35.302660 -54.702124 -17.093788
40.554660 -57.079316 -19.357329
35.508266 -47.448398 -19.908068
38.278178 -55.888448 -21.223052
38.119878 0.988369 -18.060266
37.995631 -49.476068 -22.280598
36.132898 -44.889148 -23.110190
35.297314 -48.160147 -24.694589
37.413030 -50.404113 -25.334636
38.832878 -1.490417 -29.921974
34.833254 -39.977624 -32.506438
35.244343 -45.400364 -31.800064
38.522350 -0.354785 -33.374722
37.487252 -11.691029 -35.609910
33.667699 -0.170112 -38.553795
34.302352 -11.215250 -40.837976
35.602260 -12.532183 -37.252951
35.943378 -10.597677 -43.366217
38.207672 -17.420476 -44.687058
35.089298 -31.294267 -38.577056
31.539895 -4.215382 -41.926096
41.208882 -37.977004 -43.247765
38.790557 -29.249449 -47.723918
39.955080 -26.673365 -49.965729
41.188090 -27.936455 -54.602322
41.401801 -32.674203 -56.296382
41.376237 -36.809780 -56.316310
44.626582 -20.870760 44.260903
44.713385 -23.215947 40.245698
43.343726 -1.966532 40.096521
44.370132 -12.939123 43.486363
44.165903 -18.070483 45.022168
46.426980 -20.821861 36.975579
45.149902 -32.656158 38.659656
43.098363 -38.544376 35.899469
38.899751 -1.918911 35.134061
39.668239 0.147244 33.938801
42.358257 -22.136363 32.925021
41.139440 -21.232536 29.797033
45.359384 -38.873487 27.652586
44.827235 -40.730990 27.398903
43.257296 -21.080670 26.062645
45.906814 -34.368340 26.696920
42.910616 -24.362826 22.025936
44.604713 -49.912208 20.798302
42.833190 -53.808467 18.559237
44.048256 -53.223803 12.258185
43.278441 -1.189500 4.072281
43.427593 -49.774251 7.467945
44.352402 -39.178579 5.633372
39.598137 -60.237417 -0.565507
39.037815 -0.621283 0.665799
38.649446 -58.870167 -2.895441
39.244970 -60.805079 -6.997195
39.318723 -60.403910 -4.476420
38.623057 -46.314709 -5.647385
37.681166 -56.654052 -5.748136
39.416435 -0.415093 -4.355813
38.772677 -46.030781 -7.760162
36.922822 -58.156529 -7.954753
39.074647 -0.008740 -7.150362
37.980302 -30.954074 -11.872263
38.736304 -60.232270 -9.329989
38.115342 -53.493084 -9.511019
39.003623 -60.306833 -12.205680
35.804037 -42.068316 -12.752978
37.225217 -45.888383 -11.904729
37.159767 -50.963574 -13.113835
41.692566 0.204601 -12.286672
39.739111 -58.903436 -16.306265
38.837452 -45.032753 -19.597507
41.243861 0.588087 -17.476847
40.308911 -35.648495 -16.054725
36.688579 -45.317919 -19.503935
40.201566 -53.253017 -22.037708
38.671572 0.468644 -20.505292
41.568648 -33.189221 -22.409490
41.482022 -30.956674 -25.367106
40.014429 -36.204990 -22.805909
39.034005 -1.169200 -23.491059
36.487129 -41.524452 -23.495628
37.192504 -47.757873 -23.890528
35.805482 -39.457888 -26.710179
36.936041 -47.414485 -29.955963
34.498968 -48.918720 -28.246619
40.568984 -1.286143 -27.323597
37.078175 -49.743584 -29.399872
39.453019 -45.422104 -30.856727
39.198974 -44.143406 -33.494469
36.940824 -41.496407 -36.040216
34.292167 -35.173183 -37.902491
35.064172 -38.415049 -37.094391
36.306748 -0.308116 -39.247974
36.835961 -34.590388 -41.644934
38.036702 -20.083593 -45.232554
34.133736 -6.739440 -43.026850
39.778639 -24.282316 -45.292694
36.683234 -25.904222 -46.423652
32.807962 -2.028335 -43.157156
37.392145 -28.459462 -45.943144
42.009711 -40.219658 -47.997270
42.934562 -37.547819 -48.929692
42.149471 -30.394991 -48.323005
46.031159 -25.852109 37.574390
39.708882 -3.890182 35.793759
44.853918 -35.356672 37.402884
43.487271 -24.164815 35.659813
40.295300 0.390804 31.720836
44.379550 -21.021335 30.775189
45.950846 -40.085433 29.557680
43.820583 -0.089847 28.831281
46.167131 -36.752474 28.504489
44.707779 -22.209970 27.661768
44.331747 -23.668089 24.826093
42.925131 -1.081741 21.476489
44.602110 -20.774880 25.949959
45.190063 -25.800601 22.060088
42.341054 -42.573479 22.402381
44.076996 -54.167127 15.498355
43.471397 -5.711003 17.429684
45.270459 -6.604946 16.430137
41.417960 -50.049627 10.348923
44.762835 -49.997491 10.030790
45.224870 -54.409595 9.303269
42.359075 -60.051141 -1.439853
44.570366 -0.407382 0.358971
39.513177 -50.404073 -6.592869
39.393000 -50.556605 -8.488255
39.441923 -32.833310 -12.928065
38.041982 -47.282942 -10.829296
38.941421 -49.009415 -10.472311
41.905152 -60.320618 -11.011312
41.000529 -36.936298 -14.964943
37.808469 -48.455377 -12.095617
41.960645 -59.009003 -13.648296
39.133537 -41.600144 -17.631102
41.466021 -29.641153 -11.080993
42.380033 -33.100603 -13.908997
42.823356 -53.807865 -19.654451
43.313622 -32.588624 -16.980868
43.902812 -51.215730 -20.434110
37.506739 -40.076111 -23.405647
36.833215 -37.393835 -28.291179
39.749978 -51.546485 -30.751922
36.555554 -35.299652 -32.386447
34.833137 -33.140668 -34.268854
38.034178 -8.782923 -40.161968
34.217308 -32.749485 -36.839606
37.428536 -36.392195 -39.411304
37.365107 -11.418579 -38.457713
41.548126 -16.063607 -44.728655
40.105820 -20.234649 -44.728866
34.750796 0.132652 -41.453836
39.070580 -14.862196 -45.168067
36.470568 -12.849980 -44.953761
40.916483 -26.833767 -45.686537
34.575350 -2.489430 -43.742507
42.572874 -39.290349 -45.245988
43.646324 -33.346061 -53.309115
43.817238 -34.880045 -51.662676
42.199353 -28.227791 -51.633398
46.130153 -4.024551 46.533276
46.972629 -7.739368 44.416057
46.218438 -21.979493 41.873340
47.731060 -11.369078 41.853565
48.350722 -15.154214 43.095485
41.806355 -0.419899 36.684087
48.133835 -27.677688 37.523147
47.754234 -31.523249 36.774019
47.244938 -34.962240 34.547874
46.285187 -22.667431 33.243011
45.936998 -38.846368 32.635378
47.455807 -34.389080 30.518021
47.703800 -35.476411 33.168722
47.213385 -32.455578 27.456633
46.384095 -0.409333 24.549346
43.918156 -45.281344 24.862234
45.504551 -47.668222 22.940069
46.546172 -47.627816 21.041771
46.559917 -49.717718 17.956528
43.424172 -3.226884 17.821828
44.517763 -2.007168 16.100543
44.758486 -57.142142 8.802921
46.055319 -51.721409 8.357104
45.926552 -46.233864 4.462893
46.509476 -48.838277 6.283891
44.275191 -58.634592 2.522680
42.118817 0.079900 2.442773
47.825185 -40.663976 3.459204
44.691939 -58.189963 -1.331751
42.573886 -0.824392 -3.049856
44.429385 -59.895407 -4.970439
44.099635 -0.600393 -5.683858
41.994676 -28.045284 -8.471049
42.182695 -31.573501 -9.650337
41.379321 -32.886155 -11.198661
41.299166 -35.483577 -12.980648
43.654850 -58.543849 -15.276391
43.771319 -58.036905 -17.919949
44.238985 -30.147258 -18.044454
43.454429 -30.106465 -19.421177
42.205565 -48.056886 -22.508502
40.106988 -47.394569 -23.839813
39.154734 -37.937380 -24.759880
39.302468 -52.730032 -27.574737
39.280567 -35.327148 -26.838185
44.274684 -41.794227 -30.756758
38.120822 -35.219534 -28.930889
41.549427 -5.460720 -30.355388
39.335290 -12.218657 -35.204156
36.857573 -31.728994 -31.235879
41.275654 -41.360996 -36.939509
38.542682 -0.015543 -37.968700
36.175297 -27.897030 -36.410915
42.441968 -18.686531 -41.309608
40.603923 -10.162519 -40.244412
42.180404 -19.491494 -42.949284
38.920004 -31.333795 -44.645970
37.473515 -5.597544 -44.729435
43.752207 -30.901310 -51.116950
42.296371 -30.909029 -55.023062
46.016092 -1.031507 43.092795
45.128663 0.959820 37.095106
44.315414 1.143960 35.146621
47.051018 -23.990514 35.781746
45.583042 -21.912016 32.004767
50.919845 -31.782117 31.164275
43.582370 -18.888744 27.788354
47.329681 -24.795223 27.701496
46.333425 -0.548223 27.166548
45.942779 -25.410804 25.522607
43.704689 -42.410703 24.967821
43.610337 -5.326200 18.809157
49.077258 -46.866908 19.359727
48.107902 -51.175220 15.754901
44.718609 0.047658 12.123751
45.186046 -42.481136 8.544112
47.120850 -54.492585 7.722309
47.290691 -55.534835 4.648567
46.558289 -55.699394 1.039988
44.053719 -29.271682 -10.420208
44.306407 -60.106848 -7.983493
45.212620 -59.012066 -9.983028
47.965855 -56.255152 -10.075420
45.294797 -57.825261 -12.658562
45.294254 -55.981136 -18.398643
45.828659 -51.234483 -16.924313
43.811663 -31.910898 -20.354214
41.576430 -0.422699 -21.293945
40.837181 -1.564409 -23.995272
41.046241 -44.028135 -21.408817
40.060003 -51.238501 -25.306960
39.877427 -47.496558 -32.148549
38.866079 -31.254797 -27.699821
43.431518 -42.050999 -32.690601
42.282450 -1.664557 -33.314478
42.574959 -11.609287 -37.003067
44.162539 -21.900776 -39.145918
41.272636 -37.077274 -39.165423
40.805483 -9.426082 -38.184316
43.594555 -20.338734 -40.653204
44.042134 -23.673367 -40.993396
40.182804 -34.644523 -42.090140
40.564699 -33.169297 -43.688055
38.369526 0.266476 -41.560505
39.205437 -9.651521 -44.399403
41.899761 -30.584862 -45.207406
38.307274 -13.034944 -45.393237
40.480936 0.580613 -43.118022
37.194119 -2.769359 -45.003915
49.053944 -2.174364 44.295502
49.115242 -19.074693 42.196600
48.947833 -20.396088 40.484246
49.559460 -8.222654 42.729949
44.309684 1.113003 33.087436
49.619324 -28.833276 35.963151
49.272586 -24.446144 33.781380
49.308675 -31.552692 33.715995
46.167315 1.410734 32.240294
47.373347 -20.707902 30.024483
48.167238 -25.529883 23.478710
46.912488 -38.571627 27.865875
45.787476 -43.407375 27.055289
44.209147 -40.229705 25.152386
48.055998 -44.193210 26.036633
48.434876 -20.801705 18.351121
48.473473 -29.895400 12.032972
47.755360 -51.081889 11.593304
46.813312 -44.955218 10.416784
46.728617 -46.880121 10.674570
45.393735 -47.741289 9.275151
49.533669 -51.178860 4.837829
48.608654 -56.644602 -2.052812
46.964411 -58.601902 -5.297899
46.878101 -58.044864 -8.622546
44.684795 -33.040197 -12.993222
42.837649 -39.726001 -16.866143
46.411697 -52.341862 -15.901331
46.333294 -57.703311 -16.106788
47.070012 -29.166045 -14.990500
46.585046 -55.364759 -17.333460
42.833001 -43.216662 -19.795368
40.435024 -39.439917 -20.428471
43.880353 -30.231461 -23.867698
43.138712 -1.016235 -28.339817
42.080435 -52.988304 -28.164999
43.064688 -34.263590 -24.302140
41.251742 -48.626730 -34.252013
45.080867 -23.558130 -36.457218
45.527369 -26.222381 -38.311685
41.067217 0.995936 -40.537225
39.263740 -9.546141 -42.068794
45.948604 -26.861894 -42.539267
40.502418 -11.725641 -45.744968
50.027799 -3.482217 44.161055
49.665857 -5.484838 44.423286
47.891113 -0.321892 41.669772
50.749718 -20.307086 37.564137
47.318262 1.386216 35.319349
50.858564 -26.778156 34.058892
47.759716 1.101947 30.874689
51.818385 -30.203754 32.735148
48.834429 -24.513743 30.074906
48.846077 -39.069990 28.780880
51.286662 -39.914692 27.238917
49.367570 -45.390555 23.428091
46.585521 -4.642595 17.395291
49.659955 -34.081800 17.800438
49.998526 -29.461423 15.222222
50.529648 -31.968575 14.210246
51.009866 -19.697847 15.955769
47.807106 -2.359813 14.035307
51.804628 -54.304507 0.614236
48.814306 -49.465909 -4.146822
48.832696 -51.032058 -6.150808
49.354799 -54.035590 -7.207626
46.119720 0.581604 -11.493133
44.959283 -45.877996 -21.631401
42.090432 -39.655176 -18.936854
43.745283 -1.729930 -24.804336
41.497078 -36.698425 -20.636775
45.915312 -42.599413 -21.407615
44.621627 -46.202948 -23.557433
43.407851 -51.193305 -24.294112
44.981823 -40.917638 -34.732262
44.878759 -38.091439 -38.613634
42.501151 1.067096 -36.726297
43.472808 -34.287061 -41.532432
43.027707 -8.192423 -39.926037
45.478474 -31.330456 -43.330769
41.199516 -6.330346 -44.254954
43.481223 -8.560643 -43.023525
51.270997 -1.383520 40.813844
50.538605 -16.299444 42.389051
49.250030 0.563907 38.447992
51.464853 -7.831963 41.778322
50.214892 0.166939 33.721434
52.848475 -1.219479 34.385816
52.945343 -4.503482 37.731411
52.083926 -6.039870 34.538770
51.619463 -25.897258 31.410184
49.725260 -33.833792 28.834784
51.004767 -26.877971 25.353919
48.096822 -23.167927 24.566915
51.991278 -41.325399 23.360947
51.398408 -38.604207 21.874279
46.310121 -0.229968 19.874246
50.798059 -36.560697 20.144324
47.422070 -8.070970 12.588370
53.334833 -28.291902 17.399746
50.829500 -46.825660 18.189400
48.459545 -47.628975 10.641212
45.077161 -0.670493 7.016949
50.797221 -49.092339 3.435995
49.636429 -54.437463 3.019393
52.301814 -40.706838 2.581555
50.555157 -44.860686 3.024716
49.357310 -38.099530 -3.940366
51.109958 -47.026070 -2.567688
50.739646 -56.131328 -3.080728
46.524701 -0.085060 -3.444756
44.935426 -36.131005 -15.891455
48.583118 -54.449148 -15.918412
48.216621 -57.726921 -13.702682
42.817266 -35.804306 -18.816233
44.751541 -2.350553 -23.356224
44.987919 -0.356429 -29.074050
43.079107 -44.552537 -33.304243
44.669829 -47.012136 -36.083914
47.042302 -36.586913 -32.791757
44.188486 -5.787425 -30.668850
46.544148 -25.317740 -35.358262
47.672150 -33.514172 -34.919097
47.539108 -35.685401 -37.763622
45.273638 -35.202808 -41.406264
43.173826 -4.804628 -45.293043
52.236414 -3.780614 41.797086
51.847232 -11.915937 41.261284
48.517034 -19.567415 35.261413
52.004722 0.332155 28.104816
50.769145 -22.288571 22.702927
52.278129 -31.569027 19.050170
50.457467 -23.685629 20.879966
54.204153 -23.530462 17.245803
51.453385 -22.704529 16.397351
51.307964 -50.055281 13.646429
52.571365 -48.442792 10.032360
46.280954 -41.998315 6.974396
49.742464 -0.055062 11.610288
51.192888 -3.679605 10.836903
47.833938 0.573868 8.666761
49.178120 -7.137676 10.858848
48.248544 -0.902536 3.035227
54.001073 -39.015928 2.820647
50.400872 -38.604645 -2.236566
49.841130 -43.922124 -3.566531
53.570596 -51.024589 -1.859174
49.423767 -40.754188 -4.588105
46.571240 -0.529702 -6.705487
48.349424 0.217570 -8.493169
49.022913 -56.781905 -14.652366
46.087097 0.543738 -14.670578
46.325111 -40.006879 -17.719699
45.747401 -34.710717 -16.918942
47.087718 -45.405268 -21.583460
47.447187 -50.724494 -22.223618
45.086303 -37.865494 -17.677493
47.243315 -38.636582 -19.138942
46.251080 -40.451662 -19.795023
47.307300 -46.411418 -24.031252
45.992186 -50.275399 -24.343710
46.551941 0.111786 -27.936339
46.883001 -54.296418 -27.238991
46.923767 -52.030485 -31.416398
47.907572 -38.521868 -30.717344
44.765557 -50.245763 -33.624878
49.624377 -22.877804 -34.579949
46.482921 -4.167542 -32.320937
44.123484 -0.969535 -33.693044
49.355363 -28.748855 -38.755257
47.595932 -32.609423 -42.303889
44.765989 -10.713442 -39.875332
44.511516 1.407258 -44.523368
43.099967 -10.891784 -46.087854
43.762523 -13.343074 -45.911846
42.255333 -1.446765 -46.206996
52.506283 -18.021037 40.381783
53.386492 -13.410122 40.411129
53.950444 -7.374357 38.726839
54.016365 -9.154360 38.090591
52.834259 -9.496335 33.556539
51.628279 -21.703816 33.714869
53.693028 -28.130331 30.525232
50.380031 -23.909032 28.442792
52.798350 -9.955972 30.885773
52.804586 -32.398947 30.018119
52.422588 -36.059520 28.706900
55.148210 -28.552309 26.656170
53.571708 -26.393828 23.299183
52.123742 -34.460946 20.845359
53.526323 -43.990633 20.467421
52.813813 -45.456621 18.962132
50.285297 -28.009702 9.222983
47.616388 -46.297551 8.311512
46.866455 -44.488819 6.110657
49.778937 -45.318118 4.189437
50.246505 0.003174 -1.660794
52.655776 -40.368075 -1.255764
52.793404 -44.055073 -0.721685
51.530396 -38.988527 -6.124268
50.820510 -50.882054 -6.408731
49.299906 -50.316082 -14.476406
51.203191 -53.317211 -13.370952
47.150380 -42.223565 -19.421083
48.544652 -54.846571 -19.701686
46.557872 -0.366445 -19.652542
46.417727 -0.243267 -25.987241
47.002338 -2.322828 -30.649198
45.885011 -4.218519 -30.644432
48.583108 -5.903384 -31.939764
49.188576 -31.948911 -32.391893
49.560286 -27.852759 -34.959478
49.423624 -31.025443 -36.856156
46.994798 0.625298 -35.444062
48.962597 -33.405859 -40.428557
44.265814 1.430662 -38.400230
46.655243 -3.720384 -46.150980
45.603665 -0.803214 -47.193079
53.781175 -16.356162 39.848321
54.901947 -13.242680 38.420800
54.159143 -9.630415 35.520438
52.999803 -19.590838 38.191779
54.423094 -12.800276 33.522900
53.408953 -20.847655 36.048956
52.431209 -12.144486 30.510287
51.854249 -23.091333 32.044183
55.757430 -7.580180 33.335430
53.368027 -12.010483 28.694849
53.349089 -14.869295 27.681145
54.714995 -33.007485 29.110987
49.292857 -1.334260 25.438295
52.952189 -38.487320 25.003447
54.530076 -36.496775 24.275296
53.979147 -25.908954 20.433566
48.735458 -3.080636 15.708447
48.195573 -6.355615 15.324741
51.794069 -34.918089 18.030889
53.810064 -47.235926 15.455265
52.063754 -30.179570 9.648826
51.996712 -27.610365 7.393587
50.249286 0.928415 6.682974
53.050628 -6.797139 9.680662
52.863811 -47.716441 2.830530
53.586497 -42.063417 0.200235
52.958824 -53.580489 -1.340719
49.056138 0.758865 -2.987147
50.951392 -47.844093 -5.213765
52.469822 -54.186453 -8.931535
50.824022 -55.953534 -12.715191
48.094550 -32.406231 -15.184226
49.315469 -37.307591 -18.465132
48.172673 -52.722791 -16.776265
46.033828 -32.148963 -16.551035
46.257012 -2.087170 -21.954623
48.588800 -1.538672 -24.402751
49.099555 0.471862 -26.473734
49.011581 -49.218505 -24.038945
48.499662 -5.737804 -30.324139
46.709839 -41.763195 -34.091385
50.388002 -24.583221 -32.831070
45.369535 -43.300706 -36.405320
46.706331 -45.878339 -37.931234
47.183103 -10.404886 -38.456022
47.259002 -12.222289 -38.978189
45.070818 -22.858380 -41.146061
45.820317 1.518641 -42.008395
43.833549 -18.417564 -44.152225
46.172612 -8.413905 -46.115191
55.522646 -14.856109 35.156057
54.421163 -16.758682 30.888094
55.423653 -18.443575 32.263029
55.642541 -17.270527 29.060818
54.610903 -23.635156 28.898410
55.501569 -34.879504 26.625696
54.940533 -20.290512 19.204684
55.658404 -27.524675 21.965588
56.378797 -32.354915 23.139745
48.648843 0.455412 17.965693
55.671462 -38.337334 21.816438
53.061792 -36.503049 20.384246
54.155093 -47.416541 13.077127
49.101689 -48.016680 7.746277
49.580628 -48.213288 5.704844
49.653086 -42.012164 3.639547
54.051012 -49.426680 1.675049
53.451177 -37.873706 0.590267
50.794334 1.210708 -5.092542
53.823598 -40.391215 -9.147668
53.105225 -43.768901 -7.348011
54.499385 -51.182898 -7.289838
53.852016 -49.877146 -13.762578
48.622868 0.382338 -16.698750
48.589752 -55.031248 -17.845642
48.487482 -0.508259 -19.216667
48.911920 -47.520903 -22.387820
48.057234 -2.109348 -21.360891
50.427392 -39.805526 -21.378555
49.807655 -45.781131 -24.226163
50.587080 -28.367655 -31.810963
49.536801 -8.380928 -30.227664
48.782320 -49.047488 -35.645865
51.111081 -1.181608 -32.735401
48.212077 -24.026844 -36.367300
46.816075 -25.259247 -39.762168
46.364498 -7.681641 -41.163962
50.233257 1.277798 -40.383747
45.716095 -22.750643 -42.879819
49.660777 -11.104809 -39.288221
47.141189 -20.918052 -44.038270
47.269446 -9.415830 -41.718253
46.041500 -16.943344 -45.182156
48.237064 0.441919 -46.865069
47.311384 -13.808273 -46.026661
55.032651 -18.153126 36.281933
54.534339 -21.756326 31.098004
51.755771 -0.784321 26.264480
56.501179 -33.172940 26.580295
54.652220 -23.877323 22.899091
56.785967 -30.223674 22.995256
51.068925 0.988476 21.993663
55.750046 -29.909066 20.996594
50.390582 -0.277400 14.816299
51.921666 -4.030407 12.215770
55.408116 -44.764011 15.500997
53.110315 -32.329235 16.594078
53.474646 -31.613280 12.809735
57.350403 -44.048965 13.001966
52.930730 -3.138831 10.052000
53.472239 -10.303655 5.180711
53.463729 -41.751624 -6.613295
54.309248 -52.453403 -11.167750
50.557857 0.205328 -10.474749
49.645486 0.711832 -13.705306
50.678477 -51.322068 -15.258165
48.609469 -40.324591 -19.137866
51.260374 -43.730136 -22.657907
49.960724 -52.132885 -22.795311
52.832750 -55.028457 -21.284626
50.072490 -36.703057 -20.241137
50.018738 -0.466656 -29.735509
51.828575 -53.413080 -30.804928
47.047351 -42.532941 -38.243423
48.666055 -26.144390 -41.651071
49.410675 -6.486211 -42.863077
47.476688 -8.028112 -43.437167
52.228765 0.517089 30.852808
57.244709 -31.018136 26.233892
56.626088 -23.722142 27.471310
52.665040 1.299531 15.752132
54.967881 -34.433383 20.006788
56.746601 -42.462088 16.333942
52.305627 -0.397729 12.987379
53.377486 -27.135259 8.910223
53.107119 -49.895724 7.026692
53.867659 0.380945 8.560101
52.687805 -48.237801 4.263926
54.455137 -6.164687 7.526547
54.965654 -24.679514 6.401774
55.625466 -45.606156 -8.278162
55.991043 -34.506468 -8.185069
53.086470 1.293692 -10.958893
51.233191 -54.988512 -15.518061
50.329942 -1.263719 -19.090702
50.827812 -4.914197 -29.917899
52.820151 -7.075064 -28.693969
49.314571 -2.669274 -30.746335
50.504543 -51.140385 -33.523990
48.225253 -37.898575 -33.720977
50.687114 -48.066803 -36.828326
48.356218 -39.276271 -37.022411
50.358815 -40.425326 -39.902568
49.300133 -2.247752 -33.027914
49.377816 -42.695169 -39.892341
50.369830 -9.545248 -39.940580
51.248451 -25.232639 -42.454658
49.861422 -18.226831 -44.674902
49.566561 1.796021 -42.694802
49.688641 -3.021642 -46.926159
48.482838 1.941356 -45.938061
50.440747 -7.844813 -46.291321
47.336798 -9.785522 -46.752613
55.674303 -0.180335 32.166599
56.207232 -4.339243 33.813617
55.454643 0.999362 28.340011
54.149755 0.716619 22.641643
54.405003 0.689675 18.558007
57.117899 -41.157147 19.197861
58.927156 -41.394135 14.938815
58.756529 -30.142217 11.174810
55.814475 -28.885155 8.445022
52.048202 -44.191868 3.560002
56.062461 -2.626068 7.567302
56.264326 -4.914572 6.238011
51.923043 0.415259 2.520265
56.225965 -7.607012 3.281961
55.354310 -9.846496 2.041727
53.517809 0.788365 -5.122081
57.182202 -48.875303 -12.549780
50.870473 -0.183449 -16.124406
53.957767 -54.781270 -14.542342
54.731520 -56.387969 -17.640166
53.087944 -0.368987 -16.740247
52.904225 -1.401587 -19.830361
52.478867 -47.304377 -21.920695
51.690269 -0.999810 -23.781844
53.366300 0.135709 -26.839640
49.962663 -54.861651 -26.537244
52.136105 -2.240155 -29.481834
51.298857 -34.397579 -38.981909
51.214785 -44.744528 -39.910380
51.229931 1.226051 -36.528909
52.403112 -25.537497 -38.560089
50.236519 -26.267037 -38.870547
51.304495 -21.156508 -43.085076
52.341408 -4.694059 -45.316297
52.065016 -14.311619 -46.389150
49.885004 -11.288111 -47.204988
55.859299 -9.219656 32.223202
54.617392 0.535658 25.326245
57.772101 -0.395285 23.251956
58.040288 0.588283 19.482911
56.966922 -19.289552 17.255380
58.896419 -36.326565 19.940040
56.435098 -33.506028 20.161571
54.540300 0.869793 14.173359
58.095774 -31.757362 14.573364
59.660647 -38.441938 17.342197
56.325521 -26.069126 9.624403
54.955205 -43.949215 3.207082
57.800968 -0.289695 4.239123
55.263681 -26.650696 6.425362
54.421928 1.340048 4.747971
51.809074 -39.608773 -3.281678
58.534684 -47.524424 -9.894591
58.889915 -33.318856 -10.736834
57.154748 -39.957195 -8.994230
55.260094 1.219089 -10.003021
57.025400 0.148916 -15.468463
55.198348 -8.824275 -27.179939
55.512238 -54.841409 -25.340510
53.351501 -49.095552 -35.147934
54.700643 -50.428798 -34.496192
48.903138 -34.679185 -34.007036
54.528773 -46.179788 -37.947138
52.195502 -8.206324 -30.467136
50.833537 -30.567538 -35.257506
52.283837 -37.874506 -39.248868
54.026964 0.295329 -36.922303
53.973271 0.099000 -39.681505
54.096848 -22.342643 -42.450957
55.751778 -10.404379 -40.560550
51.231658 -9.264673 -42.561886
53.081012 1.783340 -44.021963
51.392546 1.376374 -47.211100
54.261408 -7.976732 -47.223686
56.025402 -14.542368 30.786087
58.219464 -23.420862 23.395303
57.997251 0.515929 16.456855
59.247835 -34.158398 19.650625
55.256096 -7.445245 8.610219
56.843042 -48.195518 9.214121
57.153468 -23.019505 9.136307
57.232834 -48.851230 4.438520
58.258191 -2.840228 4.163721
55.592424 1.437090 3.414615
57.835748 -9.199575 1.728252
53.473961 1.305918 0.039958
55.291461 1.745787 -0.939806
57.219859 -8.059357 -0.468508
53.284670 -40.925357 -1.799599
52.833599 1.741590 -7.710047
56.571324 -49.153454 -9.111946
55.517294 -0.791178 -21.076401
56.632910 -52.131525 -28.922146
52.711973 -23.149079 -35.469032
52.940848 -5.904850 -30.878351
55.681094 -35.162613 -37.455741
51.537510 -29.889162 -38.188419
53.979742 -40.858974 -40.708672
55.802870 -19.136179 -41.900603
53.400972 -25.379679 -42.015801
51.864058 -16.381379 -45.673535
52.263410 -0.744029 -48.024673
59.041423 -4.078236 34.489934
56.958720 -13.125686 32.798657
59.479535 -18.107923 31.641010
59.004486 -21.144973 29.043811
60.140430 -2.715603 25.693384
59.771021 -23.021204 26.681492
59.443833 -17.087840 22.878683
58.926112 -20.300602 22.168604
55.833251 -26.127874 18.990334
57.243412 -1.167451 10.727290
59.779436 -29.831496 16.753771
57.834450 -24.175205 10.830463
58.516649 -21.931212 8.598894
58.806353 -2.633183 2.556742
54.786486 -42.466288 1.517678
55.551328 -46.360957 0.861990
54.168368 -45.730566 -1.238391
58.504195 -5.923408 0.459420
56.774325 -48.324053 -1.916003
56.871163 1.521221 -5.572972
55.031798 -46.785618 -3.769047
60.787328 -8.096348 -4.790847
55.318317 -45.411037 -5.297833
56.182051 -42.825033 -7.044852
61.930688 -44.284416 -9.202722
56.115804 -53.152593 -13.102137
56.541608 -55.756662 -22.634067
55.970225 1.136006 -24.315739
57.297436 -45.111382 -32.166445
59.316575 -44.756541 -31.212673
57.020076 -51.644614 -31.810159
57.134363 -49.097487 -33.699807
51.625981 -26.225956 -34.452584
53.305603 -24.529745 -35.223361
53.175389 -27.077128 -37.602572
54.191795 1.122761 -33.789333
55.861935 -1.517907 -37.779398
54.285181 -32.351089 -40.294983
54.962089 -43.816860 -40.417357
51.773273 -8.134801 -41.559992
53.478257 -9.348803 -40.575992
54.156536 -6.359681 -43.201314
54.412350 -17.134650 -44.619404
52.901474 -7.545474 -44.698549
60.226679 -10.376459 34.949652
59.252025 -2.151945 33.230465
58.581085 -15.408730 33.243818
59.017761 -0.443621 29.738276
61.098523 -19.525863 28.277433
61.779526 -16.727706 25.286402
61.040549 -21.237083 25.624408
59.983345 -22.165404 23.684877
58.446657 -27.172612 21.144499
58.822767 -22.078064 19.205820
58.238551 -28.338577 12.950873
59.739413 -32.375119 16.899276
61.671740 -40.812949 13.812922
63.092364 -31.831690 13.226708
59.162962 -46.322534 10.477243
56.001573 -10.131870 4.384049
58.349543 -49.080128 6.670440
58.010793 -46.980071 1.198729
58.522675 0.988131 1.089250
60.082840 -3.404943 0.096629
57.719812 -49.035620 -5.320690
57.109039 -39.016404 -7.108124
59.359442 -38.005558 -10.050029
61.212567 -34.722993 -12.769870
61.273190 -40.706106 -13.918973
57.734331 -51.904400 -12.077714
57.752973 -54.541608 -15.196550
57.804601 -55.222300 -19.590158
58.392215 -52.430286 -27.171590
54.281583 -3.595582 -28.264940
55.836044 -24.731400 -36.014426
55.794494 -8.655748 -29.088926
55.188634 0.091862 -31.856451
55.331442 -2.883179 -30.252242
56.855868 -45.519686 -37.680759
55.702106 -38.059733 -39.080466
56.259786 -0.083059 -35.784543
54.858422 -28.249790 -38.865736
58.757921 -42.026805 -39.654023
55.528521 -3.570634 -36.810360
58.523212 -23.045892 -41.360100
53.111320 -9.394350 -42.845038
54.704951 -1.275607 -47.176593
62.463333 -6.681991 34.771010
61.912286 -13.703925 33.262076
61.654525 -16.569200 30.982142
63.397560 -16.061193 27.940374
61.383926 -25.445776 13.348639
61.789332 -34.714556 16.294574
60.492753 -22.743869 11.855711
63.704309 -36.833177 13.512736
61.094277 -21.125006 7.769594
57.170181 -7.634785 5.557386
57.123646 -25.786202 8.504013
60.335716 -47.129601 1.613451
57.002257 2.294166 -2.456797
62.093113 -0.914484 -2.271362
58.659785 -49.383387 -2.266980
61.796122 -4.748155 -2.629060
58.609853 -6.971966 -1.992158
57.658397 -33.457753 -8.155247
59.390722 -53.526626 -14.859722
60.604387 -53.246661 -19.723669
62.115774 -44.309002 -24.186757
59.928579 -53.457443 -24.390593
58.133794 -2.837484 -26.883159
57.908334 -5.457414 -26.397906
58.182447 0.478536 -25.754670
60.082446 -51.633493 -28.053338
61.796973 -42.249419 -28.545778
58.877682 -49.735310 -32.567530
58.237896 -26.714140 -35.152959
57.779084 -36.014387 -35.964453
58.355876 -4.282992 -35.345998
56.552618 -26.309173 -39.280033
55.790641 -8.154296 -41.073460
56.991970 1.496377 -42.024268
55.331951 -8.030258 -43.778310
55.862908 0.666517 -46.409137
62.258185 -3.111302 32.503317
62.098324 -3.092361 29.994219
61.038942 -27.579801 22.372266
57.112144 -4.506893 7.897841
63.506536 -21.477462 9.753222
61.111771 -43.937913 11.957972
63.497125 -42.431324 10.383895
64.703414 -41.185345 8.982374
63.470189 -44.570741 7.087436
61.637530 -46.824143 6.757975
59.221431 -25.061989 10.050365
59.483394 -27.526046 10.640755
60.384262 -47.987546 4.284856
61.440238 -38.755189 2.333460
61.526589 -42.509588 0.608834
62.585055 -45.784611 2.797921
60.626564 -38.590832 -7.166529
61.405353 -48.699159 -2.738545
60.618109 1.356787 -4.757242
60.214933 -45.781444 -6.813337
58.492822 0.470079 -11.240441
61.972150 -41.803230 -9.184983
62.460840 -41.381381 -10.884544
61.198618 -52.438963 -12.449248
62.722863 -44.069868 -17.241626
61.748413 -40.155863 -18.288475
62.999096 -42.932788 -20.503504
58.389061 -9.440247 -25.530927
61.655235 -49.627001 -28.996330
58.193630 -7.983720 -27.898499
60.088625 -0.101627 -32.807082
60.086955 -45.910683 -34.698334
57.122464 0.909909 -33.329525
58.978232 -1.005903 -34.800045
57.712233 -31.255316 -39.806377
57.811201 -38.612880 -39.504106
59.825063 -19.359730 -39.898008
57.781151 -17.277387 -43.549958
57.788914 -4.315198 -44.212829
57.466681 -2.203553 -46.871262
58.585729 -14.580056 -45.150534
57.318131 -6.720829 -45.022465
56.662939 -11.503827 -47.005587
59.938328 1.295646 20.792074
60.144884 -19.236587 21.244660
59.973066 -22.245637 21.757674
59.518763 -19.037850 19.821678
63.608029 -37.126926 3.777085
64.551481 -41.286400 4.283149
62.050853 -22.097844 6.590866
64.863837 -26.849303 1.082306
63.638874 -28.772921 -1.398401
65.088152 -27.395668 -4.045947
59.345850 -36.960981 -6.797258
60.475540 -43.389976 -6.650120
61.970562 -47.279896 -9.430113
63.511159 -44.327777 -12.204884
59.481145 -0.302980 -13.327118
60.992769 -51.063486 -10.852496
63.049610 -48.669427 -23.372525
63.686035 -50.592340 -21.214567
62.637131 -50.224529 -25.610793
61.737926 -46.046681 -28.045262
59.891867 -3.385849 -28.624794
60.672217 -33.996348 -34.004798
59.694702 -0.288166 -30.106903
62.300389 -44.279784 -33.571495
58.287595 -28.448561 -37.250918
59.690014 -37.205256 -38.062046
60.958111 -31.586287 -39.334233
59.122852 -6.028714 -41.328312
60.607280 0.093644 -44.692615
64.140056 -9.809204 32.836207
65.557691 -12.785042 30.467545
64.398881 -14.361658 31.023957
61.015205 -0.570184 23.866138
61.826756 -23.737953 24.357301
64.827620 -25.067266 22.797906
61.808912 -20.380656 24.796840
64.179660 -28.112250 21.619717
60.786366 1.457163 12.725984
66.612434 -23.007246 11.765494
58.689818 0.738967 8.579563
62.784478 -26.539413 11.321490
59.452324 -2.694089 5.086042
61.860791 -23.768615 9.291140
63.443447 -39.756015 2.362126
64.061817 -29.558605 -3.662947
61.903502 -41.716660 -6.743042
65.603824 -2.879458 -5.323865
61.817970 1.163349 -7.846796
63.886731 -47.852389 -10.618059
64.775683 -47.921510 -13.924891
64.734260 -47.184257 -16.457403
64.216589 -50.465565 -13.945855
63.141910 -51.927434 -15.622814
64.232642 -47.398646 -19.528044
63.414162 -52.104645 -20.332887
60.803076 -6.544431 -24.881973
62.712450 -24.328416 -34.104903
59.461106 -26.856553 -32.424284
60.973990 -35.273009 -35.513247
62.332766 -40.014761 -38.449524
60.864986 -44.179144 -38.256491
61.817274 -25.039786 -39.470839
57.950867 0.945144 -39.502415
59.933662 -16.876471 -42.993564
59.585319 -8.829144 -40.386839
59.397428 -8.943035 -46.355764
64.737684 -3.994701 31.588221
65.601720 -10.448204 30.993432
63.383181 -2.339712 27.940784
64.479382 -21.085115 25.120327
61.680087 1.482437 18.214526
65.883611 -19.674402 17.853084
66.167263 -22.228440 20.962009
66.869607 -24.182719 19.818773
65.358132 -28.741594 17.656415
62.070203 1.905326 8.552530
66.519720 -38.567311 9.878288
60.419938 -6.006183 3.431162
66.956871 -38.375751 5.404986
67.094392 -23.321614 1.022306
62.196169 -47.290045 -5.856164
61.455948 -37.055900 -9.426780
64.597491 -5.378147 -5.738276
65.037471 -10.477535 -9.347372
64.516824 -50.851695 -17.657927
60.160948 0.217767 -17.017728
60.070670 -3.749908 -25.900701
62.538989 -10.504485 -24.866654
60.888150 0.539216 -25.830043
60.490171 -27.870346 -34.268940
65.427087 -6.626580 32.574551
67.897292 -11.425550 27.300898
67.058658 -15.037874 26.757843
64.344730 0.471462 27.076454
66.243143 -18.051134 25.377218
65.722165 1.726973 23.016893
66.267472 -21.443490 23.505385
64.860582 0.977440 20.411693
66.519802 -12.534352 19.565752
63.796035 0.631220 15.278074
64.875936 -14.589438 18.077350
65.780919 -11.772290 17.029698
65.108105 -16.759899 17.414785
67.253552 -25.585993 14.149279
67.650086 -30.982430 14.308123
62.553203 1.741618 9.975631
65.347409 -33.729128 13.900885
65.557421 -24.303718 8.979819
67.655229 -34.968364 11.795095
69.056922 -35.673614 6.916838
63.437926 2.082226 4.255698
60.633829 -6.208499 0.599888
67.227297 -19.697232 3.145254
63.602200 -43.710779 2.060687
65.086383 -46.607657 -0.415540
66.781324 -30.866779 -3.784504
62.983024 -7.137855 -3.346336
65.958341 -23.434585 -6.235288
63.614963 1.318667 -13.718582
65.034507 -6.967044 -15.829397
59.252447 1.079873 -20.414731
61.419184 2.157068 -21.993261
62.098910 -2.039008 -25.765438
67.303798 -30.832568 -21.255146
62.021365 -7.596058 -26.815553
62.318369 -33.148381 -33.522158
62.718190 -5.463463 -33.993659
66.145099 -42.545112 -32.112004
62.262012 -34.221253 -37.113630
63.395601 -36.903918 -37.736479
63.121875 -43.522336 -36.936923
63.512785 -21.451545 -40.141866
61.747556 1.436093 -40.010013
61.248292 -3.603969 -43.366867
68.485896 -4.132267 29.520569
68.114258 -7.455351 30.107307
66.751317 -8.319416 31.053638
67.697503 -9.036224 29.407420
67.696097 -16.355528 25.344015
68.660860 -9.207920 22.016291
67.297098 1.604560 25.051935
68.285069 -17.226441 22.570298
68.644734 -14.114320 21.751426
66.995041 -16.643060 20.110852
67.940781 -9.380881 18.011171
69.484375 -22.905233 17.675950
65.001664 -0.670433 12.824074
67.988234 -20.498269 9.861404
64.553133 0.274379 10.386752
65.460723 -19.955428 6.409738
66.188721 -27.987955 12.865521
66.243197 -27.700279 2.453758
65.454584 -39.748903 4.104877
65.122931 -47.428721 -2.470697
63.516607 -44.722390 -7.020508
66.393369 -28.203144 -5.293173
66.862274 -43.820826 -8.026571
63.414222 -9.898748 -8.177759
63.247970 -37.768569 -10.059532
66.665815 -39.666376 -9.398392
65.098869 0.577116 -5.727861
66.380077 -0.586029 -5.872495
66.878081 -22.515982 -9.012411
65.556379 -35.587125 -12.182143
67.527817 -5.521476 -10.100786
68.037766 -27.610356 -11.979675
65.783865 -8.364093 -13.154291
67.875755 -8.386318 -10.253040
66.661262 2.059850 -11.568239
66.057680 2.180289 -16.363698
67.172153 -4.575250 -14.180244
61.917700 1.277661 -17.382697
66.849304 -5.088535 -18.892191
65.194994 1.782688 -24.069800
65.564933 -6.441089 -24.681284
65.736549 -31.447884 -24.018448
63.397238 -22.905362 -32.581516
63.849815 -25.219409 -33.197250
64.935869 -34.736935 -36.028282
66.886570 -41.528362 -35.114324
65.289622 -39.496413 -37.749652
60.762049 -0.283963 -36.746279
63.330325 -7.512435 -40.377674
62.550944 -17.273409 -41.220898
61.723706 -7.631360 -41.590161
63.650303 -15.655132 -42.454738
61.111002 -6.327861 -44.341848
62.425322 -12.990102 -45.026513
68.420550 -0.816974 28.307526
68.954238 -8.787360 27.558476
68.948583 -13.647412 24.544221
66.607469 -19.477643 8.099237
70.654246 -32.194319 10.796271
66.646861 -0.792982 8.620879
69.259522 -24.413582 9.465322
61.803604 -1.223273 1.958292
67.160770 -22.206157 7.025844
68.961143 -27.868401 3.002513
61.985920 -3.416473 0.365820
68.484106 -22.964911 4.829312
70.381070 -31.909887 1.493676
71.284739 -35.808621 1.047985
67.279534 -28.339781 -0.180237
66.557218 -46.827713 -4.592084
64.738202 -46.204233 -6.582435
67.981609 0.245195 -8.691341
68.581430 -3.119686 -12.480202
63.900912 -39.192441 -12.600778
64.062511 -42.459601 -15.991969
66.976375 1.414188 -20.624789
67.996745 -1.718641 -16.636673
69.214525 -23.325227 -17.539645
70.146940 -27.516402 -18.751622
67.627008 -2.596717 -19.547004
63.077775 -39.469855 -19.886747
66.620987 -9.527915 -24.672554
65.308810 -0.652879 -25.712683
62.538499 0.295293 -28.814798
64.178808 -24.332847 -36.821097
63.725157 -19.039970 -39.708040
65.352276 1.173773 -36.895554
63.764163 -7.685886 -45.098431
62.825692 -10.935878 -45.750583
70.579214 -1.851461 26.317165
70.493764 -6.420958 23.111355
66.468800 -0.883887 15.719352
69.174110 -27.697790 12.967516
68.905021 -25.857619 11.618163
71.014768 -33.525101 8.112281
70.522848 -26.769555 5.240812
67.103457 -29.975734 1.862927
69.607259 -39.827976 3.722721
63.271686 -3.523897 -1.487315
64.536709 0.717848 -1.305360
63.230925 -0.838265 -1.600977
67.937839 -43.091685 1.849030
70.203029 -40.365273 0.846618
68.025172 -45.385450 -2.064401
64.704137 -7.077639 -4.425258
70.279282 -42.822985 -2.399792
66.042066 -8.019682 -6.767735
70.026935 -26.333151 -7.032820
69.891160 -28.573014 -5.044222
69.830529 -26.453059 -9.109106
68.406833 -0.219407 -13.644470
70.895520 -26.360707 -15.278302
66.758821 -43.261563 -12.011532
68.219032 0.703331 -22.858501
68.776023 -10.027420 -21.678735
66.721750 -33.992577 -22.461611
68.358435 -2.338954 -23.155931
68.972526 -5.066310 -22.795907
64.665167 -45.029698 -29.757001
64.732471 -5.368172 -27.100893
64.237309 0.207690 -31.757968
66.354782 -21.346868 -34.025719
65.774152 -18.148238 -40.178197
66.324298 1.298685 -42.574736
63.489278 -4.448060 -41.397479
64.443490 -2.586126 -43.309423
63.432485 1.415704 -43.212628
65.223644 -14.115486 -43.319768
72.385474 -4.449242 22.612671
68.045533 1.537113 21.310252
69.020129 1.559407 19.378532
70.311014 -7.965865 19.346489
70.748777 -22.525356 14.432302
70.499202 -11.343990 17.864682
71.949436 -18.242314 17.617523
70.686000 -28.548802 12.243281
66.767695 1.807742 3.131012
72.187858 -30.779934 5.459447
71.876454 -34.810727 4.792723
71.487813 -38.170747 -1.282953
67.654568 -25.914706 -4.600469
69.120127 -45.623521 -4.654902
68.299550 -36.855923 -10.166521
66.763565 -38.417239 -11.858900
66.133300 -44.948236 -14.122756
64.999465 -44.582009 -18.704820
69.741335 -10.476437 -23.237943
68.708117 -37.757012 -23.494471
64.486465 -46.678669 -22.207596
67.733258 -48.235925 -22.864174
68.507674 -35.902297 -23.825622
65.699618 -47.419852 -26.034268
68.809035 -33.627380 -24.340114
65.345388 -9.187680 -26.774661
69.221970 -46.012275 -29.482149
63.040382 -2.301102 -27.504105
68.593774 -1.571447 -33.214773
65.974900 -26.246408 -37.611857
65.765708 -30.740022 -39.170686
66.277618 -1.641597 -34.613447
64.374035 -6.136642 -39.613759
66.021780 -10.931407 -44.627691
71.533164 -0.343872 23.803603
70.341558 1.189410 22.331732
67.194598 0.593706 18.299733
72.577511 -7.328227 16.152521
71.757562 -21.616246 15.596805
72.964899 -18.492953 12.412344
70.593770 -18.199852 10.370732
68.413522 -0.726306 9.176039
71.563717 -26.392229 9.855461
69.288319 0.505086 5.998238
70.323733 -24.492360 7.167763
72.017098 -27.154044 7.410656
68.226225 -19.260531 6.261265
71.711205 -28.266490 5.619483
66.629317 1.878579 -0.317584
66.804025 -3.637318 -4.459070
73.810455 -38.223078 -2.643920
71.999168 -42.470952 -5.135090
69.285432 -30.173710 -4.395514
70.123414 -43.096408 -8.175513
70.078710 -29.739314 -12.134759
70.015185 -44.978381 -14.923879
67.498415 -47.355916 -17.684531
69.826192 -6.012288 -20.240717
69.141323 -7.598660 -22.407045
69.029373 -33.792275 -21.277887
67.688073 -47.697927 -20.336974
69.736862 -35.947387 -22.225323
70.161434 -39.273676 -23.089707
69.306694 -30.642057 -24.592547
74.457273 -38.985596 -25.103278
67.254347 -47.973540 -27.025113
68.630418 -31.432054 -26.081559
69.106974 -41.324358 -32.928337
64.537640 0.478255 -28.480048
65.655659 -22.878404 -32.271110
66.869600 -5.560578 -33.865341
68.211294 -39.118950 -37.051484
66.983984 -21.017335 -39.620769
67.429606 -5.454067 -43.733581
68.379514 0.430290 14.165757
71.749269 -14.359245 19.133323
66.964156 -1.804334 11.524357
70.642848 -19.316315 9.043661
72.416525 -29.656211 10.080261
69.632880 0.150060 7.988459
69.545380 0.845570 0.918394
69.894365 -22.649560 2.123602
70.400491 -26.649587 2.070006
69.500296 -28.978339 -2.302637
69.647106 -23.902864 -4.862610
68.461482 -5.450554 -7.086825
70.813635 -31.996559 -2.894948
68.784892 -21.954426 -7.388622
70.979971 -38.486009 -8.688295
70.709507 -42.292203 -11.208827
74.191348 -30.351372 -14.579379
69.842418 -38.905124 -10.546640
67.062909 -4.617385 -15.494397
71.727788 -32.241732 -19.782939
72.987841 -43.383004 -18.762853
71.771486 -38.482095 -22.884577
71.387713 -27.685553 -19.646444
72.874732 -44.836398 -22.814886
71.762611 -44.509852 -27.539179
70.850647 -46.912347 -22.988437
69.115791 -47.530147 -26.653750
72.215396 -41.027081 -24.495558
72.320421 -43.562469 -26.284076
70.218286 -28.496718 -27.515446
72.162911 -36.930440 -23.979575
72.821698 -40.950250 -30.513284
70.094961 -42.591148 -30.959129
65.287509 -2.361230 -26.893579
66.109348 -3.872929 -26.894688
68.551322 -34.060109 -37.382944
69.514867 -20.035137 -37.840141
67.845695 -15.971937 -40.909150
66.049576 -4.689324 -40.521174
66.457977 -6.309967 -41.503257
72.177312 1.464768 19.651107
71.265638 2.038129 16.322814
73.122362 -17.141152 18.110560
73.994202 -4.928021 17.746935
76.464017 -16.852947 10.625065
71.020686 0.491705 -0.632391
71.092613 -28.990917 1.607145
68.331352 0.784239 -4.153536
73.353389 -34.231932 -1.599566
73.430172 -38.284108 -7.597340
74.239924 -30.796078 -9.971340
72.128687 -41.298295 -16.775247
70.674816 -10.379155 -20.101766
72.301883 -36.098194 -22.234025
69.836546 -31.536503 -22.047980
71.217743 -33.403813 -25.682034
74.081591 -41.258882 -26.683299
69.593114 0.667762 -27.887967
67.092111 -1.354876 -26.698598
71.155715 -30.785627 -28.385799
69.516608 -20.690689 -33.245088
71.545867 -37.722608 -35.885457
70.551703 -19.222504 -34.211373
66.988984 -23.558771 -34.368405
72.296155 -39.628646 -34.571805
70.443578 -14.271085 -40.184092
70.848108 -29.435875 -38.990019
68.779772 -13.127718 -42.395405
73.991052 -1.780986 20.213260
73.680307 -19.104484 15.372869
74.940601 -17.189014 15.907771
71.995367 2.230920 10.397930
70.757774 -20.755815 8.261546
70.393784 -22.095918 4.588809
71.549387 -29.124787 -1.734980
72.126920 1.175298 -2.768055
72.286605 -23.290405 -5.651464
71.434420 -2.654702 -7.701002
73.169380 -29.329349 -4.544407
75.003501 -36.542692 -6.152697
73.418657 -28.605465 -6.336415
67.764982 -24.707876 -10.591960
70.443923 -26.430442 -11.044707
68.903777 -5.988418 -11.976148
70.126958 -1.326899 -15.672908
72.254922 -7.954800 -17.411892
74.483539 -38.334900 -16.863538
69.272333 -3.260458 -17.796918
70.975893 -5.184517 -18.102424
74.707801 -41.844243 -21.707524
72.708049 -34.524979 -25.495703
68.009929 -4.625708 -26.425917
73.002236 -28.794428 -31.343032
69.891597 -22.460859 -36.278881
71.899631 -19.373860 -37.868278
69.176605 1.344743 -36.226708
72.092101 -7.997533 -44.833166
75.689127 1.439601 16.526641
75.658778 -1.294869 18.553250
75.744195 -14.834136 16.472527
74.446079 -7.922495 17.256165
78.822974 -7.016599 14.452040
74.055123 2.135967 12.488185
76.657486 -16.393899 13.243448
75.790929 1.441352 11.522750
75.823097 -6.957312 10.250403
75.816270 -7.878678 8.233630
71.710677 1.998132 7.636686
72.504109 -22.533214 8.008559
72.061231 -25.639520 3.822100
72.962541 -30.324912 0.417014
76.060974 -34.629865 -2.881838
70.758446 -24.446560 -9.019153
73.746411 -39.491991 -9.677408
69.302016 -2.799565 -12.766276
74.823143 -30.243254 -17.625881
75.698237 -39.407365 -12.518865
76.936607 -36.151154 -16.872192
75.476937 -34.155694 -19.211307
74.777267 -39.367267 -21.640203
74.623836 -36.546992 -21.403512
72.525586 -22.540796 -18.872833
75.794753 -37.765868 -27.034342
69.724022 -8.283829 -25.624077
69.861948 -1.300506 -25.617797
70.828956 -1.462782 -30.965921
74.816075 -33.434042 -28.289934
71.534873 -32.851146 -38.073683
70.737963 -25.579703 -38.537811
72.067551 -15.967555 -39.380837
68.466809 1.815157 -39.336682
71.636499 -4.145131 -44.938157
75.568939 -11.906927 17.883698
77.914648 -3.353537 13.125842
75.892232 -9.917652 6.019992
75.110518 -20.805253 9.662642
74.734456 2.077979 6.752829
75.648405 -13.074608 4.641123
74.251450 -25.408449 5.677834
72.849775 1.190914 2.736589
73.979046 -27.628021 4.748173
74.492191 -27.952912 -1.879737
76.252515 -32.300062 -3.243610
76.690401 -30.929142 -5.957703
72.666716 -24.902470 -16.075600
77.138834 -32.460521 -13.952341
74.043760 -32.757342 -22.689133
73.151289 -30.288604 -20.539216
75.137887 -39.146657 -32.714275
76.187452 -29.861268 -31.836571
73.273432 -35.479580 -36.093337
72.650377 -23.704504 -38.403402
71.508664 -1.070185 -44.574168
78.030228 0.195868 14.574019
78.276905 -10.185814 15.355607
77.067357 -0.381471 10.739443
78.602936 -11.205441 9.632587
78.140538 -2.836126 9.678643
77.764843 -18.136435 5.484766
75.912636 -24.256972 6.336480
76.070169 -17.245045 3.406003
78.616171 -21.659295 3.169745
77.322307 -21.135610 6.660035
75.341755 2.027572 4.453281
75.848951 -10.933516 3.195611
74.835387 -16.249418 1.734581
76.468574 -18.918127 1.873340
73.692885 -0.100362 0.772051
75.141203 -13.965980 1.574258
75.757383 -29.666247 2.454153
76.145891 -15.853023 0.712009
74.992491 -24.658658 -4.546516
77.873911 -24.851089 -2.821921
74.851600 -1.303747 -5.663401
77.021204 -34.840275 -5.542745
77.788095 -35.919839 -9.769077
73.776163 -27.697320 -11.111419
70.624354 -1.282985 -11.710883
72.957508 1.589963 -11.773378
72.844970 -4.786124 -15.549015
74.222314 -5.103393 -14.031216
72.723579 -2.364063 -15.483484
74.536253 -7.137518 -14.678242
77.622542 -33.066014 -16.624718
71.969639 -8.499473 -21.929674
75.651647 -33.343891 -24.743670
71.519106 -6.758344 -23.796630
74.137605 -30.623277 -27.872701
75.824599 -18.894182 -27.971295
77.254047 -32.116208 -33.877450
73.891982 -19.505194 -35.266169
76.304713 -36.390159 -34.089461
78.739723 -26.984941 -35.977749
76.426198 -27.235149 -38.362164
74.376097 -32.643381 -37.760042
75.194672 -30.906874 -37.967356
74.714277 -26.361442 -39.043479
73.427762 0.540293 -37.591778
74.651934 1.445818 -39.033050
73.174023 1.738778 -42.477940
73.640622 -10.678877 -41.918971
77.719286 -12.470461 15.158709
78.960466 -5.600899 12.835590
78.589285 -13.584681 12.854903
78.235575 -5.657874 9.343114
78.968230 -14.280129 8.945435
77.540797 -18.983729 9.029436
75.989450 0.735200 1.829203
77.266194 -12.403439 3.178178
77.727404 -28.166535 3.200827
77.776156 -28.163992 -0.390551
75.495131 1.676690 -2.681257
74.178664 -27.103574 -7.840839
73.465964 -1.722156 -8.643873
77.900336 -33.606207 -9.403250
74.244807 -1.156340 -13.766572
73.553794 -26.223779 -14.329322
75.882919 -23.106573 -17.293473
76.809194 -32.068719 -20.963954
70.944139 -4.505118 -24.296519
77.075558 -22.491144 -26.340508
71.167623 -0.665086 -24.060235
79.004967 -26.828780 -24.752457
75.552867 -14.955397 -28.275274
78.140025 -29.131919 -28.174075
77.629404 -35.515758 -29.846785
77.032491 -38.160987 -30.061554
74.523176 -18.386731 -38.239156
75.576931 -22.529111 -38.072648
72.788933 1.060647 -33.765977
76.868204 -14.132733 -38.955657
78.907035 -16.835925 8.331947
78.006059 0.988362 7.654786
77.691193 1.444459 0.502285
78.019262 -24.580077 -4.736906
76.348329 1.630798 -10.552431
78.158135 -34.842303 -13.384575
77.734769 -37.386830 -13.898639
75.610494 -27.268940 -14.954612
74.299929 0.055157 -17.779165
71.970195 -0.326352 -20.141534
77.644177 -23.337196 -19.478423
72.206421 -5.410176 -20.452743
73.439546 -7.019631 -19.351887
77.007276 -27.351452 -19.130266
80.703593 -29.125625 -22.589457
78.055758 -31.607623 -24.211413
73.203406 2.010691 -25.308009
74.623285 0.646290 -27.737091
73.576291 -0.348510 -29.713394
77.150167 -11.620575 -30.494596
80.560836 -26.568309 -31.987625
79.201541 -6.702550 -33.728018
76.258335 -20.412119 -37.319711
80.217389 0.729045 7.711492
78.506523 1.560638 5.244207
78.065234 -25.917959 4.001380
78.826729 0.592205 -2.987990
76.797201 -1.242782 -3.802473
76.386458 -4.553546 -5.770090
80.201566 -12.914323 -4.303660
78.618152 -16.521636 -7.460410
77.539507 -28.710092 -7.804651
81.130805 -20.231072 -7.877910
79.147730 -24.422752 -6.948980
77.640522 -1.343393 -12.081673
77.294898 -4.837426 -12.277679
77.809390 -28.884184 -14.023298
78.944859 -29.874041 -11.877006
76.264701 -21.333387 -17.518970
72.990008 -3.805222 -18.206954
78.284816 -30.586157 -19.958413
74.281109 2.448222 -22.577400
79.538270 -24.727630 -28.051192
80.144762 -20.385666 -30.946412
78.914475 -16.737403 -29.878761
77.528430 -16.158927 -38.430046
78.994130 -10.271541 -32.727580
76.760895 -12.400948 -39.566630
76.609333 -8.287855 -42.427680
75.570661 1.131037 -44.455709
75.774102 -3.882509 -44.980603
80.507372 -0.659665 8.943966
80.773090 0.250745 5.759991
78.637565 -9.568960 7.024766
79.347183 -14.851780 3.667338
79.881020 -27.023258 1.482315
79.251172 -18.036895 1.933574
79.161131 -14.583873 -4.805673
77.560286 -2.499004 -6.106090
77.975114 0.787673 -6.812540
80.630955 -27.671387 -8.345691
81.723413 -15.778794 -6.972818
83.100814 -21.417092 -9.157043
76.723668 -2.954613 -15.258685
77.484439 -0.085317 -19.001578
75.191313 1.689641 -21.272724
77.707344 -19.598576 -26.816866
75.632162 1.848431 -25.871980
80.766255 -10.637050 -30.044454
81.349113 -22.461929 -31.155551
78.563571 -22.334977 -37.124374
73.846873 0.775341 -35.140110
80.489080 -23.823344 -34.933918
82.521137 -4.678108 8.330708
80.366798 -10.939485 7.213813
81.565607 0.420512 2.893611
81.336964 -24.390380 0.346099
82.263795 -21.343761 1.288823
80.716139 -23.328933 -4.170472
78.426577 -3.649228 -3.858862
81.474972 -18.315906 -5.624207
82.036337 -24.321444 -8.910633
78.695173 -25.583976 -17.415916
81.873526 -27.675194 -16.056792
79.989571 -21.245354 -18.685049
81.315145 -20.039035 -20.049866
81.787653 -3.890785 -20.925024
81.114992 -26.094883 -19.910737
81.345978 -20.081124 -27.381067
79.735466 -23.176545 -25.833858
81.772607 -25.679851 -24.598769
79.138237 -14.955609 -28.335445
78.950924 1.406111 -23.064229
78.685333 1.441885 -26.346254
77.300928 -0.165874 -28.025977
75.904232 1.672485 -30.955886
79.872282 -18.870481 -35.565021
78.717396 2.716437 -34.881533
81.163065 -9.154505 -34.600882
81.054329 -7.747899 -38.780493
80.690399 -10.952968 -38.407849
77.332191 2.426116 -39.561690
77.316532 -3.054708 -44.545043
77.855217 -0.369293 -44.050099
82.908653 -2.094679 4.376874
82.805172 -7.115246 8.248878
82.655793 -10.505040 6.922319
83.421694 -4.007166 5.365233
81.880161 -14.368998 5.076594
82.698318 -17.249376 1.493923
82.740620 -13.113756 -1.619774
82.132997 -15.290626 -3.771814
82.798501 -9.183874 -3.874303
80.125865 -4.033656 -12.635413
83.122970 -25.462347 -10.183185
81.845629 -28.914442 -11.588460
80.322301 -27.308864 -16.903634
80.179370 -23.588567 -18.115548
82.005186 -17.969654 -28.424815
81.126183 -15.908267 -32.282637
81.046973 -12.228611 -32.415541
80.134650 -15.578570 -36.844845
76.235331 1.559664 -36.042511
79.987101 2.111793 -38.921013
81.121006 -2.146517 -39.793783
78.229265 -4.448826 -43.248923
84.590662 -11.398047 4.093233
83.790542 -6.380456 6.289584
83.735649 -15.492059 0.004966
82.229907 0.484392 -1.073187
83.641555 0.039621 1.347697
83.084514 -21.317188 -2.632574
83.476119 -18.606987 -2.456576
82.756612 -20.739963 -4.583086
80.791163 1.832584 -8.562943
84.055689 -16.263095 -6.816216
84.051008 -17.023245 -10.079471
85.004193 -17.101715 -12.603662
83.285155 -13.219017 -12.637396
84.462159 -21.285534 -12.783394
83.941324 -23.826935 -12.563297
81.312088 -0.937743 -12.148299
80.094449 1.632147 -16.579605
83.812855 -21.477856 -20.940920
83.882862 -24.967900 -23.099129
82.016514 1.049945 -24.523723
81.544392 -14.964049 -29.307524
81.865617 -5.851126 -31.912744
81.695488 -13.196400 -35.549770
81.821031 -4.006537 -37.518746
79.362063 -6.844268 -41.134804
85.227306 -9.105863 3.742455
85.213872 -5.256051 3.514521
84.967241 -9.991711 0.836582
84.729108 -7.619187 -3.035758
82.661192 -11.935439 -5.423189
83.216096 -27.368519 -13.338059
84.352421 -24.514464 -15.064165
83.314376 -22.748320 -18.111181
83.520276 -18.401987 -19.541692
86.695016 -17.007514 -18.496744
86.847929 -13.495989 -23.000068
86.557331 -19.856223 -22.189717
85.202021 -6.516140 -23.938591
83.903488 -21.190804 -26.200777
84.268951 -17.008436 -28.529381
79.624056 1.097892 -28.739821
80.455759 2.847749 -32.345978
79.430454 2.374485 -30.275542
85.324883 -0.981235 1.348494
85.907790 -6.448081 0.663714
82.450289 1.485748 -4.645945
86.293515 -7.688183 -6.370035
85.278086 -11.156207 -5.824699
85.103935 -14.304986 -8.589483
84.122263 0.907951 -8.202040
82.789800 1.084362 -13.514029
86.914616 -7.775895 -14.986822
84.205249 1.751961 -17.069949
86.087361 -18.954239 -16.331933
86.731921 -14.817072 -13.975121
82.783865 -0.197125 -19.844031
86.238375 -16.591385 -25.715030
85.740054 -21.855925 -23.762095
82.251972 -0.845235 -22.166012
84.726970 -2.471438 -23.092645
85.036772 -11.712217 -29.568636
85.439368 -6.490939 -29.519799
82.750263 1.749746 -28.872490
82.999442 -3.080039 -34.455798
82.722270 0.533682 -35.689448
86.721345 -3.041303 0.287230
86.948582 -5.057892 -0.241436
86.364139 -5.047465 -3.304966
84.582693 0.688242 -4.635207
86.903797 -3.429775 -5.918496
86.209602 -10.090150 -6.941627
85.804818 -10.555480 -10.912459
87.879134 -12.615012 -16.074600
85.419477 -21.145698 -25.056253
84.580593 -1.567665 -32.948515
84.385466 1.073690 -32.119406
86.367644 -1.099152 -4.133513
86.409605 -0.044239 -10.684041
87.630870 -6.599200 -8.059420
87.458017 -5.230382 -11.124263
86.893137 0.134183 -14.819055
87.416137 -3.421542 -15.609502
88.312522 -7.735661 -19.379671
86.630379 -10.044328 -22.304187
85.183169 -0.098363 -29.021070
88.085083 -2.653314 -11.953509
86.665784 -0.589316 -18.563904
88.314886 -11.384299 -19.000780
87.340433 -5.316519 -20.833792
86.348991 -0.845705 -26.442933
86.357236 -4.771826 -29.498169
87.020985 -3.396522 -25.725075
-12.817588 -35.042647 -47.239892
-14.157560 -62.334680 -8.658286
-42.221832 -50.474870 16.245750
73.601295 2.195427 15.933450
-9.526581 -68.056148 3.886011
59.857570 -34.651952 -36.289815
50.020174 -25.787567 28.098245
80.710539 -4.530305 -40.859062
64.154127 -2.382777 -25.727641
21.231878 -24.330989 -64.895215
40.652868 -0.728714 -1.306819
-6.847306 -30.539560 -28.482713
8.689972 -42.687376 -9.845386
23.284133 -22.441597 -43.721509
15.377593 -61.355032 21.235684
67.488368 -31.968825 -1.566332
-29.095306 -65.832563 13.382967
-51.186251 -58.866334 -13.140225
31.206471 -62.505604 -9.470290
-49.585276 -33.333296 35.173241
22.503732 -24.203011 38.473150
-40.557526 -35.088891 32.554696
-51.065820 -6.606300 12.616559
26.198166 -54.601423 -53.046891
6.431937 -9.510657 26.220654
47.193077 -6.429756 13.722208
-36.490692 -63.188118 -28.251692
38.676646 -33.503736 -14.550309
8.329574 -27.518420 58.034609
-65.299378 -41.834411 17.204673
-53.398297 -50.153934 10.235489
-47.609968 -51.213942 -17.147121
50.415480 -1.600303 -21.487604
-29.864204 -70.773987 -24.888995
-6.707909 -68.689423 -36.286699
-0.884014 -38.995320 -15.447262
62.444323 -27.445234 -36.190212
-34.714564 -44.442727 32.681566
-7.503918 -40.776158 -36.133040
-55.064497 -20.495080 29.876975
16.248433 -59.773009 -49.830273
-1.668631 -66.667762 18.218762
-36.897810 -20.667798 57.555199
35.635382 -36.833203 -41.343245
1.206104 -1.439612 -32.725114
18.490560 -0.618442 -9.808263
1.438699 -45.697676 35.892045
29.122026 -2.687087 -34.397833
60.297970 1.249494 6.706823
48.477959 -45.030293 -39.012976
-57.818123 -31.039472 22.219780
-11.756540 -29.798447 -25.895438
40.935382 -50.475641 -22.324727
24.051053 -8.888210 23.034908
-19.158148 -4.058778 -1.593881
33.584026 -40.210203 10.696693
49.995455 0.233857 31.176368
-29.019691 -23.239630 56.126130
-4.286400 -5.706372 0.234884
-29.162986 -7.290056 -5.629582
-53.770455 -3.579486 -10.130209
58.931817 -13.018445 34.100436
23.490456 -0.436339 -10.337226
39.400484 -55.177766 18.237217
-31.029805 -5.726280 38.210487
-58.413661 -2.645744 -9.174326
-70.346967 -4.148201 20.546452
-38.840086 -39.639130 36.988782
36.629308 -27.695527 36.940106
-20.055277 -35.919840 -22.977200
4.946862 -24.537211 -28.706301
48.710879 -33.141830 -38.175531
18.726183 -62.397542 -40.296468
-40.801798 -30.831333 -31.743937
2.088286 -54.883716 -55.240891
-3.061772 -42.856353 39.347874
-42.362943 -57.060371 -38.257911
68.938363 0.814904 -1.617570
-11.186878 -50.274065 46.138388
33.494613 -44.019287 -26.985679
76.739915 -19.433076 4.220308
29.807708 -13.878680 -42.273943
-6.812990 -54.101202 36.435885
-13.772587 -15.069506 -25.532089
-32.175043 -25.753118 59.206039
-57.712268 -22.030402 -8.351222
37.555303 -40.854323 -38.245300
6.526717 -38.417068 47.796845
-87.215855 -10.066116 -6.217565
31.814050 -5.079177 -36.178570
46.060962 -2.696938 18.888022
8.730983 -30.705682 48.137425
-66.750069 -8.725639 -23.293895
35.656529 -43.372665 -36.056864
-67.566170 -4.065071 22.467717
54.349025 -9.525310 6.430240
16.958946 -58.920138 -29.235524
-32.488394 -65.410960 8.858006
-24.604720 -8.381807 60.370840
53.353574 -41.880204 3.616757
-49.316565 -60.348154 -12.662856
-43.217248 -16.063427 39.923917
-45.838716 -10.542395 7.273363
31.548170 -59.825460 -9.210722
-65.547186 -1.326729 -0.543980
-18.690515 -14.610845 -18.887017
11.665762 -66.208268 4.774485
38.594915 -47.742231 -36.854419
-25.309460 -61.769943 -8.613747
67.225225 -22.170053 -37.380155
4.226598 -57.793602 -9.164811
11.986873 -36.997767 47.121809
-56.039834 -16.654359 20.885401
46.735449 -6.047322 -43.369466
41.804091 -0.514332 0.512385
20.906713 -19.265344 -35.540508
34.420599 -32.479206 -31.194910
-14.276029 -62.034882 28.143052
24.159873 -29.739488 41.404346
51.860814 -51.282134 2.077353
-40.166512 -11.048493 24.406749
28.637280 -48.123298 18.057843
-8.029839 -67.728854 -37.312966
42.938359 -34.728505 -47.455496
-26.114737 -8.232600 54.332556
11.257289 -63.497460 -24.193826
62.542671 -50.145676 -11.533653
36.113949 -49.414277 -32.335176
7.671273 -48.879344 -17.763751
55.496857 -46.611403 -33.740125
-3.604969 -55.533179 -20.101102
29.540678 -41.876102 12.762428
48.168817 -43.871637 3.264021
43.255660 -32.235850 -18.821210
43.140149 -34.232945 -21.565276
40.921393 -1.308589 7.412560
-1.402439 -51.297049 -24.092148
-46.976403 -48.463995 32.690057
-3.317917 -52.496171 -51.408679
71.153628 -29.154911 -10.122122
-52.042676 -48.951630 1.403372
42.288062 -50.512895 -32.334747
-60.948197 -38.479228 1.685018
-17.784150 -37.283412 33.450409
37.080533 -38.342869 -60.119391
-30.269711 -51.893018 -45.313538
-63.263045 -49.279579 -17.483894
-50.867038 -24.881913 -27.022535
-4.999486 -13.992246 27.143869
-75.110114 -31.785134 -33.422711
33.061995 -42.013032 -20.313077
23.707557 -63.359537 8.526307
-46.570603 -61.811257 -16.843514
-42.376443 -19.570930 -25.615391
85.960037 -5.731840 -5.020475
-48.853141 -17.090756 14.803157
22.769425 -40.869820 -30.868007
49.827536 -36.836921 -38.002160
51.582277 -29.210479 11.879861
-41.192669 -55.174365 -37.637276
57.643324 -38.906724 19.555670
-17.367323 -19.196135 -19.768786
2.797474 -60.226695 19.573532
44.515687 0.176937 -8.932661
37.130360 -0.051766 -35.895615
-15.293765 -64.542753 -39.058776
-21.343721 -61.943694 5.837636
2.199581 -55.669138 -7.935505
64.535001 -3.585260 -32.820594
24.130782 -17.237402 -59.867749
27.586945 -45.039144 34.361995
-62.673121 -4.127012 9.355710
-19.981966 -36.093459 45.665761
-50.501018 -30.006103 36.759902
-41.697778 -21.445449 40.857464
31.433153 -40.211499 -37.818710
59.869878 -7.524888 34.877858
0.495136 -50.342403 15.714279
1.755587 -17.606088 -41.202832
-9.265347 -24.899740 50.766041
-15.924033 -51.053047 -11.994963
25.216647 -44.258482 7.702894
-10.895911 -41.001749 48.130515
67.767140 -15.530214 17.058263
43.868920 1.209018 -41.717470
-6.238901 -54.114471 40.993141
-53.330924 -6.236672 18.337501
48.534325 -41.094259 -36.996976
-51.924319 -45.711543 31.098800
-15.687868 -41.070506 31.172938
-5.145571 -4.615803 -27.875202
37.303177 -0.247826 -30.904660
-34.623565 -60.848239 -28.073786
-5.259839 -6.126697 -28.732447
-5.405302 -38.440523 -46.056046
40.390709 -0.242209 -36.203704
-0.437184 -17.712719 -42.463368
-37.370775 -8.439805 23.250369
-43.868157 -9.963162 4.781715
-32.694116 -8.278849 40.822036
-74.803932 -42.099730 -8.485258
-13.871714 -5.789168 16.372293
-40.168771 -48.661010 16.302619
78.636719 -24.696896 -36.811410
-19.831553 -25.896480 -28.499849
-2.996782 -60.302830 -20.553309
51.462695 -52.530088 -4.533401
21.866144 -21.311908 -42.412909
31.183678 -33.012314 -43.086361
42.119437 -45.478082 6.230287
-23.496536 -43.023945 33.334606
15.975535 -35.984379 -61.313263
4.134176 -0.914583 -23.958668
-32.575971 -26.189165 46.187977
-15.688674 -66.328825 15.215951
44.963248 -57.632076 -11.861858
63.466513 -28.916348 -38.473049
4.517528 -26.335464 -52.237081
-37.582862 -48.834470 3.813292
35.973435 -31.511630 -34.906468
-35.363620 -12.267731 43.545802
13.859470 -56.593108 6.991350
-0.472604 -33.425777 -55.158469
-43.773323 -34.041783 -32.273440
45.969918 -5.039069 14.344456
-68.896741 -4.342511 21.105698
68.625757 -19.217724 17.367107
17.462574 -57.109946 -1.091718
74.515945 -25.511372 -19.562434
18.107224 -18.592300 -59.775940
38.428784 0.259596 -14.266072
9.964054 -17.309820 -31.279377
-40.439740 -52.831140 -36.164912
8.294005 -64.382509 -15.162117
85.119400 -9.114178 -26.753613
-4.552320 -62.162728 -35.064434
-66.819069 -44.103362 9.128635
-7.811580 -33.791162 -48.114120
37.174326 -52.787292 -20.507393
35.760164 -30.734563 43.206305
-26.421995 -27.693321 44.794925
-67.573495 -36.111619 19.602654
77.240876 -4.155734 16.502645
-12.871989 -61.986360 -8.260492
34.357083 -1.097774 8.725286
23.115125 -53.024917 -55.182363
-30.155177 -7.213028 38.109102
42.871381 -26.133434 35.363877
-10.164788 -66.223959 18.134432
-87.962306 -12.465496 -8.305864
-47.867602 -36.400392 34.258724
-19.415089 -34.562220 34.181905
-53.299197 -39.747324 32.738479
20.520126 -47.356449 -56.226974
6.903606 -57.594702 -25.346615
-62.062741 -52.898842 -7.161075
76.487383 -15.257377 -29.232944
54.727388 -38.129047 -7.399182
-58.047308 -10.848822 -5.442014
-48.652017 -58.563129 1.674805
-76.189464 -18.280152 16.209708
-46.156837 -47.929581 -29.663444
26.011539 -0.869942 -0.437340
-54.390314 -44.218643 -31.334809
79.398267 -0.511530 -15.574940
-79.994909 -9.173576 -17.127017
-30.237078 -53.392048 15.961784
-61.548736 -30.698120 19.085420
-12.210107 -4.655432 44.795718
-63.816547 -16.240110 32.276071
-77.402694 -23.208766 2.474714
33.986517 -55.858516 9.803129
2.228002 -24.920973 -48.693280
68.980395 -1.423223 -43.756443
-12.672693 -12.066298 -19.795937
67.009974 -30.341403 0.047637
-1.116479 -55.741875 38.066533
-65.755965 -26.078940 25.432572
24.104044 -53.853148 7.164764
-21.308320 -56.768057 23.385727
25.682805 -39.415786 -16.584579
-82.322257 -17.557769 6.247761
-5.734481 -5.331251 0.916635
-62.273265 -23.822875 29.967996
-55.816136 -8.009990 41.063406
-72.091777 -12.040754 -27.451133
-18.561796 -60.389971 -9.535935
15.374107 -48.537695 17.847301
-1.023305 -5.778564 57.505529
21.909075 -53.687248 2.304374
-43.588752 -2.898302 8.034120
-6.832516 -63.291488 24.698493
-39.812082 -59.255117 0.409112
42.456167 -43.031918 28.100206
-1.103848 -49.026639 -8.660814
44.158976 -38.973954 -34.865635
-60.980127 -50.971925 -26.238169
8.188905 -49.521199 -19.162599
-40.506029 -28.579528 54.584658
-29.713644 -4.621070 50.114892
55.680855 -29.520990 14.316817
-28.826536 -4.498891 48.334873
-49.974909 -57.064610 0.062256
68.039991 -3.365629 -44.123786
-42.552276 -2.934692 7.503176
34.824480 -1.864318 7.363301
-61.391414 -49.407616 -26.756475
-76.717616 -21.967852 0.597999
-88.707117 14.797918 -10.852268
-88.697610 11.239818 -10.565077
-87.996309 10.425434 -6.851158
-86.622863 8.265669 -9.735790
-87.847236 15.521951 -7.121918
-88.402018 17.687935 -11.754150
-88.044460 11.664912 -13.968911
-88.241787 17.234677 -17.218377
-88.457353 13.677611 -16.419135
-86.308164 7.766728 -5.308153
-86.837318 13.323093 -4.784335
-86.205461 21.056930 -9.714886
-86.260177 7.273113 -8.144025
-87.993671 19.025558 -10.169855
-86.118642 9.373303 -12.763832
-87.162315 21.043380 -15.073513
-86.723097 11.052175 -17.736205
-87.066058 19.805436 -20.556222
-88.140787 13.428010 -19.417445
-85.360715 9.778694 -20.671347
-87.705680 15.093964 -22.605739
-85.342832 11.867016 0.987971
-82.641393 9.272940 0.068882
-85.707571 12.753679 -1.296107
-86.267822 16.891927 -4.252213
-84.298200 17.965431 -3.069374
-83.861390 10.229726 -2.577837
-83.346573 22.450323 -15.312317
-83.501689 10.791027 -13.903856
-84.588019 9.693306 -23.172801
-84.690420 11.440563 3.032322
-82.257565 9.385912 5.607753
-84.182914 9.032063 2.584163
-84.490418 16.774182 2.672125
-84.449631 16.174297 0.072931
-85.169006 21.057720 -1.746845
-84.908103 7.755541 -2.421477
-83.801423 6.245239 -8.565825
-84.290920 22.089387 -10.692409
-83.433436 12.464166 -27.096163
-83.718157 14.034520 5.222991
-83.646477 17.032175 4.667145
-81.790856 7.881139 3.175702
-84.300310 14.483962 2.482348
-83.492136 20.230746 2.989861
-82.747802 22.789862 1.128842
-84.055098 6.069701 -1.762395
-84.288301 24.599260 -3.949998
-84.619771 20.291904 -4.766048
-84.113174 5.053518 -4.688091
-83.398124 21.195069 -6.518074
-82.819135 19.003277 -5.468128
-82.534670 7.284630 -12.547343
-82.804144 8.835402 -17.134444
-86.477787 19.138120 -25.029458
-83.419947 10.289814 -25.115380
-84.321749 24.061195 -25.686248
-85.918940 16.771580 -26.794499
-84.199033 19.531173 -28.718803
-82.004765 18.903375 5.926027
-81.598299 7.006566 0.473422
-82.302638 27.490001 -3.481319
-82.959205 24.984970 -7.051725
-79.396881 7.363819 -16.016801
-84.069721 26.466881 -10.973483
-81.713060 23.754080 -12.669809
-83.754953 29.137084 -15.701832
-84.850803 24.036634 -15.499005
-84.928767 26.617570 -17.522159
-81.270920 23.485509 -28.937236
-83.803234 16.384584 -28.562165
-80.714779 9.689315 8.574840
-81.015690 15.216343 8.433253
-79.942631 23.436284 4.381999
-81.046936 24.962150 0.906043
-81.236377 18.907787 -5.463521
-82.548915 5.269081 -4.674742
-80.552459 5.229346 -7.054572
-82.142009 20.668829 -8.725053
-83.262865 29.904904 -10.353886
-83.481002 27.736354 -8.837438
-79.546431 5.579737 -11.729827
-80.147424 22.186314 6.349807
-76.787389 8.069217 4.370808
-80.706451 27.586966 0.459467
-80.322046 5.067223 -3.463270
-78.751732 26.227036 -7.629999
-81.956313 30.669851 -7.965447
-80.583279 21.984239 -11.814378
-83.286185 27.471846 -22.914415
-80.700499 8.105323 -21.046618
-84.474466 25.120155 -22.386444
-82.649129 21.394322 -29.912223
-81.096188 16.882845 -29.200359
-79.549851 20.100915 -30.109361
-78.824872 12.263629 13.940066
-79.686054 14.583723 11.261902
-78.474695 9.211269 12.410499
-77.399873 7.265670 10.012150
-80.141808 19.758810 7.772026
-79.886438 25.887221 2.659486
-79.344838 9.804218 0.595322
-76.469037 2.935612 -0.206738
-80.117557 21.445306 -8.317855
-77.953454 3.593379 -6.679506
-78.290012 19.457651 -7.920873
-80.689487 31.395228 -6.095798
-80.485117 26.075333 -8.476488
-81.700240 32.410578 -14.517168
-77.408903 12.883690 -21.840305
-82.188967 30.271470 -22.078190
-77.523456 14.852856 -25.508934
-80.928125 29.288374 -25.622294
-79.585653 9.513690 -23.449342
-79.782298 11.866573 -26.201164
-82.152361 27.838205 -26.199396
-80.781333 28.216420 -27.453264
-79.993892 13.205721 -27.723340
-77.828943 16.030565 14.856030
-74.774799 11.880709 15.310590
-77.419347 24.030584 7.077948
-79.215065 18.821848 9.257364
-77.128010 23.893736 3.722485
-78.630188 28.493591 2.436876
-79.479389 30.671959 -3.283800
-77.578064 3.488169 -4.070530
-78.058688 28.768172 -5.306440
-73.816018 3.275817 -9.091522
-80.291823 33.791970 -8.438383
-79.142550 23.210350 -11.313845
-80.398204 34.681529 -15.819313
-78.933775 37.108713 -18.789300
-81.830715 32.086265 -19.147875
-77.487943 13.210911 -19.551608
-80.649877 34.317010 -20.287334
-75.165737 10.503452 -22.897039
-80.663338 32.269312 -23.520274
-78.367768 32.776788 -24.159724
-78.656933 30.244509 -25.130911
-78.289179 26.900960 -28.265511
-78.831975 14.688608 -28.057010
-77.459737 17.941327 -28.619587
-76.783218 23.500768 -29.253200
-76.997643 19.828576 15.894477
-77.482678 20.662715 13.305876
-78.441172 19.425412 11.251677
-77.418381 27.903913 4.403071
-75.998934 3.483603 3.422437
-74.178037 22.268496 4.290498
-78.824311 29.898084 0.686824
-75.072618 6.622764 -8.493372
-78.396121 33.973149 -5.516214
-79.644809 29.123438 -5.695970
-76.455804 23.036159 -10.129907
-77.797336 26.792414 -8.885392
-76.630718 20.779982 -10.190453
-79.947864 35.061267 -11.667439
-78.122652 36.899774 -12.750051
-78.339895 36.131063 -21.671767
-74.689442 16.948905 -25.937653
-74.609092 16.432923 23.054456
-75.526052 11.898707 21.159972
-73.724738 9.309206 21.944648
-76.178357 14.549941 19.419142
-75.848905 10.377847 17.839909
-73.823502 7.155749 16.118879
-72.015425 9.266869 13.328088
-74.693541 5.449297 12.485904
-75.590553 24.240024 10.592486
-75.123597 3.695680 8.655381
-76.263366 5.536614 6.076949
-78.015731 31.800839 -2.558730
-73.210568 6.786105 -5.310587
-74.954019 1.636645 -7.007423
-76.773296 30.903887 -4.450773
-78.002877 35.742598 -9.244106
-74.229295 36.712053 -10.415892
-76.709543 5.675956 -12.958839
-76.993620 5.888033 -19.325039
-76.972574 32.059114 -24.230596
-75.867273 30.170133 -21.062974
-75.902039 28.248254 -21.416772
-76.485955 6.957951 -23.228061
-75.540145 24.866576 -21.988281
-76.466876 26.283257 -24.419623
-73.129704 13.344968 23.136626
-74.815177 20.228122 21.138925
-76.092041 18.404039 19.352460
-74.002599 24.525400 14.815387
-76.331585 22.496024 14.663223
-74.015950 1.604168 1.668073
-77.032497 31.616825 1.166905
-76.595126 30.797109 -4.247439
-71.880021 1.072996 -1.590770
-74.633054 27.680104 -4.908735
-76.101408 4.478607 -11.349289
-75.270907 3.498087 -14.278802
-77.560861 38.652947 -16.256836
-74.682956 4.078186 -17.449219
-75.652842 40.326048 -18.257772
-74.367383 25.187616 -20.136392
-74.062195 12.328462 -19.521160
-75.503731 12.840743 -20.910677
-75.628426 25.038259 -27.493043
-74.083688 22.091265 -27.248229
-71.654495 18.739495 24.429731
-71.010582 14.680987 24.659839
-73.682767 19.486197 23.726645
-72.524561 6.100657 21.398934
-74.123577 24.531993 17.807525
-73.342601 22.370542 22.299696
-72.640327 5.226381 18.724643
-72.541995 25.306776 17.160190
-70.375533 3.838373 12.729376
-73.447799 22.762311 5.957451
-72.637159 1.629014 7.953834
-70.225075 0.928722 4.960126
-76.240383 26.703759 6.017805
-75.119437 32.995070 2.009996
-74.188012 33.735454 -1.834183
-69.801685 7.321889 -5.032112
-72.515929 1.028738 -4.966087
-68.926646 4.050576 -8.211578
-71.514552 1.369799 -8.047868
-71.058783 7.599823 -7.593624
-74.444548 38.524085 -13.076594
-75.778071 39.231777 -21.323512
-73.532718 6.175016 -24.914628
-72.799089 20.663302 -23.962376
-74.526515 14.015983 -24.410958
-70.527599 5.215819 23.129399
-71.145381 24.767747 20.276152
-71.593427 1.581846 11.171418
-70.945071 22.332465 8.428944
-70.240064 20.323330 6.453393
-70.399019 0.648952 2.662347
-73.906073 25.284081 6.835304
-69.665093 20.444183 4.125974
-75.532229 30.554643 4.354379
-74.083125 31.681123 -4.142253
-71.866691 37.334498 -5.818324
-74.385669 37.338150 -7.085924
-74.791988 33.666354 -4.522804
-73.019230 1.913075 -12.097517
-73.069002 1.398083 -13.976184
-71.764159 23.704748 -19.166283
-75.314081 4.799576 -20.548666
-73.057257 2.679634 -20.744510
-76.488131 28.719064 -27.040513
-70.777529 8.488057 26.247385
-68.880980 19.973274 22.961873
-70.469213 3.693598 19.722133
-71.725983 4.431465 16.238112
-70.105615 2.892351 16.849523
-68.865943 25.370717 15.221091
-68.371290 25.103155 9.282576
-67.555890 1.428800 11.480896
-72.341661 28.371614 11.974852
-69.601718 8.291764 10.579640
-67.983032 6.889718 11.714283
-69.555649 0.873675 8.779525
-74.810770 29.174828 7.133267
-74.336534 32.990480 4.457587
-73.633155 33.124818 6.586370
-70.479590 22.977592 6.914960
-69.366864 10.411286 -3.567659
-70.650226 32.028628 -3.468103
-69.694138 5.266781 -9.889890
-72.483640 3.452327 -10.519324
-71.267987 38.477183 -14.877350
-70.529876 0.704487 -17.316562
-71.713265 21.336342 -20.888694
-73.940000 40.983479 -20.818728
-75.644770 37.350659 -23.929970
-75.230832 26.124628 -22.568590
-72.710275 10.989705 -23.932165
-73.373473 3.347859 -23.610597
-76.112938 27.445328 -24.148967
-71.664446 9.695386 -23.380071
-76.383287 31.642993 -27.451296
-75.314400 26.731009 -28.067700
-70.818712 12.528639 27.109705
-69.853385 11.486660 29.914913
-70.878623 10.958963 27.814550
-68.261270 6.821239 28.332342
-67.975654 4.624044 25.589278
-68.825527 3.125354 21.628820
-70.247144 23.605438 21.858358
-66.593029 1.610765 18.460458
-70.546819 6.022651 13.956437
-68.710759 2.541135 15.795605
-69.780164 29.813091 16.049880
-72.146278 26.255080 10.047720
-72.004064 34.435375 1.876854
-70.582150 9.124480 -5.645256
-72.654748 38.059849 -8.598410
-73.300245 23.849426 -23.990880
-70.945272 3.851289 -26.244255
-71.827443 37.729624 -24.983133
-74.934893 34.498665 -26.573067
-74.209278 24.859401 -26.597911
-72.295065 14.454118 -27.007779
-71.931570 11.905736 -26.819389
-74.913587 30.203095 -29.723938
-73.023668 27.481887 -29.681359
-68.194871 15.710427 29.638640
-66.482013 2.678690 21.718629
-70.219981 35.071315 14.765287
-72.364705 30.942629 14.177326
-72.052872 33.110147 11.581244
-68.712839 25.345045 8.236914
-68.527511 22.692726 4.849150
-66.687436 0.774958 1.135908
-67.470507 0.832700 -2.566374
-68.804447 0.682920 -6.979096
-69.748969 35.223489 -5.109286
-70.112056 39.226161 -9.853569
-70.093178 1.382691 -10.536893
-70.200594 0.463367 -13.646037
-70.028298 9.567679 -20.172111
-70.351430 7.895138 -23.834452
-70.215588 2.028991 -24.606100
-71.860382 10.912650 -22.083999
-72.288293 22.265592 -25.678278
-70.551243 18.696419 -25.668304
-70.453097 16.835051 -27.702648
-66.796306 14.586281 32.741266
-67.641878 9.685091 32.365689
-68.758896 23.839148 29.032200
-66.116918 22.103418 30.809628
-67.445703 7.394634 30.549725
-69.319413 20.251154 27.100486
-65.958348 4.594999 28.563389
-69.319727 24.333709 26.898970
-64.505081 4.045055 25.198328
-67.380811 19.247498 23.909135
-67.834316 23.962273 20.230260
-66.266179 20.611700 20.922716
-68.599107 4.006029 13.435496
-64.526842 1.138580 15.567486
-65.498800 26.062586 10.672212
-70.567965 36.070561 11.981323
-65.646659 3.175621 11.567877
-67.201077 0.304576 7.801309
-71.004967 36.080953 8.334477
-68.182583 32.713661 -2.480633
-67.158520 10.307624 -1.114184
-68.463905 31.276837 -5.454593
-67.822052 0.424563 -10.354354
-70.543013 36.843418 -13.065377
-69.161138 35.343845 -14.008975
-68.136736 -0.207448 -14.930636
-69.565610 37.624655 -16.935570
-71.485303 40.349471 -19.467147
-70.573722 39.220543 -22.019053
-66.680706 6.405433 -20.621353
-68.873696 0.662092 -22.271285
-69.211652 21.441072 -22.168370
-68.406755 6.113196 -24.515561
-70.317977 23.671630 -21.256422
-70.214146 8.554565 -23.857999
-66.693192 2.838688 -25.215799
-69.875198 19.951033 -26.003135
-69.376722 9.619746 -27.026995
-70.207383 21.080187 -27.892829
-73.455756 30.722029 -30.344879
-66.507523 18.686831 32.661542
-64.666208 9.305051 32.817196
-64.986176 6.553587 31.564628
-67.270972 26.973674 28.512252
-66.462034 28.250481 25.758840
-68.894454 25.574621 24.282760
-63.877731 5.926911 21.932620
-66.315423 23.598230 17.638310
-68.996871 35.290856 17.181896
-64.957977 0.505506 8.833761
-68.082530 23.679141 6.527195
-67.522674 25.544996 6.803407
-65.512268 0.140207 5.188722
-71.410321 35.533998 5.647979
-70.112539 39.521398 5.485691
-71.214172 37.295596 2.527248
-69.181060 40.735218 2.402431
-66.049868 24.057730 4.470476
-70.986153 36.130375 -2.828244
-69.899780 40.072030 -2.129458
-66.275191 7.976737 -3.757765
-67.048759 11.174605 -4.881611
-66.917084 0.642509 -5.547908
-66.165951 9.197317 -7.454420
-66.542232 -1.027643 -17.928118
-69.269971 38.009854 -20.145155
-67.569342 6.577443 -23.579592
-72.432203 36.733071 -28.111365
-70.767088 37.246407 -29.779547
-64.547292 13.585903 34.051975
-65.237196 25.001947 31.595516
-66.360507 24.590107 20.789555
-64.132751 8.415685 19.736293
-64.971672 20.786545 17.571360
-66.108590 35.965720 18.636614
-66.251554 31.456269 15.199882
-68.887017 37.158409 15.086700
-66.641075 29.176354 12.936948
-67.954935 27.541519 11.418238
-68.908599 38.980089 10.729238
-65.874256 27.455968 8.991177
-64.530811 0.560901 2.549359
-64.481852 10.638574 -1.621104
-65.194283 -0.048918 -0.816319
-62.958802 -0.203115 -3.675062
-64.849229 2.643507 -7.028894
-67.946284 35.484321 -5.919546
-66.400385 7.798460 -9.402146
-63.757869 3.957685 -20.323916
-67.902154 37.304466 -16.020652
-64.765393 0.523179 -22.552712
-65.578529 15.997677 -25.722883
-68.570977 20.608297 -24.087531
-69.010660 13.384448 -28.380389
-68.435850 39.148965 -29.593960
-69.917129 26.075505 -28.675423
-70.348873 30.455770 -29.895931
-67.150389 19.460204 -27.817468
-71.076991 33.341326 -30.373738
-63.657419 19.123615 32.720519
-63.183622 7.631933 31.324030
-63.297027 3.799121 28.916990
-62.456041 9.384938 18.030464
-61.137509 1.472153 20.979581
-67.357185 37.353009 17.797763
-66.177140 33.893973 18.040308
-66.857888 40.012504 13.656545
-64.038771 33.972599 15.544757
-64.214204 25.327965 12.219179
-64.759708 32.328671 12.141419
-63.736958 30.362710 9.300305
-67.507705 41.162788 8.549752
-66.949191 42.107049 6.372300
-63.484401 27.023437 6.320232
-63.058220 11.477303 1.255270
-65.692676 5.953863 -6.463008
-65.520472 2.390216 -7.852525
-66.035493 0.031740 -8.775797
-64.667859 -0.612580 -11.222076
-67.763228 42.108274 -13.781077
-70.862801 42.737780 -24.638025
-66.304175 13.100064 -26.270542
-66.095418 6.698835 -25.985337
-69.260560 44.078622 -26.069735
-66.322761 28.354796 -28.511076
-67.447115 24.687183 -28.884517
-69.346567 42.250022 -28.372725
-66.000265 22.108805 -29.539690
-65.012470 29.316682 30.320041
-62.620132 16.408157 33.018746
-62.608283 12.087147 31.829896
-62.423781 9.803794 30.638783
-61.591528 21.306886 30.215311
-60.992494 4.255392 25.506085
-60.781084 19.052201 28.045740
-62.421514 27.164835 23.930112
-66.469558 33.459276 24.336620
-65.654999 29.880554 23.433842
-67.659056 30.239617 19.983011
-61.653839 7.674349 19.825733
-66.946853 28.047760 19.311074
-62.678541 7.200844 19.128313
-64.037736 26.743856 15.986966
-63.656812 40.878165 17.386279
-65.159916 41.437247 13.951600
-62.944073 32.983717 9.940390
-66.683404 43.048755 3.326649
-62.082405 6.683936 -2.757977
-61.971819 7.777347 -3.954745
-62.964063 4.295948 -5.769202
-68.703392 41.326651 -9.587345
-65.203425 -1.060466 -13.593193
-69.980938 41.500172 -18.349381
-65.090276 -0.700211 -20.727584
-69.489772 43.996911 -20.193740
-64.224852 2.703406 -23.495274
-69.419229 44.587261 -23.086725
-71.199926 41.783362 -22.298419
-67.750500 34.423995 -30.102315
-63.738466 7.371012 34.196390
-63.033950 3.657304 34.676479
-62.972010 5.489811 31.194096
-63.348340 3.735512 32.243282
-62.869547 28.740083 34.520628
-63.548031 26.548558 34.649608
-65.016100 27.099405 32.715815
-62.851191 29.957092 29.780727
-61.267959 18.388977 30.995244
-64.364295 30.982210 25.714152
-61.266734 5.708629 21.647421
-64.764950 32.898539 17.092138
-60.640806 25.352323 20.021980
-60.497519 7.045433 17.459408
-66.629560 31.036214 16.185100
-65.416462 26.692696 14.270547
-66.447839 29.114812 14.503903
-58.183916 9.480593 14.940852
-61.548056 34.981058 16.265936
-62.876993 0.568354 11.825452
-61.155563 35.353309 13.806035
-64.656302 42.476475 10.406660
-62.264697 29.129348 8.439367
-65.636047 43.247876 5.679539
-60.625870 -0.155151 2.803180
-62.779078 -0.099336 -0.038533
-66.753176 41.640164 -0.518938
-61.369504 14.437055 -1.794298
-61.882974 14.052995 -3.916366
-66.416967 43.221951 -2.840029
-62.131762 5.311006 -4.365161
-68.509095 40.297809 -6.867572
-64.313065 5.030650 -8.166797
-61.415772 -0.985780 -13.248924
-67.629896 43.945071 -16.029733
-68.845564 40.249520 -16.599971
-62.091825 2.187268 -21.995760
-67.342140 46.062576 -21.784570
-63.718427 6.110293 -25.025344
-65.779233 32.314618 -29.138684
-63.945392 29.484168 -29.544728
-66.338622 19.232566 -25.586757
-66.352422 44.295823 -29.139627
-62.965542 10.848017 35.760436
-63.035831 13.948357 37.663558
-63.385993 7.826692 38.368914
-63.020052 4.913762 36.845818
-61.290179 1.657526 31.497775
-60.723417 13.614474 29.342562
-59.907438 16.455875 29.239912
-60.797613 8.005941 27.996577
-58.853022 17.075412 26.291095
-58.309489 10.718957 26.545705
-60.960811 27.963248 26.532328
-64.650863 34.344051 26.560138
-59.867956 20.631416 27.460127
-63.330271 37.422828 25.218877
-65.074832 36.283112 22.957420
-64.203588 34.774263 20.475086
-62.990729 27.334620 20.388716
-58.279987 0.553925 19.362948
-62.188715 24.775376 15.718779
-65.067663 31.864955 13.369153
-64.161917 31.230518 11.146527
-62.772449 26.310023 11.341123
-58.571172 11.057574 13.025674
-60.342654 25.446160 8.924989
-60.851129 0.087385 7.087027
-60.813373 35.401454 10.882420
-64.423773 44.361662 2.843905
-64.404251 42.251516 -1.018508
-60.033545 1.707880 -4.994536
-61.302030 17.079550 -6.438242
-66.478389 44.182379 -6.364921
-62.883479 16.704032 -5.700938
-62.934689 4.358004 -6.721204
-60.379941 1.278269 -5.955517
-61.669166 -0.506169 -8.211859
-66.572939 44.742313 -10.515515
-61.565189 -1.494436 -16.465055
-62.294139 -0.652217 -19.945095
-64.081545 48.256575 -17.038679
-63.407518 21.061898 -22.471452
-62.371467 4.777326 -23.580091
-64.956641 19.940355 -24.613800
-63.820381 8.933986 -25.942656
-66.814404 45.987616 -25.260824
-62.753043 19.723241 -26.854679
-66.076030 41.650886 -29.910272
-60.277584 23.532201 -30.401476
-64.795631 20.587582 -29.964216
-61.516872 8.181889 41.870986
-59.537598 14.620894 41.410947
-61.337026 11.404803 40.899980
-61.495872 5.823645 40.789172
-58.370367 16.833076 38.303326
-61.601481 4.027540 38.226395
-61.374236 15.768723 36.268720
-61.759300 26.399514 36.466164
-61.303522 13.638446 34.273391
-60.012616 2.177412 35.709195
-61.908506 23.208950 35.212416
-60.940231 30.787167 34.281553
-60.966042 30.947285 31.401763
-60.807004 6.595074 29.090498
-59.943814 3.357370 26.961135
-58.766324 7.753954 26.024477
-62.975160 36.059377 27.640555
-58.457215 26.365157 24.398993
-62.415611 30.309461 25.644734
-60.228664 28.808413 23.830168
-57.696916 6.643878 20.535300
-56.451652 8.625138 17.738002
-57.566990 7.527456 15.784287
-58.887809 37.559077 17.917735
-60.964532 36.343433 18.531971
-57.889180 -0.540243 14.945086
-59.534121 42.455745 17.020953
-57.961333 -0.710813 10.190624
-59.603253 24.250355 12.385964
-59.703172 27.956232 5.672623
-61.607263 38.583365 0.073539
-60.743866 10.057570 -0.799888
-60.065755 -0.820764 -1.810192
-60.842536 10.376071 -3.861647
-61.918910 45.430990 -3.134854
-64.559047 46.204690 -5.871985
-64.854626 47.298431 -14.757914
-63.063455 47.709413 -21.479925
-62.323693 21.064928 -20.104557
-64.899688 46.997946 -23.547532
-59.142262 36.057487 -26.316976
-63.478849 11.699702 -27.765661
-62.016467 20.594509 -25.031102
-62.627968 16.165923 -28.207247
-63.187944 27.218888 -30.038046
-59.243644 25.109519 39.814971
-58.601334 2.811815 40.789028
-59.508763 28.060282 37.663749
-60.880403 23.018895 36.892362
-56.888104 2.370071 35.371258
-60.683328 15.529887 34.470241
-59.669498 20.152900 33.177566
-59.921560 12.349701 32.040503
-61.200307 8.890521 31.796538
-57.038841 0.247823 31.101753
-60.203174 34.312971 30.235136
-62.211838 31.946266 28.403265
-56.841782 15.322137 23.793318
-56.214675 7.171198 23.487013
-63.365753 38.482743 21.650675
-59.232002 25.629542 17.698692
-58.302766 3.739524 19.415525
-62.517994 33.570928 15.989228
-62.310248 34.274308 12.174772
-62.598650 43.311316 10.867565
-61.694600 46.042309 6.622365
-59.343418 4.617517 -2.994580
-62.449394 42.579432 -1.177555
-59.408096 16.724208 -3.843368
-59.029908 5.792300 -4.384891
-62.233424 47.545008 -5.761128
-62.443787 49.015577 -10.929070
-63.965761 47.868506 -10.771363
-56.368406 6.337830 -17.565564
-59.839478 21.956587 -18.686318
-60.854972 24.139049 -19.185879
-58.093890 3.778916 -19.869783
-62.405904 46.912284 -23.671227
-61.593744 19.012211 -23.571908
-60.013624 8.788492 -24.178141
-62.552531 46.494511 -27.228992
-61.523335 10.692457 -26.871037
-60.185344 20.742113 -28.542048
-63.643036 19.640273 -29.190203
-55.290634 24.488980 41.326453
-56.563824 10.665453 41.193967
-57.693850 21.683419 42.426184
-57.360674 17.925947 41.704312
-58.762909 20.345789 38.527984
-58.108936 19.310632 36.625688
-56.323386 28.052119 38.059900
-55.713478 15.499876 32.674678
-58.222866 30.928619 33.769651
-57.334030 30.289808 31.078230
-59.560073 8.376662 29.322821
-55.953231 28.971268 28.032554
-57.501711 6.413851 27.180663
-58.158499 0.448781 28.605128
-60.871994 37.673444 28.574965
-60.920023 39.110575 26.499742
-60.000401 42.170669 22.592850
-59.661054 33.369975 15.447649
-56.005249 6.086462 16.549896
-58.815530 34.855938 14.805259
-60.035923 25.418009 13.765417
-59.798284 25.883055 8.411627
-57.372508 -0.898951 4.833434
-59.984063 45.870077 3.092731
-61.543116 42.924321 0.639210
-59.114887 41.764577 0.884783
-59.593129 9.742149 -4.074819
-57.111456 -1.234656 -0.283174
-60.135548 12.178521 -4.894616
-59.199716 42.162699 -2.404426
-58.235327 20.031573 -3.983763
-58.066191 18.051096 -7.610914
-58.758361 9.865136 -5.213474
-64.784920 46.771967 -12.243158
-60.917377 49.436653 -15.403515
-57.619719 7.937692 -20.519640
-61.044182 47.461853 -20.044510
-59.194615 43.717691 -18.267217
-64.056382 19.098991 -21.830900
-60.543112 44.886581 -23.057803
-58.969194 43.645350 -23.784588
-58.100032 22.207149 -19.208034
-60.239573 18.509416 -26.816483
-59.710942 14.547179 -28.425757
-61.903066 43.351936 -29.686001
-58.014922 6.467468 45.203064
-56.670076 3.023945 44.104930
-54.015741 0.308036 39.510744
-57.116369 9.331680 41.858950
-56.868387 14.316990 28.221533
-57.652932 12.081501 28.317798
-59.201894 31.303504 28.530001
-53.683166 28.096718 25.121612
-59.864587 41.002042 24.898258
-53.524337 10.338363 23.537974
-60.629146 36.430725 19.680499
-58.726978 33.954647 19.145336
-56.185490 25.953712 21.403603
-56.562662 4.248803 18.116194
-55.722224 2.102127 16.441867
-55.346702 12.966118 11.516624
-55.257384 10.512270 12.436242
-56.489111 46.009639 14.428930
-61.299712 44.859929 12.510690
-58.061098 24.530100 9.971104
-59.522747 47.999187 5.825055
-58.310463 6.750615 -2.427535
-57.306751 40.263582 -3.405922
-56.090168 8.551577 -3.602961
-56.574322 11.570577 -6.150932
-58.940434 3.376101 -5.939701
-59.620115 44.348024 -5.592590
-56.202622 19.540949 -7.980231
-58.778039 13.153022 -6.368214
-59.705690 46.797326 -8.563258
-58.611244 -1.124557 -14.717696
-58.803301 46.903126 -17.225670
-57.882727 0.386745 -19.348280
-59.195405 7.272011 -23.148638
-58.034654 12.483841 -26.195312
-62.667082 38.951113 -28.418782
-62.285843 34.758500 -27.894661
-55.410051 3.829858 47.226389
-55.299532 19.459138 43.621831
-55.198832 14.257113 44.135411
-54.476796 5.123892 34.198802
-55.295526 28.512511 35.084966
-55.205516 1.520179 32.968635
-57.570976 18.188586 30.791086
-55.676058 9.966656 27.326671
-55.447017 17.438968 27.976700
-58.748324 37.970672 31.080485
-57.579801 0.794602 24.264103
-54.333081 16.877660 22.484137
-61.427510 40.091368 19.801939
-54.638995 11.840855 14.029501
-58.933860 47.414567 13.239782
-59.436472 47.775647 10.207751
-61.006908 46.350886 8.683013
-55.383825 42.627851 2.470665
-56.043179 38.009740 0.812950
-56.325724 2.919047 -2.644772
-53.533672 -0.536670 2.010510
-59.221229 14.367156 -4.955944
-55.109975 16.632250 -6.046355
-57.440370 12.124288 -6.000141
-56.370615 2.614929 -4.902313
-58.216935 -1.290420 -9.587895
-58.430126 47.640520 -12.027937
-57.641115 46.174366 -14.093654
-56.781154 42.056743 -13.761475
-58.576349 -1.028962 -16.682092
-55.140329 3.911697 -17.673492
-58.496695 40.328534 -19.514150
-57.224265 40.721972 -17.373286
-57.486866 19.633292 -23.375633
-59.457441 20.815538 -23.156883
-56.949378 22.598504 -27.883148
-61.825472 31.809478 -30.661787
-60.489440 28.607334 -30.491920
-60.029377 36.104965 -29.982032
-55.813898 6.306163 47.861032
-55.661874 8.798609 44.547987
-53.019797 21.435769 41.242797
-53.092612 12.082712 42.326549
-54.366499 2.561198 35.402425
-55.986310 17.823240 34.011630
-54.030496 27.124714 32.909003
-55.790458 17.395527 31.199599
-54.942581 -0.843495 28.286825
-52.801531 29.381798 28.604039
-54.285878 12.402123 25.412096
-57.714070 40.947252 29.059637
-56.795340 32.074045 29.711783
-55.848367 28.226086 23.671783
-58.950989 42.048239 18.205279
-53.203765 27.178883 21.637141
-53.662972 14.175231 22.914238
-55.809602 33.283914 17.493441
-56.006023 33.849239 15.712495
-56.403049 38.596607 16.653296
-53.112658 5.695392 13.251584
-54.223201 1.429416 14.782716
-53.563374 8.563218 12.842974
-56.000023 41.372963 15.153054
-52.328342 14.122131 8.523918
-52.948155 0.876971 10.289481
-55.745947 -0.342127 7.084427
-53.538453 3.676405 5.886193
-57.385795 49.444596 11.274402
-52.801907 1.313475 3.392985
-53.847055 7.028592 2.125770
-52.205473 8.936208 -0.953420
-53.937087 0.066767 -0.969434
-55.729517 38.436802 -3.765064
-55.501789 8.169708 -4.871834
-55.711236 40.892379 -7.008388
-56.021643 43.158439 -10.553117
-54.625405 5.143258 -14.037675
-56.114119 -1.242682 -12.569141
-54.070589 0.611597 -15.647382
-53.993023 21.862362 -17.394545
-54.254920 19.936765 -20.267830
-56.738846 19.583844 -20.168291
-58.420455 41.159906 -22.015335
-56.064694 17.013715 -27.215429
-59.173511 40.361175 -29.903518
-58.296246 45.042205 -28.837113
-53.445995 9.606347 40.915931
-55.404148 16.804677 36.915008
-52.690754 25.208613 36.787540
-54.363281 16.418771 33.900164
-49.478086 5.622932 34.465678
-56.038891 34.634896 35.913512
-57.670086 36.622854 33.789912
-53.534811 25.447685 32.591961
-58.599452 35.131704 31.640570
-52.537247 15.283545 29.410260
-55.660393 5.610226 24.973750
-56.402666 44.379061 25.012875
-58.396135 41.695436 26.770568
-53.680247 31.153168 25.751220
-50.759347 29.794493 23.440925
-56.772403 2.647049 20.398323
-54.208793 -0.493373 20.306743
-55.420258 35.892419 18.004757
-50.212145 10.984445 21.130463
-52.494138 10.679639 17.234629
-56.063274 24.945081 14.247455
-53.448444 37.252924 13.782775
-54.113772 0.142946 12.931595
-53.794117 39.762928 12.250737
-57.889696 49.530036 7.861093
-53.001376 6.333187 -0.231454
-53.990703 11.276843 -1.574557
-53.371432 3.017688 -0.854423
-55.537440 12.585640 -3.923950
-60.179383 47.137842 -4.604854
-59.246170 48.903827 -0.463489
-60.272907 49.127863 -4.395327
-56.549003 22.090316 -5.870026
-53.795686 15.543269 -7.043000
-57.784385 9.339257 -22.740647
-55.191544 20.950380 -22.373712
-55.588310 22.541922 -25.057170
-54.454779 14.733962 -26.100312
-57.116313 28.938112 -30.737310
-57.992802 38.379981 -29.040354
-59.187132 31.172389 -31.480345
-51.462126 3.300455 50.710633
-54.295144 7.251606 50.847958
-51.059341 0.404212 46.776616
-52.772561 18.101503 42.981814
-51.313419 6.023394 34.853801
-55.435650 32.590901 33.782510
-53.105298 16.768092 30.431240
-52.909926 3.882018 33.532168
-52.962584 0.474228 33.720742
-52.046650 -1.136099 31.217205
-55.708389 40.176860 32.754212
-51.096161 23.937561 30.749976
-52.104003 26.980838 30.475089
-51.877553 16.334216 27.322283
-53.677628 44.389160 28.944197
-52.282325 -0.864938 26.737578
-50.640670 16.601229 24.267276
-53.385548 49.040352 20.453400
-50.781025 11.166416 17.884389
-49.844790 17.135968 21.582279
-53.272690 8.993315 19.734325
-52.901762 12.535030 13.817910
-55.195344 48.786918 13.451383
-54.618527 42.794625 12.686453
-56.880861 49.819853 5.452691
-55.235750 40.028722 1.856517
-52.502193 4.346795 1.669656
-59.339226 45.817699 -1.280132
-57.360361 44.507135 0.314028
-51.916432 14.706965 -5.307842
-53.889134 -1.037512 -4.877766
-59.431199 45.524628 -3.801466
-53.992032 38.283228 -5.798655
-57.829839 51.582579 -4.487177
-55.700365 -1.340238 -7.516589
-59.705075 49.439378 -7.635663
-52.502750 20.988667 -8.274180
-54.070661 -1.417388 -10.267502
-51.663497 -0.197644 -12.549326
-58.744673 46.463152 -18.818397
-56.206065 7.024514 -21.700252
-59.299765 45.704789 -21.036215
-53.560615 9.787471 -23.440468
-56.448356 40.430308 -19.839700
-55.342654 11.378291 -25.127416
-56.020313 35.928675 -26.737460
-55.949133 39.200047 -29.639045
-57.118121 37.822031 -30.371400
-52.139311 9.548531 53.117703
-51.299826 6.774384 52.789888
-51.309687 17.472268 50.627594
-52.800956 14.286049 49.828585
-54.240949 10.234988 50.262025
-51.882952 21.148931 49.807254
-53.733333 19.637074 47.949737
-53.801624 9.653691 46.452704
-50.839420 -0.508450 43.620692
-52.895446 8.909372 43.269706
-50.625760 17.064870 40.571704
-51.113440 -0.789897 39.653624
-51.013559 10.226485 42.130753
-50.465156 2.596251 36.075691
-51.118515 23.372326 35.075775
-48.703120 23.523936 31.839004
-52.444653 15.256654 31.502111
-49.755562 0.114118 33.999691
-50.204902 24.592023 28.582390
-53.349518 46.765427 25.564511
-52.836385 8.190322 21.505114
-57.431443 45.651427 19.963878
-49.738427 13.531772 22.227714
-54.265149 2.324934 16.676329
-50.895144 15.564032 21.722112
-52.849649 34.866729 15.458424
-49.992678 15.264412 11.515251
-51.458928 4.455682 11.308938
-53.652087 51.868143 10.551634
-51.436600 10.181166 8.165809
-51.944131 45.119461 11.585368
-54.725813 44.478410 2.407270
-51.921477 4.108587 2.715875
-53.619344 40.007462 1.831787
-56.573846 48.061704 1.661910
-55.798540 41.707705 0.194260
-54.315934 22.480412 -3.407139
-56.177040 50.507725 -0.168106
-57.756415 43.095694 -2.921481
-54.287126 5.557966 -3.929664
-53.595938 24.155065 -6.131332
-58.470009 46.553016 -8.363593
-51.562667 21.257367 -5.414982
-53.049278 12.146730 -4.841253
-57.960737 51.895364 -9.083566
-59.079015 49.884963 -10.287520
-51.087269 2.842468 -12.066690
-52.430137 40.199867 -8.632131
-56.950649 50.032146 -15.976856
-53.041265 39.920076 -11.897037
-57.419776 45.308735 -15.440478
-57.512571 42.628579 -20.568036
-55.106058 5.667751 -20.042394
-53.657723 18.105044 -24.506615
-56.787839 50.765397 -22.901750
-55.430903 42.107712 -23.162262
-56.434127 43.424768 -30.571330
-57.404059 34.901166 -32.447077
-49.286782 11.068616 53.564159
-50.381496 13.553214 52.614590
-52.567153 12.025433 47.717640
-51.461443 24.203470 49.021433
-53.215348 25.879095 46.314667
-51.012605 30.198048 45.154179
-53.605578 21.764857 45.586301
-49.725089 -0.619476 45.696783
-53.206635 25.424944 43.318821
-50.758896 14.940632 41.184178
-47.999463 15.263638 40.019423
-47.015824 0.092637 36.594214
-53.627160 35.892146 38.914392
-53.166133 39.241214 37.065885
-52.714309 32.715832 37.006614
-50.608414 2.593809 34.329247
-51.400268 42.193421 30.858966
-53.482451 31.606147 29.723986
-51.237973 29.674329 26.754976
-50.073576 26.669063 28.878456
-51.479709 9.662625 24.978277
-50.479657 42.860023 27.425525
-49.860016 -0.516277 25.509640
-55.177649 47.162074 21.577347
-55.981943 45.557455 15.571772
-54.633550 38.110452 16.357874
-51.657429 -0.453545 13.886315
-51.414895 37.114731 10.808537
-51.327929 35.304044 12.525430
-50.745589 7.308355 9.771137
-52.006703 40.386769 10.415092
-55.494742 51.573508 7.418718
-55.429296 38.614007 -1.692272
-53.174050 12.474226 -3.432773
-53.123529 1.367928 -1.805641
-56.316902 40.326442 -3.396774
-52.386246 9.813161 -3.210349
-55.056829 41.799849 -5.989270
-54.999502 53.182870 -8.314018
-50.263138 4.453287 -9.095537
-51.395750 -1.105735 -8.916694
-51.903575 23.829072 -7.952029
-56.851219 53.075376 -13.605869
-51.165756 11.444119 -22.127320
-51.815478 15.351674 -22.455060
-52.704025 4.198806 -18.105415
-57.196454 49.732269 -24.830691
-54.180211 45.528048 -27.088190
-55.338097 44.519166 -25.410267
-52.966894 38.625668 -28.738966
-54.250039 41.796274 -30.971661
-53.562991 36.438083 -27.317906
-55.687646 32.110186 -32.417000
-54.114264 30.576898 -32.110649
-55.836644 36.039512 -32.923137
-46.412698 10.554052 52.645306
-48.866583 4.033992 51.154287
-47.962110 5.419261 51.620401
-51.802607 18.509850 44.885964
-52.020135 14.352588 45.697284
-49.359172 1.623187 48.408479
-52.010504 21.044017 44.134523
-49.730677 13.714915 43.293708
-52.549716 26.859768 41.715628
-50.617344 29.943908 38.875039
-52.576591 37.354331 39.516130
-50.847160 27.785378 35.402172
-48.482343 19.499972 37.166410
-51.720207 30.127075 33.461918
-51.411347 32.424168 33.131398
-49.111645 -1.450856 30.988822
-49.879109 32.254210 30.180011
-49.292210 40.423137 27.709345
-47.839877 30.167956 26.147502
-50.784157 45.587954 26.171315
-49.788239 41.860510 25.383506
-49.500301 -1.224611 21.297046
-48.757925 40.282251 23.859137
-49.127877 44.703093 22.326739
-52.071877 50.274768 17.057087
-54.535229 40.649510 15.060785
-51.504459 -1.459272 16.937777
-52.286568 37.889513 13.484747
-49.127938 14.615308 14.303153
-52.212797 9.438613 16.310081
-51.605180 49.712704 11.926960
-49.360516 3.461228 5.715249
-50.546704 43.126713 9.555118
-50.414076 39.826289 9.996871
-49.783320 7.441842 7.319614
-49.780408 10.464262 5.602982
-54.182582 53.197120 5.639391
-54.297235 53.109504 2.891616
-51.155094 6.267953 0.122355
-49.586060 10.862533 -3.683259
-51.716199 0.224964 -0.559952
-52.000577 4.783375 -1.254251
-49.909689 -1.348564 -4.061473
-52.080944 52.158700 -8.470451
-55.096468 43.937135 -8.783213
-55.729057 45.008029 -12.073289
-51.293848 19.107645 -8.234085
-56.922997 47.825164 -12.882591
-53.048551 3.270038 -14.854880
-56.407275 51.814180 -17.044866
-56.354307 47.846202 -17.934054
-51.724729 7.180931 -20.983605
-50.141784 5.831541 -19.383952
-57.107047 45.171595 -24.248429
-55.201308 47.527481 -27.283645
-53.970294 25.067570 -28.798357
-54.231480 45.382871 -29.783383
-52.018160 40.591344 -30.167576
-53.503900 28.157122 -31.154616
-47.378527 7.762699 52.678868
-45.479199 7.093006 48.840102
-47.326910 4.127122 48.549665
-46.757889 22.177490 47.691972
-44.741436 6.832092 44.184623
-47.875449 25.100482 47.173740
-46.871923 3.911253 45.992211
-48.959594 27.156666 47.722199
-49.620109 17.577439 42.927039
-46.501003 1.956402 44.398340
-49.412659 20.173636 41.238991
-51.103800 22.179002 42.380983
-45.000481 0.947575 43.784830
-51.419025 27.082811 40.247206
-50.838294 23.805998 40.390444
-49.370209 23.529905 38.119264
-51.107499 34.100928 42.311045
-50.286889 29.727322 41.724073
-48.654865 27.775858 38.776642
-47.840495 -1.937202 40.377347
-52.391114 33.539783 40.066225
-47.524842 32.300164 40.215958
-49.353755 39.730538 40.285146
-51.381976 42.864609 33.939649
-51.459621 28.251131 31.301339
-47.626386 5.379800 33.549481
-46.221536 -0.292438 29.054389
-49.177967 -1.621784 27.733964
-48.972857 27.351319 27.531171
-47.592782 26.618352 26.476492
-49.246509 11.512396 21.795749
-49.546786 47.331757 23.543279
-47.147392 13.432418 20.383710
-52.194791 5.589663 14.464611
-52.632233 42.359265 13.227931
-51.575293 8.398938 12.517575
-52.088717 40.191569 12.275456
-51.255910 0.911006 9.900334
-48.042063 16.471537 7.224502
-49.894821 52.149291 8.322272
-50.589430 48.034990 8.755301
-50.344356 44.844182 8.861545
-48.718763 7.369258 5.043752
-48.734958 53.565845 5.769661
-51.148632 55.737319 4.397057
-52.362419 54.189358 6.931526
-53.295774 38.185773 1.021133
-49.177137 0.233179 0.878719
-49.068493 4.285089 0.375014
-50.834351 3.328188 0.197657
-51.076604 24.021270 -4.323879
-49.987834 6.598903 -0.893789
-49.540782 17.546098 -5.171190
-54.288458 53.576624 -5.251507
-50.167388 10.546167 -3.684391
-48.101704 21.213027 -6.354758
-50.660244 14.435190 -5.817571
-48.520253 0.974358 -9.101397
-50.598406 17.164021 -7.607542
-49.114181 24.774943 -6.974470
-54.774715 54.759155 -11.981701
-55.566785 54.067111 -14.933700
-50.814549 20.701792 -17.432537
-52.523386 50.451669 -18.902758
-51.267026 21.436188 -19.923770
-51.958401 20.234232 -26.451806
-53.932810 20.778020 -26.340917
-53.173996 38.951743 -32.298277
-45.115453 8.317372 50.909618
-46.107772 14.629535 50.102117
-47.063965 16.591194 50.193238
-47.810618 20.821958 49.286227
-47.992463 35.142726 43.604131
-48.417153 25.590801 32.419714
-47.310605 2.510472 34.041479
-49.463687 28.045567 28.720320
-46.416499 -0.722700 32.842382
-46.672857 24.185389 27.862120
-46.927490 0.001767 24.542296
-45.821339 2.373102 25.308716
-47.399168 16.533362 23.075032
-44.749818 0.319397 22.072641
-47.148570 39.241531 21.055028
-48.564875 41.009096 19.514238
-49.661704 10.554373 18.624643
-46.142074 -0.923967 16.416727
-48.879664 50.587927 21.116404
-46.563310 15.916018 14.922334
-47.802096 12.659717 17.551566
-50.718332 51.732922 16.917563
-50.943715 10.733361 13.856739
-50.120650 -1.224258 13.340397
-49.112201 5.270836 10.092377
-48.903906 44.763036 7.578962
-47.979249 3.692469 3.944881
-44.613070 12.760918 5.867147
-48.346603 48.430973 5.483847
-49.311087 5.557479 -0.117454
-51.651160 55.662926 1.957138
-54.183369 53.801315 -2.731543
-47.183642 9.096396 -2.152172
-50.451910 54.017704 -7.046038
-53.448798 55.546846 -15.022477
-48.178531 23.180732 -19.146745
-50.099892 2.277998 -14.994817
-55.280909 52.025360 -18.749991
-51.672447 47.573913 -18.712230
-55.567711 50.454292 -20.231243
-50.606154 37.465303 -27.368550
-52.736039 52.976378 -26.845312
-53.270017 42.881412 -23.874431
-52.506304 26.357536 -29.729823
-52.162028 45.580396 -29.871309
-50.486563 43.212156 -31.132381
-41.757158 12.185397 49.594631
-46.492125 19.338091 48.790646
-45.324109 17.134568 48.212351
-42.589210 14.600170 45.685270
-45.258944 30.506677 46.826983
-47.051469 32.632373 45.106691
-44.523342 23.352910 43.801082
-47.927625 38.593492 42.614345
-47.958316 30.198689 38.143580
-44.542953 2.683665 35.095328
-49.438049 42.012681 37.544230
-46.398081 28.439509 36.861395
-44.696934 4.368388 25.376450
-45.152992 16.772843 21.698639
-46.248275 15.255291 20.911164
-49.270887 10.963748 16.190043
-45.515678 47.930094 19.169183
-48.195879 45.475290 20.396159
-45.474759 42.230420 17.205144
-48.819864 52.319117 18.638528
-51.235494 48.647307 12.795480
-49.981930 45.726442 12.048230
-49.168386 -1.221844 11.324097
-49.356729 43.650602 10.941317
-46.640999 18.490809 11.463967
-50.262801 9.332988 10.410165
-50.088619 2.608245 8.347702
-46.839934 7.731384 3.537669
-47.414097 56.991569 2.660274
-47.349549 4.848618 0.643442
-44.487092 -0.691332 -1.563771
-48.541837 57.487588 -0.652859
-51.003207 56.310379 -0.887847
-47.970861 -1.364345 -2.156491
-47.315768 7.085986 -1.449467
-49.141307 12.909291 -4.860644
-46.878767 49.303370 -8.643073
-46.914533 15.201591 -5.808063
-48.239740 20.390620 -8.136390
-47.913251 1.669879 -11.746682
-52.157901 56.786027 -13.118134
-51.485947 55.784561 -9.715066
-49.931941 20.050322 -20.329827
-48.780190 3.579946 -16.745941
-52.889162 53.373288 -18.541402
-48.208676 23.025098 -20.996402
-52.760195 54.446873 -21.577270
-50.310736 20.504717 -22.503697
-50.451925 23.152007 -29.480244
-48.307596 27.632790 -30.174447
-52.068215 31.373449 -32.515555
-51.066804 34.145860 -33.442873
-42.925153 18.443458 44.974260
-43.134077 21.288775 42.902774
-46.802799 30.756718 41.110325
-44.732226 27.506527 45.672147
-42.979489 -1.988573 39.087095
-46.798059 24.452523 34.480990
-44.671969 1.151250 33.836128
-48.888605 46.424674 32.285319
-44.360946 14.310693 21.257116
-44.530817 14.263776 17.731343
-46.377488 53.360919 15.790709
-48.804113 53.296233 11.573363
-45.839252 -0.999923 12.125884
-48.298882 13.966435 12.509481
-49.524893 12.727322 9.660146
-48.238435 4.476055 5.923109
-49.588589 -0.352616 7.125054
-44.339444 18.583287 8.852588
-48.609713 10.881452 7.633580
-48.164342 0.678972 4.658012
-45.612021 14.317351 -1.774470
-45.233559 53.114529 3.010254
-45.933216 3.026253 1.296983
-48.775251 56.159343 -4.551154
-46.305785 56.859586 -2.575714
-46.511171 -0.076518 -5.007614
-47.331049 19.139267 -6.030675
-46.181528 9.202906 -2.406345
-48.466205 51.367487 -7.852175
-50.022933 51.415418 -7.926941
-47.474061 18.056209 -7.578757
-51.032358 14.966041 -23.893526
-48.742868 9.974559 -22.182676
-52.193148 52.001595 -19.531516
-50.382691 56.275029 -23.600738
-45.648361 24.571460 -23.061977
-47.261341 20.506982 -25.829862
-47.768059 41.010738 -27.874074
-51.341156 48.666325 -30.246892
-48.539737 31.277718 -32.249418
-51.440277 40.774551 -33.446724
-43.712243 -0.617172 51.459246
-43.694032 0.187850 49.088172
-42.783120 9.182719 49.775198
-40.025316 8.549581 47.408856
-44.579878 36.521717 43.015869
-40.118901 21.622192 40.408609
-45.387648 41.314808 42.360936
-43.138192 34.308247 39.273900
-46.296929 43.324623 39.165993
-48.416242 44.790395 35.124454
-48.839282 48.357663 29.047108
-49.987418 45.030130 27.503800
-48.048415 48.057501 24.855348
-42.144572 6.401997 23.628083
-42.752968 2.987740 22.248155
-45.052978 12.881469 17.358299
-43.262583 15.668399 20.426858
-42.461282 -0.611385 17.878330
-45.794642 50.059985 19.470919
-43.362391 38.945408 17.860288
-44.481452 15.352718 16.239416
-43.989917 46.066299 17.348326
-44.612759 17.187578 14.806139
-47.883469 11.741293 14.756849
-45.017053 52.976332 17.116687
-48.752667 49.865133 7.753485
-47.006325 15.204644 8.024371
-45.690220 8.919068 6.296318
-47.507684 -0.972100 8.265735
-43.786252 9.443328 3.911055
-44.019237 7.124742 1.667399
-44.376559 56.099615 1.287061
-44.408864 48.429797 3.555018
-44.443512 8.627502 -0.613224
-44.604025 56.823124 -0.482644
-44.687393 55.082525 -2.657339
-45.702153 51.024093 -5.014787
-45.137687 48.940608 -4.401485
-46.088872 16.254567 -5.695251
-46.516462 12.564125 -4.448191
-47.412580 52.736509 -7.230629
-45.664503 25.023868 -7.434322
-50.325771 57.299615 -10.768330
-51.201351 57.175670 -16.281707
-46.697678 50.515400 -17.096151
-50.143670 53.628656 -18.366167
-47.278031 6.102850 -18.722053
-46.634716 11.504365 -22.772836
-50.511842 49.619003 -19.108544
-48.595249 18.241284 -24.475762
-48.374543 37.562909 -25.513259
-48.178416 14.035222 -24.510388
-48.015287 54.851744 -27.251977
-47.045094 50.742981 -27.054832
-47.048665 20.519881 -28.337283
-49.523295 37.966420 -34.257851
-44.719965 5.808000 55.225553
-44.847338 2.312799 46.955206
-43.365852 34.159159 44.532114
-42.559454 27.577782 44.834416
-45.396328 33.091431 42.226970
-42.053702 44.335356 39.599248
-40.674439 0.534660 36.008023
-45.215812 45.622881 37.631324
-43.758842 47.262696 36.848715
-42.740718 48.541909 33.852568
-44.959705 48.036402 34.668612
-44.324890 31.279975 37.354750
-44.925297 50.065491 29.641015
-43.953326 -1.478790 30.761377
-44.053253 -0.752952 26.610018
-49.124955 45.008381 24.110233
-48.359716 42.145808 23.104552
-43.265398 49.646807 15.963965
-43.783802 -0.844826 14.929025
-43.425747 -1.047092 9.408207
-46.432289 53.309196 8.687539
-45.131386 13.593516 7.362569
-45.439454 -0.122549 4.645753
-42.274454 7.428811 4.823411
-44.168123 3.799033 3.898906
-42.919500 15.722273 7.510964
-42.388495 11.171779 1.009207
-44.255565 51.128409 -2.515155
-43.223282 46.056181 -1.037183
-43.196601 44.245070 -4.112340
-44.109326 0.885622 -6.960945
-42.022218 26.771587 -9.317824
-45.757609 20.500569 -8.397481
-44.966910 22.695966 -8.391838
-43.001264 5.303441 -11.817954
-43.656405 7.475757 -13.170694
-42.558444 10.988022 -15.928217
-46.536580 2.642788 -13.752331
-47.852931 56.043936 -9.832681
-47.981602 58.711705 -17.558112
-44.940328 4.687591 -15.196133
-46.333825 8.827399 -20.690944
-46.068005 25.893431 -20.556227
-49.272846 56.849405 -20.053860
-45.862315 38.582108 -24.222324
-45.193114 47.949505 -26.126908
-45.708217 39.898791 -25.141490
-48.382334 47.307963 -30.000432
-47.784121 24.707973 -30.414841
-49.795861 40.743255 -29.572014
-49.373445 35.288109 -33.913652
-49.205246 42.074582 -34.643940
-44.159382 8.837284 57.709588
-41.834349 6.156591 58.474029
-42.378051 3.604830 56.727787
-43.756250 9.040702 54.399022
-43.709003 21.979660 55.157851
-44.919776 22.446511 51.799478
-44.245679 22.474929 49.315287
-44.618778 21.073530 51.172740
-43.620795 18.178880 53.227317
-42.721157 -1.037812 45.351542
-40.757138 30.087794 44.411561
-42.282570 43.242432 41.889638
-39.600777 19.286794 42.839381
-39.789408 39.992772 41.288141
-41.846738 0.799520 33.921012
-44.321024 49.379823 25.077584
-45.378852 42.365807 19.200761
-40.213591 0.717088 20.813292
-41.500206 45.629118 14.421549
-41.721161 1.584160 13.566496
-40.858309 39.359663 16.882804
-46.640384 16.462193 13.298921
-43.602067 49.154002 11.948972
-44.957278 51.671610 7.735539
-42.899800 46.773793 9.620646
-46.140189 51.104777 5.630274
-43.996786 42.324474 2.800318
-41.493930 14.210004 0.766856
-43.271076 53.555378 -0.087725
-42.900894 48.775784 0.162709
-43.736098 5.082842 1.015715
-43.563832 10.714339 -2.817093
-43.261227 0.196813 -4.239353
-41.775854 3.431728 -8.333860
-43.707888 13.876123 -5.541849
-44.099390 16.657335 -7.399721
-44.053613 2.800002 -11.712306
-47.481303 59.555554 -11.421603
-47.878744 54.359366 -17.985715
-43.094768 8.443564 -18.210325
-46.649738 53.947041 -18.021686
-47.540848 20.843691 -23.601292
-44.995606 21.432580 -23.740479
-43.439625 26.151793 -22.077492
-47.569143 39.882935 -27.573734
-47.796861 41.522851 -29.117784
-48.501939 43.629567 -32.710039
-46.451214 37.089165 -34.164931
-46.107071 34.456797 -33.345423
-41.317530 10.620395 61.493101
-38.364833 8.710308 60.068157
-42.914792 20.254553 58.041282
-41.368695 18.003593 59.258855
-43.079367 0.215168 55.277518
-41.692617 16.654021 55.469166
-41.800426 11.045551 53.213428
-43.294275 25.607048 50.266900
-43.194245 6.889813 50.201257
-41.647099 -0.620903 49.977017
-42.420929 25.974737 47.342200
-40.113128 -2.601541 43.269367
-39.370345 24.623311 41.818199
-40.091439 41.351258 37.880285
-41.925428 46.934297 36.336784
-41.229485 43.946631 35.515793
-41.551949 40.741322 34.199318
-40.269696 38.667079 34.297641
-41.222489 45.922095 33.558283
-40.987867 40.298251 29.916174
-41.777681 49.106689 30.828907
-41.235560 43.275163 31.701433
-41.025575 -1.770352 30.930947
-39.693399 -1.460688 27.862957
-43.508118 0.700288 24.815126
-40.087257 -1.550787 26.266889
-42.526375 49.881419 27.634119
-41.891814 -0.085457 24.238918
-45.075946 48.063811 21.664658
-41.965122 15.004286 17.132361
-41.253156 2.848788 14.488703
-41.902414 45.147120 11.759830
-41.009383 42.800892 11.291200
-42.457653 42.617086 7.686199
-43.523371 48.313655 7.346980
-42.917525 45.221030 6.547270
-41.035690 -0.495902 5.839871
-42.753392 40.818964 4.962844
-41.410697 38.689503 5.837735
-41.878614 19.655592 8.650440
-40.463826 13.140590 4.365917
-43.080233 41.487588 0.782840
-40.919911 39.391767 -1.262701
-42.898896 7.872059 -0.576156
-41.088011 2.326577 -0.644874
-41.517693 1.474473 -2.416628
-41.308036 40.339426 -3.314806
-40.162199 3.559616 -4.560766
-44.059168 19.732261 -7.395531
-43.382526 17.847567 -7.506436
-43.260871 47.573520 -8.265308
-44.664779 51.276049 -8.032820
-42.456120 50.431684 -16.406002
-42.247962 13.264064 -15.853989
-45.304916 15.917345 -24.893954
-44.921066 19.379926 -24.974357
-46.692232 58.785863 -22.979106
-44.219781 44.541130 -25.556667
-44.633436 20.289618 -25.126457
-45.869936 43.338215 -31.089721
-39.220186 12.806490 62.867219
-41.145500 12.624673 61.357924
-41.864102 13.727765 57.732555
-42.862151 12.414741 56.371047
-38.841918 5.210400 57.594776
-40.239109 1.404894 57.547860
-39.162609 -1.546232 55.868328
-39.558008 -0.404377 51.913752
-40.323153 8.254504 50.115201
-40.468321 15.208631 51.544582
-43.582134 18.240855 50.271574
-41.903185 16.300544 48.612138
-42.207502 28.840775 51.042572
-42.630352 19.219746 48.176788
-39.341711 -0.476414 48.902909
-38.869781 -1.837410 45.196043
-38.681726 36.317810 42.996274
-38.443291 -2.007390 40.426828
-38.899947 29.025291 41.142502
-38.577600 24.665280 39.423969
-37.256416 3.930507 36.760324
-38.659154 -0.593951 34.084726
-39.589675 37.527084 29.475810
-38.685005 42.321484 27.723056
-42.013958 2.273778 23.606146
-39.416401 -1.364580 24.148311
-40.035569 0.761065 22.560958
-44.848594 45.253311 20.107277
-39.903628 5.014659 21.600705
-41.197549 39.366228 9.752218
-42.402534 10.554462 7.118564
-40.349805 0.594197 11.058542
-39.046816 16.460261 7.057871
-42.829415 38.854145 3.622167
-40.803395 37.677925 1.447902
-41.247764 4.589640 0.682277
-41.812841 26.580225 -4.916439
-42.931780 14.380081 -4.121172
-42.443641 24.012994 -7.842961
-40.126895 9.643792 -3.285080
-41.347188 20.336800 -9.221959
-41.555734 15.262865 -8.321802
-44.808631 60.849862 -17.574572
-42.682995 55.606353 -17.865694
-40.211555 11.692917 -20.641511
-42.047367 13.475003 -22.643262
-44.887064 55.120894 -18.203463
-43.076842 12.091266 -21.655507
-45.364736 58.532250 -20.126293
-43.249390 39.290090 -24.369994
-44.942374 27.910517 -30.916892
-44.071743 24.709223 -30.870465
-44.401950 22.131668 -29.550736
-42.140531 40.357332 -28.773001
-50.244628 52.953742 -31.607504
-48.162788 56.015547 -34.464148
-49.110258 49.060253 -32.126787
-49.350716 51.293745 -35.119124
-47.323269 39.725712 -34.896840
-36.996668 11.049020 62.604411
-39.369215 15.551617 61.931015
-38.251041 -0.273470 57.745805
-40.690319 22.928072 57.650536
-39.898268 24.554597 53.745952
-37.886002 -0.389134 52.071213
-39.079827 29.122925 52.758722
-40.882099 22.777340 45.218172
-40.651597 15.839511 45.151859
-39.065101 33.198917 44.179097
-36.519299 1.928913 39.942382
-37.165886 31.609675 38.820947
-37.905118 28.433517 36.820764
-37.360997 1.953149 32.488590
-37.267066 34.706403 32.371862
-38.592924 -1.367740 31.104713
-37.289015 0.392740 29.692649
-38.470860 35.136737 28.791225
-40.065578 47.920506 28.591873
-38.983169 8.113257 22.875323
-39.573782 3.422108 22.791046
-44.938420 51.257309 23.913289
-44.126936 54.876638 21.088955
-45.149318 52.490563 20.620836
-42.562284 52.682683 17.621418
-43.418022 49.465792 18.335559
-39.755761 4.981980 14.106157
-38.909919 39.206903 10.346297
-41.793231 14.176049 7.989994
-39.353835 36.702470 7.927462
-39.949872 4.739756 -0.767506
-40.614585 22.249446 -8.270504
-41.420233 6.045079 -12.984756
-40.260395 17.396748 -9.989816
-39.484131 24.126187 -9.613693
-40.676062 8.140233 -15.658318
-44.012024 60.684306 -22.426652
-42.031923 40.497424 -24.673549
-42.239856 23.032995 -23.299883
-43.693473 20.111547 -27.690019
-48.047605 57.392579 -29.977595
-46.977231 46.740735 -30.379798
-44.461613 43.705307 -35.050305
-47.217654 51.220211 -37.219146
-37.380043 14.618057 63.182888
-34.851671 1.154247 57.879658
-39.254671 14.211712 53.991269
-40.430376 15.572617 53.163042
-38.894506 12.149449 51.961777
-38.769315 10.843203 49.871838
-40.492446 14.696522 49.550114
-36.163065 1.903789 48.470753
-40.958951 30.310593 48.477651
-40.427800 18.312454 44.840756
-38.661617 13.623184 49.742344
-36.381124 -0.088748 42.775243
-38.377819 23.772499 43.211089
-37.040833 34.077057 41.955006
-37.171123 21.484767 38.764869
-37.937221 38.665846 36.860105
-36.097702 30.679893 34.270375
-37.112993 37.187154 36.291458
-36.567611 27.112514 33.696540
-36.686119 24.655523 34.354414
-36.978879 5.481804 33.941981
-36.593826 32.939951 30.657883
-36.569630 5.918133 31.204624
-40.486601 48.999782 26.640167
-37.939460 44.599050 28.732170
-38.240630 7.583042 21.435263
-42.551853 55.631433 23.018859
-40.516411 41.207330 17.734450
-39.610689 -0.926440 16.364171
-39.675979 1.541163 14.077662
-38.244270 42.650600 14.070866
-35.828079 4.907712 12.448646
-42.878079 58.521593 10.283619
-43.602058 56.149550 13.917073
-45.045036 54.532908 10.255484
-41.531244 17.120357 8.504400
-38.830495 -0.345943 9.716065
-39.248333 11.411284 6.967496
-45.860104 55.950906 7.890415
-41.489082 59.817339 6.423176
-43.903126 55.534262 2.810640
-45.134501 57.772159 5.293758
-39.726598 36.760555 3.787592
-38.920265 25.349929 -6.287003
-38.050267 25.995557 -7.697268
-42.212567 15.969198 -7.749594
-45.415728 59.607207 -6.505581
-44.398688 58.512570 -3.204806
-41.468004 22.846594 -8.814652
-44.780869 61.852907 -13.031773
-39.228637 13.684722 -16.394744
-42.669690 23.715561 -22.650520
-41.548882 19.043164 -24.648810
-42.736182 15.718895 -24.915932
-45.116344 60.032498 -24.813383
-40.986744 20.613792 -24.247534
-41.937268 19.613655 -26.262758
-41.467950 20.898766 -28.972170
-42.123707 43.646337 -33.039774
-47.188941 53.585526 -36.686477
-36.654836 17.095242 61.745639
-37.900829 21.225383 59.533637
-35.981861 8.695301 58.312959
-33.022935 -0.717976 48.419494
-37.836180 14.646467 51.599450
-37.618258 25.939549 52.415289
-39.581323 33.944066 49.722160
-35.303235 2.254844 44.693990
-33.804481 6.137161 42.172793
-36.116748 5.257107 39.194990
-36.768233 37.765896 40.195740
-35.512003 7.078530 36.882145
-36.111531 34.707847 36.513729
-35.477975 8.367208 33.446496
-35.166886 30.685297 30.736864
-34.965878 29.519899 29.065287
-41.353620 51.572128 29.726196
-41.959925 54.146180 27.158358
-34.311402 8.599954 22.326125
-36.716303 5.072039 22.823823
-36.134391 5.127827 21.374568
-41.499959 56.997907 19.783981
-37.257724 -0.991813 18.867757
-43.773745 53.121403 14.707063
-36.876986 40.579226 11.865932
-42.941641 51.269491 13.786466
-36.459558 0.965683 10.289039
-44.183995 52.361177 8.291592
-43.309732 50.760476 5.084393
-41.965374 59.203111 2.533334
-43.075750 51.926044 2.561487
-40.667048 3.397191 1.577997
-38.045193 16.166856 3.329474
-39.937086 10.552896 -3.412679
-37.742712 8.203196 -5.369840
-38.185576 3.888150 -6.985460
-43.948763 53.670734 -3.768999
-39.047060 16.763144 -7.900726
-45.714604 54.010614 -6.855856
-38.537418 13.237814 -6.351813
-39.588330 4.503936 -9.720375
-44.681599 61.575705 -8.972028
-39.547512 15.981475 -9.888882
-36.663576 6.441216 -11.873788
-42.522563 62.724578 -9.919490
-41.227307 63.178953 -13.347011
-39.495761 11.639081 -16.686066
-35.582844 12.995940 -19.863859
-43.273278 53.392539 -18.070271
-39.978746 53.559028 -19.555801
-39.516846 16.277109 -24.927651
-42.959801 61.008289 -25.347678
-44.949264 59.763755 -27.860573
-46.471635 58.526414 -26.965320
-43.706893 42.913086 -28.761669
-44.863763 58.614836 -31.442594
-42.034517 37.326758 -35.726592
-45.086599 40.304502 -35.848285
-43.083288 39.318190 -36.178484
-45.303758 47.095788 -36.112582
-46.088852 57.477289 -36.417849
-35.163782 13.446774 63.046026
-33.070996 13.509325 61.395667
-32.722981 11.348578 58.395235
-38.165507 24.162402 56.828758
-37.218420 24.658092 54.500555
-34.576506 -2.145970 52.501300
-36.493722 32.855123 53.569268
-36.235380 36.780138 51.690585
-37.741842 36.347311 48.575969
-33.786082 4.404872 45.912384
-38.568619 31.812059 46.663320
-38.720782 27.747583 45.909699
-38.786025 20.920034 42.543523
-35.560018 26.115811 31.212444
-36.178654 32.416198 28.237153
-36.536619 1.553119 22.428300
-35.916749 -0.722894 24.451490
-37.786793 -0.397465 22.866350
-39.778178 56.377753 24.602915
-39.654079 57.917271 21.615008
-40.729520 43.320981 18.090850
-40.620558 46.205765 17.790147
-38.075941 -0.315497 14.587170
-42.601452 54.586083 16.191578
-36.472586 40.828414 14.347523
-41.997073 49.400818 12.751979
-35.992489 3.336954 11.241355
-38.307144 59.660320 12.095039
-42.155797 47.970959 9.434464
-37.300567 13.842660 6.780033
-37.663338 60.872998 7.203848
-38.601980 -0.589184 7.286405
-42.747593 48.205345 5.623268
-42.318410 45.741102 7.198906
-42.434602 43.531301 5.505671
-41.099540 7.062472 3.326470
-37.735826 0.379136 3.274036
-41.021653 48.646656 1.110951
-41.743802 39.908994 3.534569
-42.355222 43.667577 3.039759
-39.059902 6.882972 1.396102
-40.642739 42.575217 0.480643
-40.401691 9.938426 0.435275
-36.932756 13.925959 -5.112490
-40.753346 59.952468 -0.376051
-42.117870 55.077102 -0.588700
-42.124211 49.292205 -2.406918
-40.809471 44.477310 -2.125473
-40.029053 14.407030 -6.884966
-43.048520 49.712343 -4.029783
-43.608728 47.123404 -5.169855
-38.398140 19.918160 -8.210334
-43.757104 48.774368 -6.182874
-42.348931 61.661902 -4.891641
-35.730223 7.550537 -9.314187
-41.859230 62.232820 -6.948948
-35.966717 23.032151 -9.996601
-38.192289 15.709910 -8.273331
-35.314197 12.148418 -17.615996
-42.351293 62.730822 -16.023903
-41.520844 59.194329 -19.084584
-40.273130 63.163926 -15.790212
-38.747812 19.994483 -24.011312
-39.484763 13.357351 -23.382858
-42.135345 60.481704 -21.547798
-40.718238 57.377591 -20.659396
-40.867326 60.821220 -25.047529
-38.276450 24.183481 -23.161403
-40.738355 23.533726 -30.942816
-42.384734 59.463445 -30.209812
-38.991091 28.097478 -32.148838
-40.745915 59.242146 -32.193761
-43.375736 44.777437 -32.712444
-41.659887 30.951713 -33.371257
-40.024536 40.513762 -30.167780
-37.942518 31.748123 -34.529438
-40.123978 42.482056 -37.346032
-42.783286 48.195895 -39.221778
-45.864733 56.250478 -37.572638
-44.472865 51.187567 -39.082133
-42.980308 53.404691 -40.362039
-32.499988 24.871070 59.243896
-35.017715 18.695099 61.488586
-34.882366 5.509926 58.892157
-34.207783 24.838473 59.300521
-30.683585 12.583653 58.599044
-34.852593 25.933389 56.752623
-34.024395 29.056118 53.560972
-36.924101 36.059598 45.730110
-36.431594 32.982379 43.676577
-37.206084 28.919349 42.868506
-38.259338 44.273950 38.991320
-36.639333 40.445363 38.329365
-37.053770 48.943644 37.838721
-39.303203 45.352787 36.786656
-38.003471 40.928962 36.713794
-38.869290 48.284957 33.876386
-39.516862 43.879305 33.463866
-39.265507 41.182474 34.429743
-37.356447 38.154969 34.324605
-38.330465 37.262261 32.178587
-39.010875 52.710786 32.700421
-39.671143 38.591239 30.810607
-37.253648 54.596418 31.611807
-37.214990 55.913043 28.864229
-33.920926 30.628845 27.424406
-35.317404 7.636991 23.694568
-39.261781 56.012538 26.203109
-37.953821 59.755153 18.753921
-36.706340 0.594065 21.528043
-37.351581 1.953916 12.907654
-40.402261 59.331175 15.650109
-39.930636 48.025404 15.172763
-41.249388 46.650733 11.285296
-39.141983 45.579940 13.983805
-36.955646 11.841390 5.216701
-39.909612 43.667280 10.304579
-35.305541 0.208659 7.877210
-35.768217 56.954056 9.990577
-40.545464 41.631843 8.606212
-36.506976 -0.041973 5.924554
-40.496768 38.035810 6.137980
-39.521300 53.026762 1.640874
-40.173108 57.376666 0.707251
-38.033419 3.444295 -0.131970
-40.279511 11.914371 2.148204
-38.879537 8.466022 -1.670027
-38.747333 58.220346 0.169012
-40.607027 53.249407 -0.386743
-38.829682 48.936942 0.152593
-36.873502 5.533816 -7.624438
-38.649045 63.484786 -9.660076
-36.219383 19.794772 -9.037234
-37.394063 17.802835 -9.394257
-37.407017 8.181163 -15.706307
-39.218696 60.566895 -18.794421
-39.531588 25.838160 -22.226141
-35.607217 13.962945 -23.972146
-39.459758 58.356816 -23.287325
-36.546925 19.950382 -25.541735
-40.942122 59.410704 -28.299991
-39.681230 39.045286 -28.457766
-39.553674 58.109822 -29.502676
-37.160846 23.715828 -31.263284
-39.625456 35.028789 -35.673994
-38.140289 44.379663 -35.368879
-43.865167 59.327012 -35.551317
-44.581719 58.079814 -38.202271
-42.976946 59.396372 -38.575848
-33.734704 7.950296 61.511875
-31.384005 21.284925 61.589601
-30.195606 17.521102 61.248648
-33.395897 2.386924 58.331663
-32.640278 -2.683733 55.058616
-33.394381 31.515089 53.322207
-34.234714 40.152617 49.476377
-35.499975 39.575222 46.106071
-35.105828 38.325321 43.149474
-35.197437 32.264298 38.529313
-36.286422 23.887482 38.938059
-35.402279 44.292190 40.765576
-33.997278 42.082721 41.102563
-36.773065 24.134909 36.649319
-37.205914 52.474410 34.646981
-39.203107 48.533638 30.911819
-38.881055 42.434720 30.266755
-32.332302 -1.124664 28.132997
-35.465092 -1.276712 27.363879
-33.934620 28.348416 26.550265
-33.559664 5.693575 23.111443
-32.472072 0.384301 23.766323
-35.995664 59.674914 21.148710
-35.430736 -0.471992 13.492280
-35.876442 59.837156 15.335727
-33.559458 2.461157 9.582033
-38.231960 9.996721 2.913693
-39.031870 61.188611 4.969284
-38.075592 50.250803 2.764047
-38.383571 48.174280 1.507213
-37.129025 43.827443 0.299621
-38.688184 61.004252 1.569678
-37.835514 55.885850 0.313249
-36.191345 51.855411 0.525482
-35.943861 22.062463 -8.232373
-38.203925 40.954960 -1.477303
-40.810951 62.100584 -3.352722
-36.386817 14.765414 -6.164114
-34.978393 13.397924 -5.959955
-37.130614 11.320262 -5.629926
-36.196522 16.535190 -7.134138
-37.998732 62.274706 -14.643819
-37.483607 57.014848 -19.834111
-34.988764 48.560297 -19.993430
-39.103184 58.646760 -25.348667
-38.062738 54.734132 -22.915956
-38.534964 56.553137 -28.836992
-37.037333 20.404030 -28.662599
-41.405696 41.465216 -30.267193
-39.002703 44.052020 -30.634689
-37.667130 55.216837 -30.719840
-40.140357 46.181020 -33.476984
-42.022056 46.427844 -35.639834
-40.088213 43.289730 -31.672400
-38.695193 39.902055 -37.967365
-41.082077 50.132652 -40.398347
-32.563215 4.454123 61.480450
-31.668976 -0.571203 58.172160
-28.747552 20.316657 55.434164
-30.329282 21.941360 50.024605
-29.873833 18.490247 48.623491
-33.943796 35.632679 53.040864
-33.050403 38.206807 51.360704
-33.754133 41.347847 45.673232
-35.127892 34.825428 40.367124
-32.252071 37.374168 38.842716
-34.262869 -1.048363 39.763244
-34.616515 3.182868 40.346259
-35.781869 27.891952 35.007754
-36.193886 0.507883 37.764110
-34.273203 -1.988760 36.638086
-36.567227 2.941480 35.675949
-36.165654 -0.270903 35.432074
-33.093008 -2.018004 34.964133
-35.266632 -0.769310 33.815786
-33.483146 37.703087 36.398120
-33.721554 51.153892 34.386625
-32.721092 47.667013 35.754707
-34.033339 1.086615 31.063611
-33.785145 33.081705 31.722954
-34.288601 53.814402 32.840889
-36.401765 34.578661 32.184361
-34.707411 58.461666 23.893804
-31.696976 7.432691 20.230797
-33.329724 2.796755 21.598681
-33.047245 -0.877244 20.272861
-35.323441 -1.079519 17.912313
-37.385548 43.743170 14.418450
-34.021838 0.678133 11.221051
-33.932383 57.295886 13.574084
-34.149497 54.026036 10.744126
-37.495711 42.446624 10.908532
-36.663386 48.916574 3.565205
-36.077106 47.226448 3.611912
-35.814933 53.778840 0.583480
-37.665569 58.101899 0.155961
-35.797813 11.345425 -5.375825
-35.576720 54.947178 -1.736392
-38.646983 46.506596 -0.060996
-36.284169 61.255951 -0.979948
-37.796592 63.165465 -2.931828
-34.079216 51.887267 -1.921957
-35.346169 58.819164 -2.162446
-34.298262 51.865708 -5.453462
-38.392899 63.737101 -5.944154
-35.154758 55.683874 -5.672906
-33.752876 10.661592 -8.038019
-36.461141 61.172315 -16.351994
-33.368141 10.252445 -18.114560
-38.098641 52.054728 -18.800436
-35.753521 21.119491 -24.182913
-35.690836 18.771784 -25.576647
-35.579134 51.806799 -23.003414
-37.677720 55.290686 -25.838719
-36.447162 23.216494 -23.872506
-36.735644 53.580461 -28.577303
-37.906493 43.994389 -32.455402
-39.465207 61.394767 -36.475540
-40.688530 46.973688 -37.916774
-39.482827 60.315248 -39.638936
-39.357382 54.105372 -41.410965
-42.319589 58.085484 -40.124551
-30.256646 3.052145 61.491441
-29.773108 1.504377 60.009120
-28.182288 21.251115 58.773221
-30.816141 25.937939 54.799465
-29.873641 24.188193 52.647508
-30.720652 -2.344987 50.965499
-32.449959 33.573592 53.082982
-29.789285 25.981293 50.547527
-31.663468 35.516284 51.916811
-32.192598 39.495321 41.326394
-34.554484 0.890358 41.280916
-29.217083 -1.958037 41.224982
-34.264191 36.410868 39.219594
-33.466401 1.891409 43.142495
-31.508797 45.212340 40.515548
-31.450935 41.554646 39.603340
-33.571525 33.567083 35.012557
-33.234888 39.247200 38.526940
-34.583564 29.638902 31.343265
-32.905948 55.253909 29.900866
-32.373575 56.384119 25.810069
-31.245310 3.372655 22.099252
-32.286489 57.870130 20.904314
-32.734337 53.607198 20.098659
-32.829469 56.288845 17.657197
-32.523567 -1.104152 17.709302
-34.802138 44.772381 4.089867
-31.775194 0.808627 5.438033
-35.123777 61.400927 6.090226
-32.815030 1.157596 2.183564
-35.469549 61.923412 2.106943
-36.173068 6.579418 -1.175442
-35.305991 1.177806 0.900578
-36.129177 3.752972 -1.891115
-36.431612 7.239164 -4.686617
-34.006399 6.826824 -7.392575
-34.483579 19.461366 -7.717634
-35.590520 64.572445 -4.464132
-34.537842 59.382374 -3.573155
-33.756306 16.642404 -7.015608
-31.183113 17.784164 -12.487022
-33.658198 21.305482 -10.638336
-33.599978 26.637901 -22.499483
-35.008190 52.516670 -27.298232
-35.317993 20.997474 -24.848654
-36.454222 43.234992 -30.407976
-36.446163 36.010798 -37.108057
-37.376142 44.969087 -36.305866
-36.617996 55.857831 -41.399110
-37.242866 49.083870 -40.310438
-39.283333 57.221603 -42.020140
-31.381350 6.433534 65.003424
-30.140921 7.958124 66.123568
-30.811935 10.824088 62.841260
-29.205987 3.861191 63.034066
-27.469761 17.327539 58.056765
-28.491690 0.072653 57.916130
-27.891658 -0.986905 54.725824
-29.354647 19.597338 51.328361
-27.455680 -1.488165 49.180678
-30.294185 30.194770 50.359194
-30.553322 33.866071 48.871964
-29.982831 28.377012 47.960363
-29.916528 21.091942 47.400734
-31.714566 -1.325417 44.406572
-29.564994 26.274728 46.070788
-27.690282 18.421374 45.555873
-27.013820 33.710099 46.128273
-30.238992 30.699710 44.384828
-29.867050 27.800976 43.142593
-33.257021 -0.751350 42.935321
-30.609531 -1.309514 36.972065
-31.074860 38.030902 35.040079
-32.003741 -1.371931 32.169487
-31.060494 46.524904 31.220158
-29.336599 -0.003934 30.223915
-31.827101 52.140765 30.368257
-31.876393 55.480211 22.289322
-31.712146 52.085772 22.065832
-31.488368 49.735258 19.624870
-31.079416 0.556099 21.698302
-32.026979 53.099334 15.366078
-30.419513 49.494293 14.971471
-31.219979 50.708757 9.578728
-33.178817 57.884821 7.249101
-34.715550 58.553471 0.143288
-34.874945 47.579298 1.651994
-33.773159 13.687836 -4.926032
-32.867884 49.255996 -0.511644
-34.533932 17.638085 -7.068939
-31.548052 48.078098 -3.579664
-31.384517 14.689405 -8.090624
-34.272948 65.771931 -8.510583
-33.934039 20.184933 -25.422245
-31.720620 17.231043 -25.610387
-33.074844 26.139459 -24.343818
-34.297628 30.888199 -34.645000
-34.927866 26.181883 -32.430443
-38.171619 46.157672 -33.516111
-35.604894 43.701569 -36.706511
-34.049402 54.646484 -38.594154
-36.082300 40.775346 -38.598588
-28.065481 2.355178 60.148747
-26.722973 2.037176 57.736666
-27.005397 0.628481 56.930922
-26.832046 3.026136 54.837679
-26.262427 6.344942 55.081566
-26.796770 1.181023 53.498767
-26.551669 6.108883 52.294471
-26.606372 1.305200 49.857667
-26.336756 2.564204 47.760728
-31.473534 41.417364 48.494936
-29.798232 38.588366 49.457637
-27.839670 -2.080913 45.811884
-28.691128 37.171942 48.222342
-28.561613 21.876738 43.399988
-30.478389 41.978386 42.911608
-27.181922 31.031902 45.096014
-28.961283 25.209282 40.658279
-28.873438 22.594383 41.471254
-27.908800 -0.975383 37.506265
-29.120677 -1.901292 33.394298
-30.089622 37.176576 31.935569
-30.196469 47.498783 29.464248
-30.922930 50.039965 29.473677
-31.352287 31.941173 30.625873
-28.347125 0.281350 25.236897
-30.963295 52.297720 26.872559
-28.852505 46.260277 26.527250
-29.874661 5.867973 21.855291
-29.864367 0.350733 22.619310
-31.056713 53.427146 24.919426
-30.893307 50.976697 23.790656
-30.806779 49.543353 22.341299
-29.955059 45.920867 20.828672
-29.152696 5.038239 20.947175
-29.337587 -1.063932 16.758897
-33.418704 61.685219 2.704387
-34.242365 55.696089 -1.544792
-32.378758 3.025074 -2.311133
-32.101656 15.724718 -6.119357
-32.177870 19.449773 -7.380512
-33.360176 5.012607 -5.659485
-33.283143 9.452294 -7.967686
-33.567149 62.442527 -3.369554
-32.998567 59.964105 -5.088340
-32.916765 54.814862 -6.635597
-32.613379 18.183502 -9.978636
-30.303696 11.905562 -8.564015
-35.909394 64.232407 -13.468146
-32.066207 7.219223 -12.064123
-33.570550 8.173105 -14.976740
-30.802788 15.026794 -22.504696
-38.726450 62.853726 -21.827828
-38.207752 64.623860 -25.374457
-34.340548 23.200160 -25.064030
-31.885383 20.514033 -25.947078
-32.634185 21.796163 -31.226543
-36.239061 53.347263 -30.425042
-33.840777 43.249259 -32.512860
-34.717767 33.242490 -36.236051
-35.126251 59.024459 -41.223098
-35.440732 44.856299 -39.029663
-28.444635 5.024423 65.493814
-27.483677 12.591710 63.987102
-26.595760 3.958440 60.067183
-26.724106 4.623691 56.796170
-26.217138 19.495644 53.328120
-26.774715 18.250177 49.228339
-25.804245 7.085728 50.080844
-25.680766 6.638479 46.519970
-25.748650 0.409798 44.750266
-29.903768 40.688018 49.242771
-28.104069 39.800420 48.430642
-29.828149 43.607331 45.728162
-27.300166 28.925844 43.297996
-24.604113 -0.223757 39.919700
-28.597890 40.798754 38.190073
-26.170853 4.993944 40.943445
-30.440187 35.267446 35.786083
-28.940082 41.118121 36.212138
-29.980590 48.837250 27.522202
-29.028807 36.496855 29.519416
-29.837481 48.515469 24.941550
-29.394930 -1.243246 19.831408
-30.350391 -0.449738 10.681894
-30.239320 54.648858 6.454083
-32.790453 50.175478 1.751585
-31.251262 48.750544 -5.196890
-32.166315 63.941745 -4.715275
-30.996691 52.067328 -6.572481
-31.021848 57.054455 -6.757778
-33.879628 61.751720 -15.933314
-33.149297 58.236741 -17.347287
-32.161146 54.779835 -16.957638
-32.627394 50.321140 -19.347504
-33.519044 23.743849 -23.833779
-36.586503 65.866546 -23.662445
-38.842431 59.483215 -23.231187
-37.105426 56.529791 -24.065581
-39.401529 61.369033 -26.572662
-36.983194 63.899538 -28.927498
-32.260171 19.611795 -28.723290
-32.151106 26.289587 -32.955774
-33.351697 23.791609 -32.259785
-36.797923 45.420973 -31.738372
-38.510109 61.435306 -32.070709
-34.254873 64.284234 -34.592397
-33.948884 40.411125 -38.738897
-33.390417 37.087488 -38.355647
-26.340746 7.185346 67.803662
-25.338817 5.972442 62.848746
-26.427996 5.810939 57.679115
-28.476829 42.968316 47.457591
-25.880591 7.600209 42.984434
-29.062706 39.170508 36.204076
-26.192360 27.112023 40.956079
-27.539016 21.051593 39.780130
-26.216221 24.907552 37.211321
-30.718450 48.513936 39.080733
-31.176737 47.670492 33.307138
-26.800202 41.328135 32.987280
-31.497152 30.199379 28.552075
-27.078475 5.928305 23.755756
-25.283549 1.829604 26.191610
-27.846854 44.929514 22.919966
-28.634891 8.021438 20.424086
-28.269206 45.727212 16.426744
-28.470645 -0.709754 14.474151
-29.674706 57.279745 5.049570
-32.328695 60.090555 5.010395
-32.045262 48.119114 1.704707
-29.058952 1.197962 3.467798
-32.886638 46.048410 1.460451
-31.229929 45.400122 1.631916
-30.798606 46.042990 -0.228367
-29.305556 45.529371 -2.623932
-30.752006 7.389911 -8.262021
-30.870925 61.950934 -5.888704
-30.422934 58.091683 -15.768234
-36.409697 65.132355 -19.534301
-37.923362 62.227719 -20.045153
-30.331063 20.951093 -24.520380
-35.190633 58.855591 -20.133921
-36.347910 56.796687 -21.507858
-33.880268 52.921463 -20.732155
-38.418044 58.598536 -27.304389
-29.738407 23.367510 -25.160257
-35.181864 66.188913 -27.355224
-36.617000 55.854082 -26.507008
-38.340547 61.377818 -28.855623
-33.685439 44.268360 -30.746425
-30.217636 32.325892 -33.394016
-37.245903 57.198724 -28.970368
-35.121787 54.756547 -28.730268
-34.444859 44.311448 -34.912677
-30.390846 42.766913 -34.590791
-32.905687 57.622575 -40.142492
-33.622193 48.460800 -41.215693
-25.600647 10.403885 67.680461
-24.524072 14.243927 65.337996
-23.198905 7.179043 61.421077
-25.788583 14.510630 60.802572
-24.517173 7.717158 58.702628
-24.807462 17.406669 54.050326
-26.672060 19.264414 42.478549
-28.586942 43.751248 43.025323
-27.710189 49.894083 39.336754
-27.537235 44.093889 37.870363
-26.881423 22.484169 37.889628
-30.856561 50.741817 35.909630
-25.271339 -1.514465 33.088869
-24.825943 8.187273 24.750360
-28.581407 3.416094 22.547945
-26.134365 -0.348520 12.566992
-34.201008 60.014027 12.640201
-28.927343 52.006244 7.358606
-29.824678 59.314344 2.357215
-30.748333 12.970633 -4.765623
-30.250999 17.912632 -10.034036
-28.092415 47.550399 -8.413066
-30.432766 8.089548 -9.003183
-29.321249 6.496949 -10.797986
-31.163194 67.158768 -9.065431
-32.289826 66.587149 -13.410306
-32.368954 60.412208 -14.889868
-28.505908 14.309800 -12.422462
-30.701228 9.831142 -17.311830
-28.695981 25.735716 -22.721900
-31.503265 23.955864 -24.149580
-28.106879 18.846308 -23.617688
-35.644920 62.322515 -18.542157
-34.659423 66.910431 -21.417235
-32.362911 66.616917 -25.658907
-28.361134 19.415598 -26.364049
-30.580400 19.208948 -27.602195
-31.113795 42.487369 -31.893557
-36.519932 63.307209 -31.747386
-31.124369 34.495600 -37.163074
-34.379702 62.521343 -37.778484
-30.990260 60.498773 -38.797985
-34.660612 52.678300 -42.081178
-24.204048 9.175343 68.358574
-24.763203 6.265457 66.841498
-26.609045 30.234661 55.538485
-26.178469 13.884636 56.234266
-24.198447 6.858429 54.824606
-26.798410 32.517072 53.481882
-26.709350 26.878193 52.375852
-24.030878 17.376037 51.338103
-26.584058 29.768732 48.878228
-22.105049 16.808091 48.949935
-26.313317 40.973014 46.963580
-26.135784 43.468401 44.512793
-24.913571 37.545935 45.081863
-23.846189 33.334077 43.198103
-25.886402 43.224408 41.128094
-26.689257 43.050633 39.682135
-25.600610 19.863202 41.237826
-29.881546 35.498478 32.271731
-28.447221 52.537314 37.810981
-24.386288 24.203117 33.538008
-27.336797 42.998586 36.262886
-29.784474 52.616557 33.148483
-23.962751 44.767379 34.662124
-30.096441 50.533930 31.562889
-26.708340 40.158594 30.850039
-29.666672 48.219805 29.707660
-25.303360 39.879496 29.578269
-27.013515 1.279020 23.638409
-30.181184 61.459401 17.993229
-32.368154 61.266217 15.831992
-32.476415 56.958181 14.671007
-32.417040 62.539144 12.484207
-27.363685 -0.002033 8.518054
-33.113530 60.021302 8.782390
-27.221427 0.278941 5.032932
-27.618815 54.722328 4.894956
-29.135786 1.436625 -0.186269
-33.749523 53.082282 -3.672768
-28.923201 11.358076 -7.074386
-29.126121 3.809960 -7.301547
-32.583730 55.096126 -5.490761
-27.000861 47.686948 -6.553846
-28.900110 64.468376 -6.539368
-29.169128 8.430419 -15.324532
-29.553417 11.942494 -21.413061
-33.725769 66.122053 -17.579320
-32.320415 62.481501 -16.993368
-32.599541 59.448427 -17.787560
-33.607167 56.154895 -19.698332
-28.067081 64.244598 -24.901137
-32.199521 66.910560 -32.139419
-28.193872 19.836822 -30.354281
-31.090510 54.909885 -36.025368
-32.109673 44.237927 -34.635297
-32.175656 39.264273 -39.249163
-32.796177 54.324254 -44.603548
-23.378763 13.497879 66.616809
-24.766109 1.198348 58.363735
-20.743926 -1.571077 57.619804
-23.322120 29.346431 59.173522
-24.877095 3.015665 55.595101
-24.133962 -0.051928 52.849192
-25.614130 26.926955 56.832670
-24.863512 24.301447 53.182872
-25.005712 34.464765 49.287283
-27.194650 32.314059 51.255388
-26.020558 31.737326 49.150468
-26.098960 27.276237 46.558289
-26.762940 25.498484 48.651391
-26.576927 23.732868 44.336984
-23.399208 18.503020 46.645317
-24.634204 17.985992 43.875201
-24.834262 39.860540 45.081072
-23.323543 30.404316 42.727994
-22.450705 4.917779 39.878246
-23.710472 41.230272 37.464929
-25.058860 41.976309 33.850814
-22.037373 26.388493 36.517009
-21.130988 -0.060347 37.867894
-23.841149 -1.717685 35.619273
-26.967426 46.079507 38.178177
-21.319000 -0.520364 34.594043
-22.897469 0.140351 29.424926
-28.412958 53.037957 29.249261
-28.262841 50.844354 27.815242
-30.446282 55.290751 24.570165
-30.297583 51.926637 23.422383
-25.657520 3.321181 24.296724
-31.103288 56.695036 21.850365
-26.927955 5.788379 23.424538
-29.286868 58.790407 24.564205
-31.384558 54.633805 20.161273
-26.088413 -1.095408 18.758212
-31.120595 58.958856 19.750369
-31.647433 55.793247 17.488882
-29.412228 63.281109 15.038277
-30.377073 52.393322 13.129237
-33.527506 57.295353 12.367794
-31.576913 54.465228 9.693594
-32.040609 62.876545 9.562579
-30.086464 63.904480 9.893058
-31.737565 61.084023 4.793620
-27.233548 56.613439 2.960276
-32.604009 50.918759 -2.547797
-27.098732 -0.121859 -5.154115
-30.378048 14.722547 -5.581104
-29.721770 14.675226 -8.000646
-28.775571 59.041445 -7.119862
-27.458000 55.931922 -7.926096
-26.274404 68.180605 -9.941976
-26.420469 9.466431 -10.998834
-30.576575 61.030410 -14.709063
-28.718184 16.562376 -13.513445
-31.966308 67.988668 -19.427491
-30.263794 66.840242 -24.267916
-26.962233 59.656991 -25.376740
-30.040760 28.187375 -32.986621
-30.060888 57.687021 -36.289886
-29.177232 53.999936 -34.464921
-30.246427 66.168480 -36.516589
-30.763167 44.477437 -37.802292
-31.258368 47.098476 -40.964115
-21.194074 6.348386 67.618608
-22.979955 10.302605 67.634102
-22.417710 4.771287 63.636442
-24.165137 3.948231 59.083279
-23.056042 0.745338 60.507905
-22.511797 14.380114 57.142614
-24.524522 27.294508 58.601684
-22.730490 -2.119728 55.889251
-22.134471 31.289306 56.557416
-22.356998 14.725538 53.179174
-21.749790 -2.096828 53.014511
-24.228563 33.747052 53.504320
-23.275482 7.211936 51.565852
-25.627076 23.988959 50.837737
-25.208486 21.510538 48.434566
-24.422485 4.593127 49.823464
-25.035569 20.589286 44.375517
-24.068743 24.939673 40.046527
-24.106159 41.456671 42.589052
-24.129765 39.607641 43.500983
-23.643128 39.352563 41.129991
-23.542818 36.193767 39.654519
-23.157213 34.146258 37.485856
-21.282235 28.294159 38.613090
-23.101484 11.421777 34.845150
-23.330330 37.718278 35.542441
-21.886323 31.171198 39.143360
-25.229376 48.342221 37.899550
-24.143557 8.810251 37.407358
-26.512196 55.216614 35.294536
-21.803975 23.799590 32.479651
-23.189092 40.590465 32.248958
-26.349346 55.592752 31.116124
-23.811977 43.146720 31.921639
-27.839871 49.233824 24.859658
-27.079725 57.639281 28.935040
-29.680163 53.787113 26.351668
-29.959777 56.977730 26.848979
-25.209531 -1.094115 22.123831
-29.022221 49.187465 18.709747
-28.554057 60.462854 21.611402
-30.274189 52.809643 18.316765
-29.471096 51.859991 16.989569
-26.161394 61.087044 17.294422
-26.661697 63.493263 14.259785
-24.108382 0.987618 7.709447
-27.531913 64.904973 10.067075
-23.437131 4.485044 9.546643
-28.767010 55.943666 6.450047
-25.514401 -0.150273 2.148916
-27.929817 56.901229 0.263182
-26.136392 -0.089230 -0.697999
-29.330684 47.973541 -3.039577
-31.736703 62.028507 -4.950624
-32.246735 62.751394 -1.412438
-31.038890 51.351922 -5.508429
-31.939712 63.492773 -3.776431
-32.632887 58.498558 -2.953185
-27.917195 8.012057 -8.848358
-27.438069 1.147245 -7.567758
-31.189037 58.131489 -6.397661
-27.953247 5.773564 -9.016205
-26.449938 11.168533 -10.696191
-27.565098 61.614684 -7.448486
-27.846845 67.050311 -7.596436
-26.755033 16.501554 -15.241179
-27.072011 10.854876 -19.918163
-29.211870 67.531708 -17.108622
-31.761237 65.576393 -16.391936
-28.862808 64.000407 -16.668468
-26.269623 19.992515 -26.639114
-28.466384 65.365332 -27.076768
-27.223653 62.346545 -27.527296
-30.773140 67.679297 -28.996988
-27.563722 25.167981 -33.492792
-26.262715 20.716028 -31.040749
-28.649937 68.646605 -32.539220
-28.757875 38.011862 -40.484691
-27.022048 46.720609 -39.433871
-31.870509 54.955165 -39.008656
-31.740634 56.789998 -40.815844
-20.920217 11.410106 67.795244
-22.647498 27.751049 60.546713
-23.733397 25.609730 58.694889
-23.510215 23.251930 54.843845
-24.630753 4.712869 53.206607
-22.625904 0.094136 49.516527
-23.951183 37.511680 50.457235
-21.049640 15.976002 52.040203
-23.339685 6.407785 47.220650
-22.889656 32.384750 46.537618
-23.788171 28.989566 46.374081
-23.066434 7.030435 43.173823
-23.586381 2.492802 45.686520
-22.557152 27.406095 44.018835
-26.033591 21.920895 40.288696
-21.612158 8.886014 38.836188
-24.805033 23.594921 37.457198
-22.125888 31.827051 36.774442
-22.114478 8.729841 36.446349
-24.658309 54.397831 37.936267
-25.198550 52.708538 38.524529
-23.186189 34.455354 35.487580
-25.083747 55.794310 32.981712
-19.463225 26.624158 29.659649
-27.793263 54.435718 28.148702
-27.979623 46.337434 18.918588
-22.487077 -0.990090 18.989804
-22.532910 -0.749489 16.378611
-22.432219 58.351592 17.426391
-28.392386 49.939674 14.938706
-21.621320 2.846982 12.096297
-29.030533 65.576123 6.454446
-23.302469 3.123359 5.874946
-29.979104 65.423642 2.417054
-23.521557 2.332905 1.984114
-27.938919 51.810988 -6.645810
-25.344202 -0.262680 -7.504283
-22.009765 2.521248 -6.362618
-25.409974 3.459761 -9.337388
-25.551678 12.792442 -13.034990
-24.919533 64.544755 -8.706097
-27.363223 51.722952 -8.590143
-24.889162 51.301366 -10.020124
-25.825966 5.850128 -11.004626
-27.910977 68.604551 -12.977257
-30.720893 64.021524 -14.889674
-25.877370 4.490174 -13.107836
-23.875312 11.698464 -14.571766
-28.201177 69.372341 -19.370544
-26.125674 62.505522 -23.549092
-23.617374 60.204892 -23.327646
-27.765054 68.984365 -22.880374
-25.842406 25.026110 -23.953757
-27.943774 68.103378 -29.562020
-28.347699 63.218128 -38.194941
-27.104105 59.042367 -35.441644
-29.964537 42.134234 -40.716294
-29.413271 59.432222 -41.169504
-29.749688 49.357382 -42.786055
-31.610988 57.765641 -44.099510
-29.500985 53.219448 -45.896401
-19.416296 8.694316 68.102287
-20.135413 12.987678 67.129223
-18.508548 3.760089 65.738518
-20.773738 14.714633 62.823507
-19.347012 2.289630 63.270136
-21.701028 21.737036 58.693663
-19.848226 13.889891 58.553929
-22.162609 20.300554 55.156522
-21.959368 34.663874 53.772510
-22.626514 36.936409 46.163936
-22.933240 19.695440 49.865391
-21.640081 -0.916302 44.621171
-20.945212 3.396746 41.527364
-20.099233 10.636738 35.075214
-20.026148 3.103806 38.935151
-23.527962 23.012514 34.744629
-20.642082 10.591388 33.301258
-19.394612 6.167071 36.444954
-19.063119 31.197948 34.672641
-24.418190 53.382189 27.767424
-23.188540 4.877281 25.824796
-27.131775 46.586783 21.794409
-23.302282 0.505137 23.395004
-22.302495 -0.423376 21.584622
-27.215544 43.776181 19.365929
-20.189094 0.053043 14.312941
-23.589455 62.022709 13.845406
-28.916021 58.898197 3.254731
-31.400125 62.277175 1.189921
-22.023739 3.301931 -2.310369
-30.639266 59.216719 0.047058
-24.475985 -0.408413 -3.616264
-28.316596 66.255784 -1.210533
-27.070183 54.913326 -6.939674
-26.520795 8.708656 -9.051923
-23.155882 5.956788 -10.044251
-25.876335 59.642404 -8.617623
-24.721616 56.940428 -9.078529
-27.905893 66.151870 -16.485053
-29.326366 61.760364 -15.599331
-24.441345 47.881205 -10.497676
-28.959752 60.370093 -16.247656
-25.856996 4.432127 -15.106128
-26.086901 7.345059 -17.243021
-25.722424 13.582386 -24.176574
-26.827587 66.452408 -28.736979
-26.448461 68.490601 -31.593388
-26.367851 54.602821 -33.310731
-26.062459 68.457476 -34.597542
-25.967457 66.692864 -37.246429
-29.914985 55.876593 -38.394890
-19.335397 23.448696 61.924722
-20.407962 0.648630 60.369060
-19.553143 27.741236 61.101513
-18.813928 31.061954 58.853788
-21.203175 17.855631 54.403093
-21.964620 38.411025 52.503432
-19.585251 32.219656 53.413675
-22.481245 39.762533 49.556661
-22.046035 39.433449 46.360116
-15.452745 -0.316902 44.797768
-21.056245 24.548471 36.291710
-18.627381 2.199556 37.092878
-18.838171 28.067380 33.401218
-22.462540 55.944816 36.230310
-18.232028 6.956377 33.614219
-24.341556 55.214954 30.727562
-19.177699 11.569934 31.067695
-23.947021 59.189992 29.246261
-25.146712 62.596126 21.203479
-25.642214 61.300992 24.450108
-23.030692 6.387044 24.493998
-22.744821 62.182695 19.412415
-21.414904 59.014810 14.528270
-23.493987 62.081442 10.592323
-24.612133 64.567795 10.214763
-25.804199 66.586472 6.309822
-28.020647 66.341766 1.843860
-28.317554 65.920198 -3.927080
-27.024056 57.795170 -6.632034
-28.756223 61.334970 -6.420183
-24.388333 60.355745 -9.709288
-21.348974 54.833353 -10.959259
-22.816554 5.247053 -13.204486
-27.149959 67.946135 -15.658253
-21.883359 50.787681 -10.772766
-24.154410 8.468113 -12.622294
-23.521886 4.720640 -17.773690
-25.564533 21.134725 -24.951718
-24.227091 66.114311 -23.243792
-23.910629 30.053138 -26.743199
-23.765069 24.517995 -26.881558
-22.791779 20.893954 -28.797229
-25.586706 22.979529 -33.133891
-23.760716 63.986934 -30.405519
-30.110197 29.708952 -33.835307
-27.305067 29.100786 -36.870953
-24.797178 66.930880 -30.980185
-25.590720 57.618876 -34.351582
-26.412818 60.796908 -37.137454
-28.514761 31.309784 -36.681366
-26.982568 56.414323 -35.711369
-27.549612 35.718625 -39.805845
-28.685491 57.561400 -37.949179
-23.675776 50.394708 -41.991506
-17.129412 12.691168 67.072662
-17.476926 10.238972 67.533184
-16.982604 6.590184 66.968079
-17.451150 0.446950 58.384611
-19.715521 16.975519 56.786859
-19.651624 14.892598 55.258724
-15.399518 2.018689 58.911208
-19.106930 31.873101 56.239558
-17.785411 -2.475910 55.633123
-18.234660 -2.436224 52.370746
-19.814873 40.293539 52.305351
-20.077787 -1.256608 50.288790
-18.400818 -0.453449 48.252313
-20.096489 42.920757 48.736330
-21.209511 33.003368 42.688870
-21.311759 26.354119 41.591322
-19.167427 -1.026353 42.148258
-23.783371 48.099085 42.936790
-21.965179 49.786341 43.324957
-21.574663 46.735488 44.139462
-22.057598 53.191991 39.730617
-24.987379 50.141993 40.366434
-22.654325 43.691389 41.048729
-21.246397 34.921277 38.141786
-22.712700 35.422281 37.140615
-18.196951 30.616691 29.569009
-21.232163 -1.006410 31.574344
-22.731088 -0.006221 26.277970
-21.780273 41.905008 30.076845
-23.929365 55.553523 29.228100
-24.334415 60.406573 27.167606
-19.704188 55.518886 19.058192
-20.932503 56.496754 15.813469
-21.150802 52.276696 13.489339
-22.314677 60.832172 12.001618
-20.742980 57.433393 12.376003
-21.440679 52.349294 9.329080
-20.887071 58.347422 8.658084
-23.129245 66.013807 8.649599
-20.614802 1.171165 2.080395
-25.936151 66.917002 2.559861
-19.512098 6.962552 -5.495099
-20.151474 6.927952 -8.458712
-27.013424 64.604900 -6.315899
-22.448723 8.613141 -11.997668
-22.248499 61.183397 -11.366380
-22.912017 58.145165 -10.400584
-24.107966 69.209255 -12.213844
-23.026577 65.177925 -10.757088
-22.090495 3.845765 -14.248468
-18.363933 45.718325 -12.292309
-22.853496 2.495082 -15.605085
-21.808568 9.384405 -15.702905
-21.152714 6.784825 -15.200018
-24.634991 9.064498 -20.519006
-22.289805 5.475553 -19.943786
-24.473487 69.298428 -17.566245
-22.837879 11.933873 -24.096528
-24.253683 70.257306 -21.469607
-25.915150 16.925684 -26.469101
-23.685730 54.343564 -33.109313
-25.154473 25.601827 -35.856506
-24.806134 33.248944 -40.167647
-21.961890 31.302941 -39.469991
-26.926451 43.472862 -42.267231
-25.886695 40.679747 -42.598858
-25.203646 54.625229 -45.139663
-26.997934 57.780301 -44.646501
-16.995580 14.874915 64.112737
-16.716799 3.113351 61.773380
-17.598759 14.208621 60.376823
-19.020549 19.593094 60.411530
-15.432571 5.802432 56.851318
-15.390645 26.106600 58.085054
-16.605734 24.395640 55.121410
-18.824871 36.610209 54.562524
-20.499523 38.689384 53.589815
-20.274328 42.593337 47.015888
-20.441429 35.398814 41.880953
-21.454249 31.485142 44.467184
-17.492694 -0.625716 39.300533
-20.846198 25.546408 39.587647
-19.090897 42.550988 41.111251
-19.587643 40.753281 41.129815
-20.023269 51.722333 42.161930
-22.522036 40.990986 40.832648
-19.883270 37.830677 39.630835
-17.968573 36.136923 37.245259
-24.333103 46.647602 40.438092
-23.471861 45.563705 38.108272
-22.876542 39.196676 38.241921
-22.134578 55.875258 32.802403
-16.215132 0.258823 34.910071
-17.369368 9.031536 30.676553
-18.263760 11.714568 28.912466
-20.967180 55.661961 29.844780
-22.048042 61.429045 25.750771
-22.195008 62.187700 23.981560
-19.935713 63.331262 22.410480
-18.678904 59.483373 18.642475
-19.897859 51.144099 16.752543
-19.921882 -0.398176 19.825771
-18.285092 1.897189 14.652881
-20.136533 49.730445 15.110892
-20.988563 48.819938 12.602051
-19.413195 47.531866 11.361970
-19.554209 50.724223 7.202272
-20.327950 45.533354 8.941135
-20.599584 54.819738 7.404362
-21.170433 62.844366 9.012973
-18.416266 57.020703 6.463292
-22.261989 67.032284 4.376933
-24.530442 66.957512 -0.987053
-24.908562 67.167628 -4.640335
-25.297087 54.131616 -6.982530
-25.337142 59.115893 -6.688156
-25.736909 51.088033 -8.871423
-20.275300 58.739184 -12.322883
-20.939120 67.472127 -13.157082
-19.267526 52.424994 -12.811881
-23.932508 69.621991 -15.072687
-19.694447 56.249809 -16.020376
-20.313285 52.566832 -18.876961
-19.123908 6.254723 -18.679974
-19.363416 12.339711 -18.209819
-23.515092 9.734449 -22.320167
-20.938291 26.523441 -28.971212
-21.320102 64.517769 -33.282554
-20.620069 22.915585 -35.820321
-24.964055 59.625395 -36.030838
-24.353257 63.871924 -37.795200
-21.409871 62.824688 -36.361075
-24.264018 28.777701 -38.135393
-23.327786 48.066839 -40.949777
-25.108020 36.967480 -41.696182
-23.326442 52.374484 -43.313835
-22.876030 46.651858 -42.347327
-27.349169 59.083939 -43.852082
-16.801512 26.361285 61.521584
-15.499866 5.336979 60.779373
-15.156028 7.532015 59.056200
-18.149022 14.600509 57.448845
-15.389476 -1.190167 57.149943
-16.493256 34.154630 54.228673
-15.697285 -2.377148 54.033691
-16.439517 23.796373 50.812747
-15.652663 20.627387 51.045829
-16.602832 42.907662 50.488429
-19.930935 29.160318 40.453206
-17.699819 37.892871 40.825183
-19.106276 1.502367 39.521409
-19.085826 31.330085 37.107004
-18.950401 26.757300 37.289383
-18.356716 7.078674 36.588380
-22.174552 41.991722 35.021429
-19.468323 55.290389 36.400129
-18.647365 25.598750 33.585236
-15.583389 4.252239 33.540178
-19.794506 54.187628 31.165423
-18.262563 -1.309851 31.181254
-16.117521 8.839158 29.064922
-14.719351 34.744493 29.207527
-15.002146 10.500593 28.912042
-16.416897 30.452055 28.026761
-19.807609 -0.919205 25.783241
-19.392059 -0.896487 22.708094
-20.117383 61.787392 26.142094
-19.976210 62.741575 18.879419
-18.987343 50.148259 18.023013
-18.301056 49.484395 15.600957
-20.487818 1.029045 10.037538
-18.312371 43.710255 7.038652
-17.898118 47.573231 6.201741
-19.900758 66.764410 6.082338
-19.577599 60.500759 7.355619
-21.349833 66.620918 1.767598
-21.280551 65.845819 -1.546028
-23.624247 57.339677 -8.322493
-24.382540 61.876643 -7.476326
-19.359119 9.658319 -7.796242
-22.004939 67.998171 -5.594824
-21.844504 46.266023 -10.209478
-20.414635 11.815276 -14.151701
-19.708468 63.926136 -14.089075
-19.170460 58.840812 -15.260050
-19.668281 68.303231 -15.411761
-18.919892 50.968840 -17.072133
-20.290748 60.705432 -19.051992
-17.875647 8.060694 -18.829745
-19.802498 57.526245 -22.138119
-23.263035 70.297398 -19.554225
-21.342447 7.721347 -22.726184
-20.003443 66.475757 -21.985387
-21.302196 63.255730 -22.205791
-22.776073 13.509562 -25.871399
-22.881004 25.045062 -26.328629
-23.144351 17.297259 -28.164785
-21.980968 20.668416 -32.459514
-21.563686 57.867164 -35.287329
-19.422930 36.364710 -41.137514
-22.854207 25.842049 -37.005100
-23.255728 66.679802 -37.256539
-24.375140 56.047411 -35.436518
-20.084689 33.588146 -40.671007
-24.427446 59.601045 -37.062698
-26.108001 62.033508 -40.445925
-22.414462 39.132647 -43.369966
-24.392185 60.757769 -42.781762
-14.344345 10.842911 66.754634
-14.850736 15.292005 65.127090
-14.427994 5.788712 63.260367
-14.194377 22.637581 62.073912
-14.965095 17.959870 62.881239
-16.056265 31.767968 55.471147
-14.939289 8.177279 54.707193
-14.599244 -1.785026 50.526228
-13.389091 22.412013 48.111541
-16.777351 45.202711 46.031166
-15.282411 20.611731 46.271140
-19.156494 40.171427 43.492641
-18.278400 1.070287 37.960015
-14.433332 1.066243 37.086395
-17.724677 49.191004 43.206071
-19.114848 27.783190 38.550311
-18.851357 45.198841 42.416068
-17.271815 53.553771 39.488816
-17.828130 39.373391 39.301097
-15.996132 39.569759 36.530651
-16.914688 54.724843 36.655401
-15.365729 36.357266 32.175761
-15.889996 9.659913 31.229908
-17.393629 33.948878 32.998049
-14.644019 7.178301 31.209930
-18.716091 -0.853431 28.562632
-16.617559 -0.265312 26.896148
-21.226642 59.334837 28.927283
-17.325407 53.146452 18.980513
-17.452163 -0.247625 17.509560
-18.993380 0.358872 11.744111
-19.696843 0.683206 7.227114
-17.100942 -1.644860 4.689102
-18.695046 64.724836 7.517990
-16.246261 52.348110 4.555982
-18.770452 66.427759 2.188332
-19.459555 1.600751 -1.322346
-18.840075 3.741067 -3.991759
-22.488781 63.001530 -9.274279
-21.340602 53.559481 -10.340371
-17.684692 14.193871 -8.200322
-19.288778 11.567272 -9.677235
-21.257044 69.845684 -17.031972
-18.660673 64.526902 -18.266147
-19.040330 50.844424 -22.003758
-19.770394 68.933220 -18.862009
-19.984173 62.556682 -20.616544
-19.899343 68.448427 -20.780942
-18.251438 8.566074 -23.381892
-20.379542 22.740923 -28.362690
-20.528788 54.303923 -33.222083
-18.716392 28.242117 -30.387758
-18.495093 63.670035 -34.873299
-21.788760 27.486523 -38.101554
-23.011281 62.982145 -39.472953
-26.800826 61.029731 -38.321497
-19.832480 37.559567 -42.485576
-22.082690 43.634237 -44.155511
-24.289256 57.840700 -44.411919
-13.679059 24.108595 59.784779
-12.518036 28.640731 55.848964
-13.005215 20.677019 57.229175
-13.203239 16.387445 54.687916
-15.030745 38.116375 52.953238
-15.849955 40.082832 52.935701
-13.534717 39.492132 51.250779
-11.772897 20.843096 52.780936
-13.682567 8.278542 51.793243
-14.457065 35.218578 50.494306
-14.555742 36.730601 48.790792
-14.832928 -0.247825 47.563025
-13.228290 36.323733 46.027484
-14.478080 -1.086572 39.775045
-18.713166 34.720666 39.022094
-16.812687 2.338359 36.750302
-15.926761 4.465493 34.877836
-15.319112 48.143892 40.383329
-15.983222 45.231396 37.836013
-16.664069 41.498483 38.285733
-17.409188 8.242203 32.376248
-16.890249 55.168060 34.407629
-14.062307 -0.996411 31.236917
-17.293178 54.042219 30.354187
-17.700178 58.731462 28.779918
-14.541879 30.818627 25.686345
-18.094698 -0.550198 19.494961
-15.099408 2.562843 15.644721
-17.717809 -0.986091 8.988906
-16.451757 44.311832 2.610397
-17.108752 59.777342 6.247405
-16.470101 46.359419 2.089191
-16.653741 42.057290 -0.484190
-17.105675 -0.252987 -0.759641
-20.141778 48.772078 -10.197080
-18.824558 13.170883 -7.504339
-17.927063 47.663520 -13.788062
-17.844227 50.336611 -14.572085
-18.790111 54.809706 -24.083757
-24.158092 15.528194 -27.649875
-25.154277 66.526203 -27.790108
-24.314669 64.607002 -24.537719
-17.378073 25.717737 -31.913914
-18.884835 21.707282 -31.442465
-16.966670 40.003099 -39.049443
-19.817261 40.889078 -43.992367
-11.435507 13.448084 65.250111
-11.097140 11.846375 62.916273
-12.714333 8.448059 64.168895
-12.549409 11.837840 58.527338
-13.523801 6.427271 57.605641
-13.352287 12.448910 54.550473
-13.826061 12.180912 51.813162
-13.462039 25.129443 53.559849
-13.220384 14.244294 49.100798
-14.622241 41.589673 51.699272
-12.565493 9.730529 50.326655
-12.457487 31.869562 46.316143
-12.718617 -0.661732 43.980993
-16.811192 41.546998 41.627101
-15.074915 52.356481 40.831637
-17.857825 29.918914 33.163567
-15.133178 6.335801 33.695646
-15.280202 43.193828 35.482689
-14.445120 40.010788 33.316307
-15.616269 -0.947832 29.034080
-14.720744 -0.421102 24.884273
-16.135546 55.216762 19.418750
-15.155516 -0.559870 19.398102
-15.606150 -0.095578 13.222477
-16.424508 -0.830031 11.332971
-14.037648 -2.500786 9.231372
-14.935448 60.822306 3.875430
-15.822973 50.461183 3.252831
-16.343557 55.269489 5.356794
-15.496754 53.852811 2.717064
-15.037115 47.463152 -1.478365
-14.677971 39.571881 -2.135981
-16.730408 10.977362 -7.435038
-16.521761 45.826463 -15.050649
-17.404130 9.422956 -25.129980
-19.237829 12.523532 -26.451987
-12.960614 31.434590 -26.251316
-19.905049 14.498027 -28.019094
-18.324270 56.527416 -34.566354
-20.125417 56.418932 -34.913433
-20.275271 47.653117 -42.579114
-18.773743 51.440948 -40.820644
-16.988907 40.258455 -41.094103
-19.855523 44.384942 -44.348016
-20.668078 61.036810 -42.505211
-21.708721 56.980908 -44.468527
-11.220290 11.506519 64.895505
-11.875290 17.619647 64.001783
-12.367869 20.254793 62.075737
-12.024718 17.775128 58.336770
-12.012935 0.835324 59.728442
-11.915588 15.638196 58.083187
-12.428155 -1.925726 54.843385
-14.529691 32.408411 54.331911
-12.749001 33.658677 52.515435
-11.961768 31.066690 41.863391
-14.478621 47.167480 43.290337
-15.763028 44.303184 41.316856
-15.659703 40.447119 38.546165
-16.310436 38.720441 37.549219
-12.294577 3.300376 37.671734
-16.935993 35.503856 35.361995
-13.891672 48.267623 38.096886
-11.783211 49.046283 34.053605
-15.365129 34.467461 31.680849
-14.727021 42.949615 32.326553
-14.293240 41.126035 31.512716
-13.568007 45.099826 30.183746
-13.676649 39.059021 28.809854
-14.003450 8.152131 29.406520
-13.640163 43.477566 25.418099
-14.446580 40.860906 25.331546
-13.105942 34.815471 25.797072
-16.154498 62.180805 25.453069
-15.302296 63.071027 22.179820
-17.085573 62.222431 20.299147
-14.168527 60.144780 19.439498
-17.682181 46.502384 7.608704
-15.572168 64.325680 4.978702
-14.961566 57.502430 3.840448
-14.819321 57.235267 1.119624
-14.906619 51.829674 -0.034321
-14.742145 55.861780 -0.325041
-17.549224 68.207324 -2.613669
-15.844312 42.298928 -2.810281
-19.934357 69.221580 -8.416078
-19.309985 66.112296 -12.917222
-21.727982 66.617702 -9.727255
-17.324170 12.279067 -9.816291
-16.559419 8.741379 -10.108453
-18.876639 14.915981 -12.351160
-17.047885 10.632468 -13.610950
-16.604929 7.785707 -13.368286
-15.255073 11.313667 -17.688980
-15.515217 13.551444 -21.485032
-19.938104 17.153950 -29.995811
-22.434304 69.504693 -26.746943
-16.461412 60.330398 -35.352818
-17.821109 21.895891 -36.177003
-16.103482 48.355310 -39.954404
-15.005715 22.514039 -36.479478
-20.100358 28.358604 -39.402074
-18.455762 25.818634 -39.021555
-20.124782 54.547503 -43.461195
-18.180672 47.222552 -43.025930
-20.487247 64.298768 -40.160647
-11.207022 4.096206 62.170309
-11.764368 7.431727 60.184100
-9.655704 -0.943482 57.293967
-11.756856 30.125438 55.032133
-12.018257 31.721051 54.376601
-12.063587 25.213978 52.364255
-11.108974 -1.888079 49.348853
-12.038532 43.429436 50.058936
-11.450595 46.811252 46.359149
-11.016082 7.114086 38.291598
-10.855908 4.427634 38.910598
-12.120338 8.333925 35.538507
-13.022045 54.896742 38.214067
-12.360273 52.114736 39.086091
-14.929133 39.402669 35.015863
-11.512602 51.302451 37.386638
-14.196587 45.582281 33.818154
-14.310234 37.487904 32.203515
-10.676543 9.189539 34.907086
-11.921978 47.782988 31.553929
-13.718000 33.492887 28.453667
-11.575487 10.335922 31.157758
-12.195136 0.872459 36.677918
-12.500919 -1.240442 34.108435
-11.436484 -0.288426 27.809848
-11.135286 46.278280 24.766844
-11.831651 41.648610 21.866486
-12.573057 38.838598 22.723408
-13.237460 3.817058 15.795334
-18.751882 64.054999 15.834212
-20.052407 61.503100 13.398237
-19.732473 57.164944 15.604198
-19.255201 52.475389 13.936580
-20.135011 57.454911 12.941492
-19.990787 55.964700 10.648018
-18.090421 59.161368 9.673138
-19.628575 53.222793 9.807070
-18.578283 49.980335 8.045570
-13.815952 -1.449710 2.195560
-15.059890 67.272339 1.800609
-14.053017 59.970946 0.532096
-13.661490 2.034612 -3.701899
-15.954179 7.372052 -6.595436
-20.219331 63.685524 -12.422913
-18.385661 56.375834 -12.139508
-14.865418 5.912412 -10.582815
-18.874869 59.939090 -13.181379
-15.315687 6.131761 -13.671098
-14.106547 7.085025 -15.057396
-17.550382 15.112597 -18.477492
-15.234171 10.344773 -23.339615
-14.873666 12.424327 -26.324329
-21.238988 69.826964 -24.465484
-17.002391 14.781638 -29.499238
-22.914653 67.152841 -24.286401
-20.046394 65.845617 -23.443317
-22.910890 65.028426 -31.234723
-16.503023 21.614073 -33.486624
-16.046465 27.904719 -32.000397
-16.094873 44.577857 -41.787924
-13.677883 41.467466 -36.626324
-16.764723 54.692097 -33.402840
-20.195967 60.978437 -36.837047
-18.418418 58.623887 -42.617757
-10.204845 15.828564 61.864134
-11.746846 9.249193 56.888600
-12.075328 9.183041 54.381498
-12.014419 17.835705 53.717533
-10.633600 27.306471 52.084452
-11.341450 12.932221 55.102940
-10.685810 30.878680 49.814993
-12.281133 14.776318 51.127100
-11.364168 38.663228 49.565320
-9.631558 22.607923 48.900697
-9.958409 -0.564268 43.993903
-10.818782 1.237102 39.875550
-14.246634 46.427047 40.951210
-14.765819 42.265914 38.136858
-13.983248 44.965648 38.755578
-12.158144 57.243180 35.748651
-14.153242 57.856046 34.356199
-16.161408 58.198657 30.885740
-11.935094 5.157482 34.996344
-12.791744 2.829337 36.337611
-12.795713 -0.528736 20.809510
-12.015414 0.638508 17.592549
-18.314145 52.523452 17.310691
-11.664942 -0.939980 12.955512
-18.498612 58.378028 16.714414
-18.969047 65.310056 11.554795
-17.934230 56.212131 8.424940
-12.111058 43.829238 -0.203240
-13.267968 63.809176 1.548521
-12.637531 62.597240 -1.965062
-13.300168 66.897038 -1.334577
-11.192071 48.312489 -3.023450
-13.875261 44.816155 -2.100213
-13.043214 5.282432 -6.508507
-14.125853 69.217382 -6.034427
-14.041376 15.224611 -20.417532
-13.714247 17.662716 -22.865693
-14.607290 14.065058 -29.150414
-17.394260 54.096990 -23.285047
-19.272440 63.011397 -23.643190
-18.201661 17.132578 -31.754312
-17.891739 21.592741 -31.415365
-19.763320 68.176792 -32.821243
-20.531574 69.594159 -29.869890
-14.536341 44.759026 -37.946573
-15.655704 26.205683 -40.752973
-20.626135 65.293998 -37.932532
-17.771309 33.314584 -43.031710
-17.894497 29.309378 -41.171616
-8.723554 4.639919 63.271291
-9.146735 7.549826 62.592211
-9.028457 2.013992 62.146784
-9.657262 9.591252 60.570784
-10.957131 12.286229 56.639237
-10.746884 16.937752 56.520568
-10.356998 30.231621 52.039540
-11.884041 11.568514 51.618343
-8.974505 -1.811748 50.002774
-10.951054 41.593715 50.727713
-9.818465 27.918781 48.694754
-9.611720 -1.324870 46.798549
-10.584461 37.942725 43.705803
-11.383884 34.667301 42.037499
-9.711734 0.145677 41.356235
-12.282522 48.658481 40.444538
-12.828954 45.087611 35.939279
-10.668946 31.618986 37.629490
-13.023681 41.962498 32.788169
-9.864482 52.680765 35.001056
-8.957002 -0.337245 35.205045
-12.538932 36.894637 29.131854
-11.560978 -1.125585 31.123800
-11.253834 48.599650 29.159046
-13.976812 61.887255 28.054947
-10.502592 -0.029173 24.739390
-18.054966 62.712789 18.135745
-16.600851 55.973760 17.863529
-16.930838 66.441136 13.851847
-16.332896 59.228652 17.264817
-15.577010 66.870416 11.539502
-18.234036 63.181416 9.643564
-17.740518 53.381230 7.729420
-11.874881 -2.274208 5.290679
-10.112112 33.910347 3.482112
-12.453733 38.417345 0.158281
-12.337006 64.041558 -0.475399
-12.884246 54.149674 -1.057605
-12.128798 64.825082 -4.488120
-11.161693 65.663806 -5.366732
-12.903173 61.688383 -4.798386
-13.734893 69.073958 -9.079140
-17.072327 69.360484 -10.387541
-16.887708 51.930910 -13.465971
-16.101705 68.141619 -13.481820
-14.954975 49.239731 -13.280144
-17.719198 62.658367 -14.902414
-17.428385 65.650846 -15.547376
-16.170200 57.711483 -17.207123
-18.477825 54.976514 -19.573906
-16.483782 70.638460 -23.057454
-19.352969 69.418554 -23.426984
-18.562968 70.539948 -27.277873
-16.924296 24.582922 -31.131591
-16.108758 18.668842 -32.864037
-16.734241 16.807807 -32.053113
-14.660967 27.210303 -34.025476
-13.681595 23.352776 -36.316109
-12.046295 28.854214 -36.341653
-18.580703 66.003272 -38.769429
-16.147488 59.991446 -36.025486
-17.170140 57.303519 -35.082375
-13.561566 24.754141 -39.467507
-15.194903 32.027815 -44.306325
-17.769298 61.929190 -41.422407
-8.117165 0.587708 60.672381
-6.241301 10.422613 60.949060
-10.075070 11.392343 58.839308
-10.321763 19.732066 56.308970
-9.293120 15.246495 58.086000
-8.884823 -1.704815 54.782642
-9.228299 25.263768 47.560883
-9.426905 39.510989 46.875766
-9.966351 39.059221 45.155649
-7.099325 5.367750 38.904282
-9.446717 36.809070 39.769965
-10.958809 48.400909 36.914094
-9.600198 9.832599 31.871360
-10.206530 54.352877 36.560533
-9.504017 5.315070 35.031261
-9.728650 51.637061 29.884111
-9.432980 -0.810360 30.492907
-12.153493 59.476686 32.798418
-9.913027 9.339446 31.954097
-11.255435 61.776252 28.839837
-10.949181 63.134529 25.933031
-10.308496 0.097701 20.925830
-14.504775 63.707994 19.289875
-15.968566 61.874685 18.762051
-13.987719 66.697934 15.262323
-9.255372 3.189887 15.954001
-15.243289 61.123994 7.195960
-10.554944 -2.060414 9.270990
-15.927813 64.702738 7.647631
-16.024503 54.362910 7.395419
-15.153471 49.141203 5.585597
-10.025032 -1.594942 5.408321
-15.566869 45.300256 4.862305
-10.298812 38.711072 2.704856
-11.654355 35.749925 3.912086
-13.632751 60.103773 -3.327777
-11.342763 43.322734 -4.003943
-11.761917 4.315237 -10.026180
-13.428957 52.432808 -13.027038
-15.601073 58.889339 -13.645597
-11.652624 4.600979 -12.905896
-15.853582 67.541566 -15.659896
-17.218615 53.414638 -17.141699
-18.029110 60.344201 -19.427190
-12.474487 15.289287 -25.869671
-17.078007 70.154322 -30.134288
-13.515512 53.898669 -33.039702
-14.793875 70.157480 -32.683771
-15.711294 64.859397 -35.142478
-13.974343 57.484271 -34.491246
-12.101383 44.078781 -37.931637
-12.095019 27.174739 -38.215780
-14.963448 56.406481 -34.397478
-15.152059 66.943014 -38.527929
-18.040079 62.444536 -36.657779
-17.062645 66.033514 -40.517533
-11.462578 27.622567 -41.206089
-14.444742 28.651165 -42.989574
-17.175999 57.080522 -42.958956
-6.416974 3.571145 63.287853
-8.135192 17.757434 58.434814
-7.947506 23.199674 58.447625
-5.243059 -0.784326 55.998409
-8.628793 23.806306 54.307698
-7.452727 -1.645996 53.045416
-8.876110 34.771568 53.405407
-10.782489 32.662596 49.173596
-8.709159 41.949846 49.121619
-9.784480 28.768129 49.079188
-7.750530 44.807923 48.041423
-10.618650 35.582868 46.679767
-10.975828 32.611869 45.926824
-10.324132 29.966603 47.632104
-9.913536 37.848259 44.238292
-10.398174 49.510495 43.756246
-11.189463 32.522444 41.617680
-5.772483 4.481109 41.245558
-8.186343 2.233560 40.798714
-6.905218 22.497016 44.391133
-8.670528 40.742493 42.274701
-10.336812 50.206690 40.372606
-11.404100 45.931805 33.763693
-9.420381 58.771920 33.126978
-8.935945 55.256544 34.775166
-7.773746 55.159698 32.749548
-11.597232 36.915068 25.348040
-7.698528 -0.559023 26.820810
-11.708973 62.727951 21.350992
-8.059512 50.915340 24.567756
-8.500607 45.269355 22.961377
-6.754041 -0.180289 18.306840
-11.603350 66.194971 18.653231
-8.707076 1.381905 14.545234
-11.669915 67.077953 12.241031
-7.928870 -1.722399 11.147056
-14.429920 58.350226 8.058118
-14.124273 53.657782 6.847908
-10.966044 40.843964 -2.657512
-9.305408 4.381803 -7.658391
-15.367685 56.298719 -12.903554
-11.869138 49.633088 -14.306627
-14.380644 62.474945 -15.336581
-15.058103 55.930345 -14.583447
-11.926018 8.227436 -17.875669
-14.920994 50.812756 -14.158194
-17.657978 51.181901 -17.544216
-10.750372 10.391721 -19.979280
-15.935477 64.116544 -19.031470
-11.907944 19.983646 -25.207528
-16.639787 67.573512 -20.078687
-11.349134 26.298523 -25.936701
-13.772456 70.253161 -26.379200
-14.852242 70.096528 -29.080278
-11.580123 34.071229 -27.983598
-11.837647 16.299357 -31.476439
-14.844952 25.821940 -32.572524
-14.503346 22.323286 -33.609663
-16.183152 64.860466 -37.418060
-15.088550 48.229247 -41.499638
-11.577565 45.331908 -41.163234
-15.661265 55.241874 -43.083966
-15.659269 61.013171 -41.878092
-14.964627 57.045494 -42.985189
-16.885592 36.472543 -44.591676
-11.626734 31.331681 -45.212531
-8.366196 31.615701 54.249534
-9.848373 29.870437 51.276059
-6.146695 28.673104 54.768854
-6.680872 -1.279477 49.823815
-9.038118 37.748184 50.512194
-8.180470 26.696714 50.743570
-9.051393 38.551102 48.306905
-5.727574 0.114177 46.973305
-5.859751 1.357557 44.102290
-9.390119 28.373810 44.668829
-7.115601 48.487968 45.150528
-9.587944 37.278545 41.137598
-6.943207 50.299462 41.511043
-7.335616 25.843023 42.661005
-10.600656 34.832309 40.773031
-7.623958 39.918443 38.423770
-8.983860 35.041587 37.158496
-5.733995 36.517658 34.177028
-10.650063 46.356989 29.414708
-11.967146 42.582063 28.134308
-6.229842 -0.291060 32.946945
-11.626118 38.588424 26.987733
-5.951977 55.530975 26.454390
-12.005071 41.826661 24.958028
-4.730843 47.905050 18.474186
-9.838419 66.363564 14.968977
-9.800569 67.355504 11.230462
-13.663530 66.488652 7.032139
-13.410310 56.535367 5.975665
-13.424625 63.461923 4.947218
-12.550311 49.716667 -0.307178
-10.389399 1.003568 1.548278
-10.872546 4.131191 -1.338574
-10.552914 58.517508 -1.170520
-10.565401 55.726111 -1.034669
-9.408508 51.725486 -2.767391
-11.814178 54.319209 -12.735510
-14.208453 65.664347 -17.096348
-11.192677 6.166798 -15.433188
-13.382064 59.555408 -15.449032
-14.676469 60.724323 -18.696398
-13.201991 58.091271 -19.285445
-11.358216 15.639333 -28.122555
-12.179634 63.401064 -34.626005
-15.607955 62.633158 -36.830749
-10.621566 31.543960 -37.352961
-11.865053 62.673001 -36.998261
-13.472683 52.199902 -42.238394
-14.933519 64.223652 -41.750550
-11.061412 29.020057 -43.908472
-12.993471 35.721773 -47.394880
-12.851260 34.044669 -46.742950
-5.355188 7.681637 62.612262
-4.805513 1.216403 61.661212
-6.054866 20.618761 60.395263
-6.117389 25.087178 58.787005
-5.722922 15.704720 59.062107
-6.010083 25.483094 54.897081
-5.658657 31.609230 55.848562
-6.412138 24.009068 53.344883
-7.684150 37.102165 53.155204
-6.344704 22.955215 50.424836
-8.664714 26.794872 47.124841
-7.341697 40.353235 48.861050
-5.616833 3.285899 43.854303
-6.552809 42.343266 44.194787
-8.662184 39.350686 43.896139
-7.500182 38.792574 39.420150
-6.947976 7.068192 32.449992
-7.591231 7.038309 32.247406
-6.557581 3.951544 33.728538
-5.824185 2.166139 33.838912
-6.950628 58.626665 31.260533
-6.141860 -1.145113 29.329159
-10.797053 43.091483 23.974991
-7.157126 10.110354 29.101445
-7.181687 -0.499235 22.767512
-9.591755 63.363050 23.761370
-7.522330 65.694682 19.717642
-7.470174 65.013702 13.754229
-10.564399 67.532572 6.248745
-13.377449 53.706902 5.306599
-12.387421 66.424895 5.046645
-8.853900 34.848123 4.410632
-12.096502 62.460880 2.522698
-6.304632 0.527361 4.559238
-8.559809 31.709642 1.544102
-10.564569 37.310010 0.668558
-9.444462 44.514999 -6.197903
-8.482939 3.479895 -11.425370
-10.429524 67.722658 -9.891760
-13.156105 58.011599 -12.904301
-10.882592 68.733760 -15.233126
-12.943705 67.338213 -17.073333
-14.588421 54.409198 -13.999768
-13.426459 68.227061 -18.376678
-12.321161 62.909829 -19.393689
-9.898160 56.291343 -22.816800
-10.566405 22.828396 -25.498863
-10.377132 16.382567 -23.654165
-9.391953 18.765452 -27.238248
-9.225227 28.515433 -27.877175
-10.729131 59.911544 -33.687061
-13.173295 58.936833 -34.021333
-10.702248 17.450693 -33.726129
-13.512988 26.046719 -34.692431
-10.087413 54.377091 -34.136980
-11.712419 57.152244 -34.737105
-11.630589 59.156023 -35.703099
-15.617246 40.540907 -42.939759
-12.823967 67.370032 -41.434421
-13.794157 38.389802 -47.198105
-1.638442 7.642249 61.313760
-4.320708 23.385012 61.194882
-4.301217 9.568847 60.653678
-3.060920 0.396395 60.282794
-3.688176 11.485109 59.713783
-4.603697 -0.292683 50.927035
-4.313100 39.944073 52.106770
-5.453020 24.888423 52.526081
-6.856600 23.964449 47.313450
-3.683779 1.455145 47.020354
-7.191280 40.367695 43.274043
-8.082052 6.859240 37.095595
-8.208774 52.627539 37.917917
-9.423005 48.443062 32.523317
-4.735819 5.784902 31.165136
-8.782449 46.514196 25.472875
-7.310195 62.442621 28.297470
-4.632125 59.550390 29.461253
-2.886059 7.906615 29.240845
-5.193024 52.328832 20.799047
-6.236207 65.640985 15.725049
-4.339395 59.627354 12.590424
-13.104616 57.027892 2.744805
-13.129824 52.538509 1.635635
-11.802372 60.083389 0.903911
-11.018393 58.059060 0.310165
-7.118456 34.707862 -0.051307
-7.257233 32.216200 -1.798518
-8.080958 5.841346 -1.901178
-10.639890 61.552473 -1.931858
-7.679045 46.955491 -6.663915
-10.012465 63.795879 -16.550466
-9.152828 5.702677 -15.490391
-12.845059 56.678086 -13.676051
-10.001013 9.091419 -18.885271
-9.386401 11.871485 -22.782987
-11.335899 65.453578 -19.653968
-13.064827 70.409462 -20.447483
-11.518491 59.802388 -20.451296
-10.018947 29.976339 -26.985685
-11.786976 69.964288 -21.290605
-8.771275 66.199051 -21.356981
-9.875051 62.461967 -22.726139
-9.322616 33.459536 -28.956374
-10.886587 56.842771 -32.332296
-8.513366 30.728518 -29.168176
-12.578292 65.863609 -36.149873
-12.766812 23.531476 -36.666521
-10.102616 42.271493 -37.620110
-12.637275 42.251743 -40.111096
-12.099896 66.416315 -38.718259
-10.001068 30.235231 -40.605855
-8.399692 32.773945 -43.579414
-8.665400 33.349816 -40.817037
-12.263585 59.156913 -44.799412
-4.583188 18.339359 61.222346
-3.400370 26.516093 59.856964
-3.170709 -0.209888 53.683014
-4.707859 33.584791 55.268627
-5.105605 35.133371 53.878651
-0.928749 0.179149 51.646403
-5.466001 41.642916 48.364116
-5.545767 41.506804 43.454534
-4.569941 44.353740 45.036223
-5.304713 42.797951 40.432876
-4.537362 37.971212 36.309625
-5.833670 2.939353 34.839987
-8.539581 52.038359 33.902683
-2.531645 34.380534 32.485965
-3.728436 2.254162 31.527201
-8.155442 49.300243 28.119993
-4.374930 -0.128417 28.253173
-2.359344 0.252800 27.259143
-4.277853 -0.625863 25.354982
-3.879574 58.524518 24.413025
-7.862898 64.649948 22.174231
-5.557342 54.786132 18.385078
-5.758304 54.584093 15.517835
-4.679429 51.957085 16.013387
-5.631414 -0.435627 13.044227
-4.936504 54.383305 10.922348
-6.503492 66.928007 11.375075
-8.331855 67.720195 8.098357
-4.557153 -1.005437 6.962689
-10.032646 66.685545 2.358151
-11.167159 55.732509 -0.176476
-9.268774 44.430046 -2.119612
-5.223058 3.776254 0.189380
-7.437743 37.629871 0.439007
-5.421721 36.750032 -1.357686
-7.769027 42.030563 -2.528146
-6.328304 4.155434 -4.973714
-9.086167 62.707966 -2.703159
-7.737992 58.010065 -2.861286
-6.963126 49.978427 -5.897978
-5.574115 34.409177 -6.564844
-10.972230 55.153511 -13.907032
-8.231155 69.556011 -21.538837
-7.639729 53.063310 -24.411871
-11.221919 70.677575 -22.951656
-9.075017 60.968391 -24.539987
-8.466888 25.447479 -25.941587
-9.890482 70.769316 -27.009943
-5.969842 25.889497 -28.939980
-8.716167 17.369952 -31.262436
-10.042209 71.063841 -30.175045
-10.764217 53.433281 -32.493385
-5.769204 30.789170 -30.788235
-11.060961 70.133579 -35.199859
-10.385899 20.075663 -37.588276
-8.873091 62.205333 -38.201725
-8.022130 65.137045 -40.315076
-12.546989 56.498299 -44.535536
-12.778712 63.357568 -43.392068
-0.679794 5.116597 62.413805
-3.014524 16.103412 62.864063
-2.265702 14.521705 63.456217
-3.453083 13.495843 61.689487
-0.581109 -0.635893 58.063237
-3.026614 35.284725 53.363973
-0.485247 34.206154 50.704738
-2.414950 42.883510 48.638781
-4.281363 47.857072 45.268871
-3.697027 42.702089 43.981188
-3.112269 40.196607 39.226582
-4.236263 0.918509 43.373912
-6.249865 2.384236 37.981189
-3.678052 52.245286 40.614974
-6.529237 55.342852 36.335241
-2.969617 39.759372 34.288935
-4.708520 7.751417 29.944326
-7.314006 51.859598 28.136357
-4.100902 61.104545 26.913293
-2.643088 0.535320 24.772160
-4.325223 63.405737 23.788537
-3.555540 -0.230539 22.961134
-4.608436 57.011753 21.473825
-4.166738 -0.707412 20.757705
-4.484363 65.254299 19.605004
-5.906043 1.059195 15.886884
-3.870153 59.256042 17.153075
-2.317186 2.224505 14.755928
-3.561023 64.762342 16.634784
-3.781834 62.372115 14.396237
-3.683160 -1.590354 10.088093
-6.099411 63.381507 13.042951
-7.626858 37.639016 2.338914
-8.153355 39.712613 0.376549
-7.915228 56.086097 -0.440166
-9.450286 52.605529 -0.911711
-9.192746 63.563242 0.029523
-9.046945 48.753216 -2.089398
-5.860856 49.188011 -3.692500
-3.992218 43.855445 -2.251662
-4.786200 35.186149 -5.134690
-4.280284 35.950001 -8.496902
-5.643728 1.921280 -9.176547
-7.900969 58.373529 -14.793177
-8.518819 55.295525 -14.918259
-5.005863 1.769229 -14.152017
-6.892939 4.108524 -16.679685
-11.166230 61.647598 -18.004830
-7.504542 7.690180 -20.948771
-7.090011 15.036944 -25.787860
-6.608486 64.889689 -24.335595
-7.679864 22.704448 -28.029588
-7.814674 19.043143 -29.238967
-4.852841 33.857995 -32.544659
-6.919564 19.097093 -31.979127
-7.960681 43.695694 -38.207639
-10.613567 27.184733 -38.946551
-12.349640 22.732623 -37.874379
-8.300628 32.833356 -39.036324
-11.660012 54.431488 -44.358687
-12.559816 43.336658 -43.811097
-10.226409 64.040940 -45.292744
-9.419506 61.027163 -46.661785
-8.287262 33.554984 -47.179714
-11.029888 39.905360 -49.482776
-1.486203 19.589687 62.921813
1.660201 1.356094 60.465587
-2.202506 28.498778 58.440854
-1.663150 10.284753 60.420924
-3.563362 27.903603 56.413109
-2.620863 30.074578 56.617817
-1.302436 37.981369 52.142136
1.047493 33.397359 47.505655
-0.370930 -1.034763 43.713612
-2.616477 46.961278 43.585355
-4.863241 -0.019703 39.518640
-2.820386 41.411752 36.473256
-5.810615 56.512028 33.056315
-3.212437 47.085944 30.524092
-2.419583 43.033556 31.985165
-7.427193 52.900790 30.540288
-6.891647 54.193352 31.183642
-6.101687 51.792344 25.282483
-5.997836 49.760656 23.704381
-3.350561 59.316931 21.290929
-2.862929 -0.605774 18.572348
-3.735761 0.526175 16.099961
-2.641369 61.576912 19.822022
-5.711871 67.715043 2.346043
-6.729171 35.365967 1.725858
-6.803218 32.594756 1.720751
-5.136763 39.468848 -0.685511
-8.363891 60.735993 -0.116216
-2.930447 1.745600 0.907893
-4.824910 40.323332 -2.460887
-4.750201 33.190367 -3.625080
-8.345253 66.957308 -4.600055
-6.407436 59.224942 -5.113601
-6.417516 53.965438 -5.106914
-4.883911 36.575887 -11.604085
-7.745473 69.490068 -10.447929
-5.156496 37.739104 -13.599185
-8.786593 66.747978 -17.519432
-10.153330 59.972226 -21.395479
-5.975092 2.811265 -21.287303
-6.686585 6.361114 -24.642650
-6.188789 23.533186 -26.128732
-7.271001 71.170958 -25.630699
-6.685762 60.644050 -26.153834
-8.504324 54.866673 -33.812084
-9.622789 23.958452 -40.923160
-7.448376 55.205741 -36.588017
-7.146125 57.241130 -38.038528
-9.720037 42.791939 -40.256379
-10.616579 58.006622 -46.254761
-8.081566 66.567745 -42.925597
-1.377975 12.757641 63.667778
-0.515843 1.931943 61.581194
2.215263 -1.123345 54.191065
-0.201871 32.608720 55.621167
1.882036 -0.496582 47.540676
-0.743301 43.905612 43.787151
-2.664297 -0.923651 40.924661
-3.443957 -0.631913 38.025312
-1.575455 44.282952 39.546320
-2.583390 55.127049 37.499423
-3.339560 4.599733 31.715269
-2.286298 47.643244 33.486922
-0.064745 6.784414 32.219108
-1.351677 36.257609 29.911159
-1.883768 48.339941 27.883667
-5.002140 55.153912 27.927355
-1.291783 0.487646 21.961452
-0.708827 -0.067812 12.866237
-3.598662 64.218561 13.122915
-3.681343 67.494036 9.320958
-3.230505 67.546166 6.479738
-6.283604 68.061062 4.720861
-7.390075 58.144861 -0.775972
-7.161597 53.470771 -1.493718
-7.602607 67.057153 0.720970
-6.707359 65.269961 -0.508328
-7.145541 62.515845 -1.002598
-4.776502 5.073181 -1.957027
-3.965201 3.012285 -4.695837
-2.392189 37.573294 -5.657986
-2.664554 1.922181 -5.462956
-6.328316 66.933041 -4.200651
-5.526251 63.731557 -4.643616
-6.928304 45.156959 -4.488637
-5.161239 68.883103 -5.419040
-5.091023 46.622131 -4.784895
-8.702122 68.028958 -6.214319
-3.121978 34.670203 -8.374804
-6.113695 69.533729 -6.796989
-3.774291 37.451782 -10.415448
-4.692243 1.240931 -11.830939
-6.565718 62.495636 -16.679035
-3.685030 39.362791 -12.724527
-8.334756 69.307221 -16.069158
-4.224255 1.648479 -15.998847
-4.547747 2.015281 -19.484590
-9.317243 61.197886 -15.770483
-6.923473 59.174988 -16.452554
-9.363263 62.763698 -20.245133
-8.898254 61.567823 -22.589110
-5.855106 3.086377 -25.077673
-7.432015 19.394301 -25.163864
-8.074226 32.194109 -26.675813
-5.801329 19.807627 -26.706569
-6.084602 11.123240 -28.008619
-5.912792 68.396611 -22.846085
-6.338047 16.381717 -26.798369
-5.971201 14.480326 -29.339782
-4.998523 5.715826 -29.232820
-4.298722 27.243538 -26.821052
-4.611266 63.858509 -26.666415
-5.094344 56.485327 -26.838162
-6.519894 20.463603 -38.187152
-8.870323 29.571104 -44.258150
-11.159984 48.563581 -43.204318
-8.869258 54.846164 -47.115608
-10.355159 43.407667 -46.838960
-6.297149 64.279122 -47.804276
-7.559955 35.081909 -49.920889
0.706604 16.153026 63.602599
1.697723 12.660847 64.257017
0.069582 20.829622 62.615303
-0.561210 25.359697 61.128590
1.568480 28.840309 58.660206
-0.993131 40.842971 50.704492
0.928109 33.377632 50.142783
2.431571 31.005424 45.675609
0.329727 53.230443 37.483350
-1.844835 1.192836 34.385328
-1.243979 44.113438 35.764855
-2.327965 2.769528 32.795732
-1.735544 56.867720 34.106482
0.458110 6.614125 29.450409
-0.536149 0.910345 29.903706
0.112390 42.677111 21.852202
-1.733022 65.887642 12.259990
-1.741702 0.044340 4.118172
-3.930217 34.497877 -0.709955
-3.821127 64.202177 -0.941820
-5.776418 60.504611 -2.722109
-5.236760 57.517024 -3.760567
-3.508224 38.521995 -3.296517
-4.063657 42.204446 -3.119417
-1.793950 0.875116 -8.386581
-4.509238 61.699801 -6.086378
-4.141902 59.523482 -7.181486
-3.155571 52.992511 -8.430063
-3.142716 50.548934 -6.989525
-3.918735 57.923358 -17.317222
-4.558277 68.387239 -15.403552
-3.914236 64.448232 -16.146836
-2.673866 41.786125 -14.772156
-4.025931 40.064150 -16.452416
-3.446478 38.075342 -14.171615
-6.232931 63.141536 -17.631557
-2.862829 0.564187 -22.658456
-7.055893 64.765029 -21.067968
-2.273034 0.457400 -24.779238
-4.167227 51.325946 -24.712773
-4.995984 30.971888 -26.658964
-4.317339 2.399739 -27.448366
-5.255328 70.726455 -24.866899
-4.174469 18.398015 -29.654978
-3.804000 2.624343 -30.123758
-7.513876 71.508033 -29.480121
-6.974953 71.372698 -31.771928
-7.952015 56.409240 -34.299420
-8.308965 70.995012 -34.490145
-9.397599 62.106676 -35.772896
-5.735919 19.519929 -33.317773
-9.033684 65.140832 -38.535065
-8.901079 68.149841 -38.262518
-3.090331 30.769338 -33.562656
-5.643021 54.776119 -37.013277
-9.095622 30.654249 -41.432703
-6.672820 45.570531 -45.282578
-2.898504 61.382740 -43.885388
-6.771996 43.193438 -51.607722
2.995840 10.410120 63.719442
1.702431 9.363288 62.831474
0.611318 22.718219 61.978597
3.122363 22.278011 60.419412
2.179874 7.685150 62.070512
2.434229 5.199407 61.823729
1.095533 31.104982 57.012257
2.269676 33.000823 53.080995
1.010724 35.130726 49.518035
1.502002 44.318461 47.303103
-0.689287 46.929043 42.053952
-0.051978 42.056559 40.205204
-0.636855 39.394540 35.189802
2.138408 -0.059581 36.506630
0.283270 4.277972 34.507015
2.232121 3.321372 35.668173
-0.959920 -0.281297 36.567908
0.008388 48.587548 36.221651
-1.602684 36.567489 34.819326
-0.217831 49.599407 33.627447
-3.545345 58.600550 29.806615
-1.335560 61.573326 26.346441
-3.389358 58.549396 25.800207
-4.070431 54.733219 24.486895
-0.005090 -0.053460 25.158881
-3.738139 53.866215 21.768569
-0.058967 0.004596 18.096614
-0.165893 -1.383592 10.315649
0.387544 62.704547 10.961831
-1.043979 62.467897 13.765514
-2.022698 -1.512067 8.979905
-0.972673 65.990356 7.433864
-1.899416 56.195589 13.053529
-0.988276 64.095479 5.914505
0.764665 59.640506 5.683864
-0.131372 60.975261 3.589556
-2.627302 67.149472 3.847223
-2.400338 64.347476 1.080939
-3.622545 47.417492 -3.495148
-2.573963 39.070440 -2.108492
-5.145658 52.365651 -3.745649
-2.385699 61.855664 -3.369984
-3.269569 54.292616 -4.619765
-3.271054 50.252345 -4.245112
-2.460905 4.307879 -1.486341
-4.295502 69.977634 -9.267216
-2.412478 56.804269 -7.533662
-1.504952 39.362947 -10.917976
-4.281721 69.690581 -13.014021
-2.039853 1.531042 -17.413070
-6.667127 59.768547 -24.746156
-5.606307 33.027143 -29.142261
-2.629101 51.745132 -27.701454
-3.467787 69.202463 -24.745963
-2.863625 65.193659 -26.273782
-4.785629 8.347690 -31.335019
-4.080380 71.333661 -30.938598
-2.976607 22.482102 -31.748955
-4.767306 11.851214 -33.998130
-2.587829 5.569207 -34.617378
-2.051810 2.028423 -33.887656
-3.555813 15.782431 -34.519975
-4.149962 8.690362 -34.565181
-8.341975 59.086141 -35.232471
-2.211581 21.008340 -35.074258
-4.232626 70.094815 -36.264869
-8.205713 61.562324 -37.322495
-1.548976 34.862297 -34.775365
-3.049692 13.649936 -36.869087
-7.229875 33.029310 -41.781711
-4.826979 42.960062 -41.532127
-4.892180 57.157973 -42.018503
-9.463857 50.358915 -45.358892
-7.713276 24.563704 -43.745985
-6.410318 60.678248 -40.709461
-7.471014 43.818498 -43.726439
-6.385830 33.328947 -44.593542
-6.956978 56.794731 -49.136656
3.074874 18.336845 61.169499
4.881378 15.711981 62.487686
1.064032 26.569921 60.236062
4.160577 -0.031234 56.932848
2.725512 -0.711183 50.205971
2.963701 39.452761 51.106964
1.679093 42.714488 49.145558
2.928643 30.657870 48.017469
3.596153 -0.294450 44.969080
4.248342 26.179681 44.787131
0.453682 49.089312 39.602001
2.600644 7.125880 35.588905
1.369127 52.414958 30.480697
-1.649307 47.714050 29.896320
-0.439506 43.535672 34.565899
-2.413220 43.686067 30.367910
1.177218 52.271968 24.521983
-2.262074 45.576663 28.157108
2.195212 2.663060 29.025979
-0.499317 45.033803 23.709978
1.334497 58.104047 12.572254
-0.523271 -0.869888 6.967106
-0.495034 63.713085 8.224716
1.429194 59.440580 9.132268
-0.656755 37.460798 -0.436539
-0.895706 47.411353 -2.996691
-1.052638 63.007881 -0.651463
0.435820 2.482571 -1.198296
-1.079356 42.618788 -5.373724
-0.290316 39.494794 -7.415016
-4.099409 67.370460 -4.061707
-3.802135 64.137815 -4.771447
-1.628316 69.297270 -11.134087
1.610855 0.270463 -10.834811
-4.537381 60.359529 -17.009475
-1.786049 43.321319 -18.300132
-0.119403 42.164235 -20.805331
-4.625824 67.332214 -21.488342
1.246801 1.397697 -20.606753
-0.546186 22.646587 -27.714686
-1.538648 49.481086 -28.505113
1.158444 1.606683 -30.744213
-2.408671 62.658463 -27.903729
-0.863210 57.986078 -29.032619
-4.767466 71.126950 -32.759905
-0.106869 24.342481 -33.747578
-7.301020 59.478436 -36.615719
-2.760032 27.741552 -32.395935
-5.299327 57.498557 -37.258212
-2.649229 8.347963 -35.996134
-1.554874 10.312292 -36.452756
-6.255553 65.599063 -41.271673
-6.108197 61.350296 -39.474395
-8.886728 47.621933 -45.140418
-6.867017 31.245177 -47.565779
-5.266248 65.408374 -44.926694
-4.511074 33.896028 -49.446460
-6.180279 59.527154 -49.467241
-7.872963 37.037792 -51.708330
-6.900276 40.115367 -53.716511
2.419787 25.918622 59.992492
4.548086 21.416235 57.039652
4.501744 1.963839 59.262982
4.612547 30.276617 54.774881
4.774069 21.859487 53.287139
4.966071 22.103640 46.757947
4.559913 23.448469 43.345223
3.216369 -0.776445 38.947821
1.901103 52.172596 32.957903
-0.784437 37.339130 31.726250
0.835657 48.199616 32.388387
-1.403853 40.401392 31.264954
1.616335 54.563416 27.145929
-1.920145 40.221920 27.674638
0.703912 59.126399 29.535455
-1.839078 43.080524 26.384478
-0.979923 45.597714 25.070494
-2.471840 57.883035 21.794960
0.600165 48.304693 23.369994
-0.187122 62.824703 20.339050
-2.878450 57.149485 17.763541
3.125454 1.233815 13.923421
1.273159 55.228759 13.787871
-0.210769 35.455296 1.383655
0.529870 -0.115991 3.535164
-0.464388 50.020251 -3.510460
-1.925112 35.202133 -3.243318
0.303137 1.220964 -5.789524
-1.853891 69.002048 -5.467078
-1.112398 66.075321 -4.743889
-1.358608 69.626651 -7.862144
-1.440192 62.216104 -6.752127
0.373326 41.735080 -10.515066
-1.311294 36.475532 -10.117420
-1.147133 66.641509 -12.940006
-0.254163 43.052787 -13.617446
-1.781604 40.131401 -15.121994
-0.421864 45.094945 -17.486782
-2.535140 60.563541 -18.994995
-0.978022 61.492586 -26.667419
-4.315098 59.366235 -25.674889
-1.544688 31.626554 -29.480868
-0.848642 20.106977 -29.595010
-1.384976 54.724477 -28.798104
-5.614627 67.120354 -41.028689
-0.199101 32.451509 -36.311236
-0.867471 28.975559 -35.930420
-2.132129 19.672113 -40.482012
-4.213968 20.491816 -40.772949
-6.410369 44.370961 -42.721347
-3.086399 56.663595 -41.349306
-5.980778 23.989712 -44.376924
-5.915788 27.521013 -46.922291
-4.165111 25.622135 -46.335788
-7.242296 46.930660 -48.532732
-2.489132 64.356992 -46.168772
-5.886948 53.176697 -49.424883
-6.666651 44.393520 -48.297111
-5.579975 36.567381 -53.328853
5.397095 13.769893 63.866462
4.784322 7.300910 62.156722
5.386420 4.653673 60.768373
5.214768 27.757806 56.445974
6.272337 7.766852 53.586180
5.070292 0.134748 53.930685
5.251779 24.676900 56.245760
6.082683 3.222429 53.343510
3.935097 31.249565 50.630695
5.228717 23.485863 52.268099
5.412748 5.246294 50.077311
5.600875 0.917442 52.389474
5.178990 1.209173 50.043475
4.170772 27.992458 46.974017
4.946058 24.703873 48.960994
6.037417 4.105523 48.452034
6.038512 8.192259 48.575925
5.233795 34.382233 49.555697
5.795943 2.410218 45.158163
2.749482 46.501753 43.936854
5.590921 5.191014 35.353808
1.411772 44.688781 37.174735
2.372025 4.750839 31.139881
-0.559577 39.334546 32.829478
2.760789 55.262774 31.666595
1.745241 61.129511 26.794114
-0.794462 48.446072 25.809191
2.309807 -0.477145 22.807907
-2.278716 61.436907 20.360666
-0.900794 62.101044 17.459576
3.203056 48.809325 20.483022
1.928560 44.919132 20.160260
2.781767 57.282723 6.787010
0.791795 40.326387 -0.834101
0.338034 43.600159 -2.717670
-1.002330 58.861803 -5.930722
2.794856 2.218085 -3.775245
0.092201 46.861781 -5.862559
0.544177 0.429844 -8.683540
0.579171 44.028433 -7.621149
1.012805 60.851698 -7.842710
0.794012 53.571447 -7.735109
-1.440388 61.650813 -15.966097
0.330859 45.284495 -15.819940
-1.223546 0.909920 -15.166508
-2.998099 64.318881 -17.624407
1.347218 0.653617 -25.602705
-3.854365 64.065328 -24.818224
-1.521433 56.460904 -26.404080
-0.126234 29.062074 -27.810737
-0.868412 70.342619 -27.200142
-0.914449 18.283155 -32.415052
0.484853 2.521140 -34.634384
-1.944216 68.485940 -38.389391
-3.717293 68.149860 -40.062139
-0.498833 3.865580 -36.066392
0.906619 36.396374 -35.984331
-4.034307 63.090192 -42.088251
0.641614 30.041504 -36.555527
-4.141788 21.332460 -42.877058
-2.003916 57.959244 -44.025164
-3.762630 42.964029 -45.701786
-5.012373 30.184013 -49.508835
-2.884877 43.367365 -50.516909
-3.304792 60.670928 -51.203349
-4.056925 57.993373 -51.326961
-3.970464 40.854148 -55.009059
6.156092 6.542654 61.423676
7.747305 5.898572 58.807997
6.048372 2.887458 56.641279
5.677686 27.578096 50.456586
6.024606 26.722573 52.623442
5.672334 25.505195 51.340345
6.224947 38.383710 50.469676
4.275100 32.184830 47.310208
6.761576 -0.286347 42.091758
6.715268 -0.068979 37.548008
2.348138 47.614627 35.978524
0.411375 51.637692 27.749962
3.989041 -0.044832 26.423373
3.652161 58.302448 26.317406
1.006504 62.866076 23.196924
5.484484 -0.557592 17.409274
1.362984 59.831562 15.279180
5.341236 43.415683 17.587119
4.329604 -1.269632 9.293410
5.557255 -0.839738 4.942666
2.281150 41.978727 0.457933
0.076702 53.565330 -4.533096
-0.278093 37.151198 -1.939932
2.663414 0.887408 -6.998670
-1.320363 36.924915 -6.642271
0.691424 67.035930 -5.253635
-0.085991 69.260516 -15.714662
0.703979 26.339816 -27.399768
-2.822914 33.088021 -31.878390
1.160512 67.048854 -27.220851
-0.470220 51.384930 -31.446483
-0.157143 69.357885 -35.856462
-0.331117 65.970357 -40.574572
0.057162 14.845004 -36.471914
1.063430 7.356595 -36.353866
3.285044 27.425166 -36.366915
-0.412990 19.890385 -38.474343
-1.032750 42.836778 -42.562061
3.522973 34.824492 -38.523227
-3.427700 43.910137 -42.013311
-2.048830 21.239513 -44.107639
-3.122526 42.449491 -44.102315
-5.589452 49.481805 -50.916174
-4.154129 52.755580 -50.855967
-0.085285 63.222687 -49.155966
8.211432 11.555575 62.458646
6.593857 8.907884 62.748747
6.803957 19.143083 60.266475
7.753868 7.628760 61.141642
8.801362 8.001960 57.316719
7.095361 22.591753 57.565857
5.333162 43.288470 48.050934
4.685018 46.155553 45.809484
5.016669 29.254535 45.976420
8.475601 21.395783 45.792220
3.072611 47.246325 39.454829
4.452165 2.392633 33.804130
2.499673 52.674209 30.700465
3.365258 54.031353 26.636431
1.716589 51.307573 24.343165
4.822569 55.501321 23.769200
1.310311 47.620132 22.490815
5.191858 61.823724 23.142024
6.683278 0.337222 21.744639
4.057401 47.055051 20.224078
4.204886 56.940284 8.561777
-0.338833 64.862187 4.589408
2.613302 45.894523 -3.077439
-0.216774 38.637183 -5.945084
2.300841 68.372244 -7.144263
1.089475 64.337474 -5.849074
2.188498 50.242309 -6.533275
2.332558 46.048565 -8.304876
3.107406 45.467453 -12.454002
3.068196 0.986187 -15.462097
1.499722 56.059926 -9.487030
1.819353 45.747747 -20.402940
-1.333508 68.737921 -20.654236
4.013293 42.155851 -23.881081
1.912611 33.082372 -33.040492
1.227523 55.173064 -31.875241
3.294841 17.596731 -32.422849
4.857652 24.440961 -36.672046
-1.959318 62.482912 -43.419168
3.815359 39.510888 -39.235430
-2.377579 44.171337 -44.110175
-3.049147 44.606496 -47.382723
0.250502 41.704480 -44.558911
-2.482207 29.219035 -50.699757
-2.512297 42.891002 -47.767782
-3.092808 55.519524 -52.711976
-5.053523 46.166711 -52.567986
-2.992663 44.261558 -50.425426
-1.022352 38.210356 -57.023572
-1.227198 40.600239 -56.623411
9.092106 14.940837 61.516106
8.853853 8.885885 60.836900
8.988310 10.130899 54.597932
5.636431 22.649239 52.028494
7.554773 39.073344 49.267662
7.129654 28.710199 48.842030
5.814470 47.826619 43.418281
5.544022 48.279943 40.426143
8.585689 5.077445 34.726306
5.681373 49.022758 37.948696
4.714698 48.107695 31.918308
4.771070 0.415851 31.869219
5.524551 0.423771 29.627775
6.326879 0.007085 25.621598
4.271093 63.170332 19.396042
4.387835 53.412327 21.254421
7.511415 49.663986 18.124886
2.590689 62.301916 16.454373
4.185854 54.630827 12.407324
6.338446 0.404099 12.735512
4.840194 -0.582454 1.485211
2.365344 37.046809 1.511620
2.031665 53.158171 -3.786315
3.070662 1.031960 -0.952605
2.114228 55.779018 -5.549722
1.644446 39.387423 -0.963513
0.199022 63.029953 -4.778467
1.092393 40.917557 -4.577413
2.805086 62.607873 -7.585595
4.842187 57.341294 -10.238488
0.995950 38.522421 -11.430043
4.629689 1.803367 -20.412067
-2.236824 67.531632 -17.192221
4.131477 0.955353 -24.465818
-0.102305 66.768417 -24.707639
-0.287711 51.133471 -28.437099
2.755649 44.632559 -22.638386
0.707708 32.439933 -31.883476
2.313679 69.306974 -28.443139
1.323844 18.760292 -31.490500
1.369663 63.454414 -28.405278
1.100264 70.845217 -30.601171
1.377949 61.303846 -29.365656
-0.341097 70.908302 -32.538710
1.777093 49.905825 -33.107149
5.172158 51.558092 -34.221483
2.282970 16.125912 -34.694107
2.239084 66.794618 -38.852163
3.001842 12.329065 -36.680143
2.935631 63.772660 -42.783898
5.326756 30.983821 -37.489458
0.130670 62.016696 -44.742786
2.203869 20.638361 -45.338022
-1.190433 26.388568 -48.173640
-0.086189 24.741419 -48.036160
2.269559 59.333644 -45.701012
0.335875 42.001258 -49.836138
-2.699906 52.952139 -52.536622
-3.573757 49.233402 -53.175880
-2.280814 31.680954 -51.559406
-1.276314 52.488326 -54.280546
-0.163909 42.302890 -53.791567
-1.803660 35.155413 -54.721155
1.275822 60.723586 -53.041371
0.207254 58.290927 -54.818859
10.188311 13.346635 58.856503
8.206957 24.286554 55.255834
8.767291 22.017460 49.065743
6.655210 45.413110 45.945854
10.142779 1.474180 46.119036
9.687302 0.017809 38.668230
9.941898 8.384066 32.290984
7.781719 0.732166 32.637146
7.734112 44.994840 31.231527
4.385307 55.824456 29.415911
4.618254 49.739133 32.671136
6.954550 59.839804 15.597255
6.677762 44.940892 16.695421
7.886050 2.944404 14.684883
2.139992 66.728751 10.334769
1.260243 67.850589 6.559727
0.404634 64.221598 7.679483
2.342473 39.141924 1.794033
1.170057 68.421483 2.073389
1.845480 49.616072 -3.385305
4.664154 42.766504 -0.694922
1.301958 68.496902 -2.000125
2.624989 62.292967 -7.029704
2.881611 41.906169 -2.961033
5.763649 0.811027 -8.864887
0.471327 38.769160 -7.705196
1.643981 40.665623 -8.263731
3.904041 66.017810 -7.282553
2.607756 69.596165 -12.325094
4.252967 47.753991 -8.282015
4.946992 47.030215 -11.047278
4.070159 48.386698 -16.181940
3.771147 47.888228 -19.387703
1.801220 69.394110 -18.636999
5.402674 46.964553 -21.806244
2.316730 64.390381 -27.992003
-0.157822 54.386960 -28.349971
3.980334 27.458566 -28.442198
4.411936 1.846243 -29.402163
2.921742 30.641638 -29.960459
4.305538 19.712197 -29.389916
3.439702 2.883956 -32.626263
3.601499 66.121072 -28.489070
2.304156 39.224604 -36.076610
5.783157 20.705622 -37.848935
3.714489 18.504920 -39.883288
3.288807 35.890009 -42.726524
0.959222 43.184936 -48.225982
4.251297 61.356855 -48.931477
-2.431873 44.400367 -54.152677
-0.546701 55.294760 -55.238842
4.095012 56.568535 -56.423033
-1.425687 48.671250 -55.661066
10.580734 17.384738 59.162269
8.935836 22.957516 58.351963
11.075879 20.096067 59.074036
10.116116 38.392788 47.141768
7.876127 32.619104 48.172818
9.335974 42.065679 46.790327
9.008614 45.188437 44.496942
10.762089 39.808583 41.118003
10.682334 0.706394 42.125176
10.876411 36.129766 39.659049
9.725853 38.506229 39.398843
9.973714 34.644517 36.666073
10.085568 1.566428 36.605281
8.494219 47.845805 38.064078
9.507838 37.692132 36.758026
11.528756 31.383335 34.314836
7.157318 47.366831 34.091468
8.405698 34.540409 33.200034
9.579920 42.298798 30.949951
8.342559 32.465764 31.187644
4.493920 54.099576 32.410351
10.689294 3.784076 31.946546
10.847393 0.375836 27.639465
8.565031 0.567445 25.811332
7.287865 59.140622 24.253077
6.313129 45.610961 18.964855
9.023327 -0.788749 18.401101
4.827401 58.192770 13.641939
2.786005 62.035745 12.047277
1.399884 62.809654 8.695655
6.120499 37.630026 -0.510709
5.825448 40.225459 0.353206
3.162774 68.982489 -1.225472
-0.309842 64.898271 0.814967
8.423519 -0.069774 0.076898
-0.290525 66.462040 -1.660568
8.143872 0.384029 -1.729327
0.799146 66.804151 -3.659894
2.584148 66.053171 -5.628202
3.714895 39.564898 -1.203167
4.769981 43.817995 -7.208837
3.432664 42.889368 -4.378443
2.572244 42.403253 -8.448941
2.069540 39.506870 -9.908353
5.233933 63.155092 -8.924755
5.880937 68.443951 -10.376929
5.807000 47.914202 -13.910639
2.119058 42.844892 -15.667632
1.834826 67.072778 -23.897298
2.971858 59.647122 -28.875079
2.965784 54.734705 -30.844439
7.591305 44.347551 -26.115098
5.982192 0.328374 -27.143590
7.056550 23.359524 -27.712249
2.068021 50.086446 -31.010728
6.670596 15.468665 -31.759100
3.113338 70.085402 -33.136010
5.947192 65.886650 -30.256235
5.272107 5.333797 -34.547065
4.967589 60.911370 -44.360385
3.033383 39.030047 -41.215407
1.873236 42.294521 -45.063677
2.523783 19.126496 -42.041980
4.930891 33.664429 -44.194732
2.185153 23.501820 -48.684646
5.221003 56.844540 -44.432097
-0.324355 32.095088 -54.183161
0.511818 29.746505 -53.397285
1.343735 36.058434 -58.948036
11.977170 23.676629 57.121890
12.492964 16.541216 58.039542
11.651422 13.235529 55.303410
7.964499 5.880384 50.987211
8.104919 2.808491 48.795526
8.187252 24.639936 48.971341
11.291330 20.538965 46.901770
11.641459 35.118711 46.839685
10.707069 40.235295 45.884285
7.115966 22.825375 46.120610
11.900850 36.036778 43.346578
8.686345 45.340545 34.730500
9.891610 37.660029 33.686727
6.973222 53.899892 35.317675
6.527259 55.572135 33.302161
11.163758 5.899038 29.185837
11.845942 2.233646 29.231242
11.025347 9.174605 28.471106
10.533700 0.265961 29.734326
9.703465 0.575482 24.103264
7.397934 54.655957 21.011203
9.054677 0.074340 21.837300
7.870279 61.149183 22.997117
4.368422 63.253125 13.910826
8.824795 -1.032223 9.853087
4.050481 58.419905 9.460723
6.325265 67.000133 9.370396
2.616614 60.433212 7.509710
4.895838 67.799026 5.484543
1.766352 61.057432 5.459919
5.741738 45.085286 -4.675612
3.344603 52.028210 -5.176798
4.369177 46.601428 -5.206840
4.561474 60.567167 -7.615249
6.654984 39.618800 -3.389335
4.587515 67.242952 -5.600597
4.650234 58.036263 -7.339842
6.373932 1.328112 -6.508502
2.680634 41.934492 -10.436425
6.878238 66.360439 -10.106092
6.293217 52.733472 -7.795696
2.601207 40.983544 -12.070939
7.913428 1.099096 -12.542212
7.536610 60.658613 -11.132508
5.757346 69.028476 -12.400599
6.284399 68.521987 -15.578434
8.247509 1.618116 -17.128052
1.480854 42.605853 -18.781881
4.947049 68.437605 -20.619486
7.128869 3.789474 -32.391118
1.959743 34.970339 -35.434831
5.393023 32.511968 -34.699001
5.263976 14.914719 -33.872246
4.823057 54.730584 -33.801754
5.299248 11.091072 -36.249104
5.265781 7.829763 -36.098535
6.201658 59.104402 -42.940438
6.267204 55.280062 -42.119951
6.068054 53.665119 -43.676327
7.834947 31.509645 -41.287606
2.564881 26.031678 -50.092573
5.194399 20.765188 -46.992377
2.810219 27.459888 -53.370879
5.539203 56.629961 -51.563927
6.292163 54.135963 -47.773068
5.003152 60.018568 -52.006951
2.129401 41.251368 -51.815885
1.186928 43.143512 -51.931089
0.255367 33.213491 -56.292419
12.268546 23.994364 54.070325
9.862058 6.268950 54.245546
10.555081 1.629639 53.606874
10.950804 9.907739 54.012002
10.145290 1.272342 49.786716
10.371459 31.283348 51.334837
10.185994 27.538348 52.230568
10.861898 33.816240 48.944291
9.936741 46.032004 39.482429
10.433587 40.606958 36.275047
10.081145 44.022025 37.304393
9.406687 42.142007 33.916902
10.180882 32.037559 31.437547
6.199227 50.723350 34.571666
7.476451 57.425504 30.480762
5.995992 56.980308 28.356253
13.485449 6.122039 24.946911
12.767824 3.315367 25.395970
6.484149 55.872070 25.655574
5.639042 51.465833 22.137396
11.321635 0.620794 24.409643
7.750606 62.069083 17.652245
10.932024 -0.506890 17.501732
8.930820 47.647453 15.275995
10.042685 0.856219 13.229571
7.378727 63.038784 15.093519
4.910842 66.491292 12.599503
4.278786 58.333898 11.221277
9.961453 -0.166131 3.773680
5.442393 68.711220 3.218906
7.811488 42.360468 -0.867416
6.326495 43.433151 -2.512235
8.432147 45.620271 -2.234826
7.851849 37.066759 -1.950631
4.639160 69.064246 -2.550160
6.613186 51.638255 -7.192438
5.761286 48.220030 -6.697530
6.829169 55.021985 -7.213751
6.521101 65.223774 -7.321641
6.650410 44.980058 -10.164650
3.276345 44.296072 -13.024978
7.566682 67.742295 -12.763845
8.240010 64.547296 -13.812452
7.095812 49.764638 -16.248903
4.236769 46.243779 -15.271416
9.715974 65.726248 -15.493177
4.539112 46.273291 -19.190145
6.363682 40.819794 -22.232841
5.143036 67.218756 -23.212286
5.927285 66.707821 -26.652194
8.356890 0.827071 -27.631867
4.534358 62.212655 -29.348154
6.121649 54.616584 -31.772300
6.968481 30.066845 -31.805887
6.238388 60.554011 -32.315573
6.730975 36.373200 -36.051337
6.744983 12.954810 -33.877116
5.801451 69.464362 -34.688895
8.654974 24.231766 -37.446060
9.492319 16.864707 -39.272879
6.252848 50.632281 -45.104319
5.930984 39.170827 -42.601737
8.884764 27.532829 -37.212913
6.077748 18.757686 -43.108769
5.535130 49.438659 -47.009426
6.179958 50.024716 -49.342552
5.341136 53.179373 -51.828991
4.797651 40.101813 -53.142265
-0.927432 43.498491 -55.874585
3.680256 40.416598 -55.208500
0.538958 47.389062 -58.498812
2.015795 33.767461 -58.755362
15.303034 19.433656 48.511578
13.405717 4.295381 40.927954
13.147173 5.332596 36.864343
11.517856 1.149638 38.666757
12.448978 29.307966 33.570657
9.114439 56.059002 34.232244
9.256373 49.540049 37.239013
7.426619 48.301439 34.149807
8.299724 58.135869 27.802088
8.115596 53.127519 22.098010
12.332034 0.019019 21.939315
10.700426 57.492787 21.373743
10.847249 2.162882 14.984245
6.464419 66.179559 13.249363
9.325487 66.848204 4.726083
7.371167 68.483738 1.415556
9.135096 51.427848 -4.156546
7.185228 69.068942 -1.637730
6.286386 68.036626 -4.436446
8.586288 49.541538 -5.649830
10.025780 0.594183 -4.483205
9.078757 57.929233 -7.679208
8.924018 40.188562 -6.966226
9.299702 1.433660 -7.573664
6.807110 41.870442 -4.930474
6.975801 49.997608 -9.357178
5.974572 45.733579 -11.793205
6.878959 47.178127 -15.833714
8.817141 50.255924 -19.385661
8.725380 66.862553 -19.572688
9.148286 2.201062 -20.558540
7.700146 56.846693 -26.726421
7.907906 47.643865 -22.322018
9.529632 64.477456 -28.242986
6.785645 58.794657 -29.412224
9.004341 62.105752 -28.892135
6.436159 25.078970 -30.125062
7.053258 18.484300 -29.119457
8.008669 7.347189 -33.435685
3.565301 68.903292 -36.916126
5.976813 66.820175 -40.567766
8.501394 38.400858 -42.024991
7.056488 17.702259 -41.191323
7.298331 36.956894 -45.997055
9.485092 29.510248 -38.576400
6.493415 24.556247 -51.337806
5.459736 41.456307 -52.848843
3.236601 29.224913 -56.359223
3.058027 39.399895 -58.826542
0.958597 44.009392 -60.582264
3.407032 37.120960 -60.230719
4.538604 35.605298 -61.518427
11.074756 4.431290 56.479939
13.147943 21.706341 51.296752
12.009904 0.829729 55.233373
12.838785 27.629108 52.587540
13.911882 32.182627 49.147907
14.292756 0.190731 50.766014
10.834137 24.487530 50.313431
14.023927 3.843206 44.863136
15.434162 4.903356 42.162792
14.170641 28.772394 41.089613
13.508913 29.998975 37.891086
13.104727 26.485417 37.549925
13.351253 24.933025 34.461610
9.614897 52.954480 36.863252
9.013879 46.759889 34.164276
10.219774 58.080452 30.770060
9.863289 38.779974 29.976552
8.782453 55.992462 23.498909
12.962200 1.535392 23.799292
15.295220 4.010318 21.678949
8.863878 49.858029 19.111206
8.707759 62.647936 20.305398
12.784914 55.676517 17.735581
8.262977 65.862092 13.435118
11.501401 49.228758 13.275458
9.312919 66.415641 9.975562
14.286533 -0.827841 7.423029
10.493116 -1.008714 7.515872
9.408121 47.571377 -0.660284
9.608163 65.855690 -6.131693
9.258620 61.694057 -7.585698
9.397133 34.986884 -4.697815
8.261550 55.133150 -8.434080
9.169484 51.821991 -10.597253
9.610157 50.871671 -13.931309
8.578713 45.662662 -13.812841
9.155699 66.791817 -22.538153
10.013886 57.479362 -24.880518
8.644418 58.711967 -27.028848
8.411919 41.971675 -24.440240
5.682392 50.034516 -33.157048
8.382590 1.321445 -30.803752
9.784237 4.235183 -33.388687
4.130561 67.834420 -39.113351
7.444398 39.096578 -39.337254
9.753510 19.021628 -37.549606
11.062508 26.852770 -39.410067
4.704111 27.019506 -51.553774
4.614350 50.737779 -51.030925
2.852585 42.074132 -54.871732
5.786356 38.727070 -57.802144
2.528704 51.751498 -58.033900
1.687338 41.757761 -57.447050
4.201949 29.773453 -58.531109
4.513599 54.453060 -59.206730
14.757762 20.293212 58.321742
15.913495 22.770190 54.274864
13.273939 6.970717 58.345103
13.478614 2.810610 57.299788
12.486354 9.478861 57.467007
16.666405 21.077836 51.522288
14.396284 0.052233 54.423120
14.894423 22.996676 49.934586
15.158682 31.977501 46.071042
15.879853 29.546512 42.265471
14.410108 32.865335 43.431648
13.938852 34.358718 41.895029
12.795343 34.259010 39.006760
13.444602 53.153415 35.872550
10.317225 47.006723 36.863550
11.940257 8.615575 31.166945
9.871113 36.839191 31.921039
11.237264 57.981515 23.359398
10.299709 60.302226 22.603306
10.877206 62.383972 20.067844
10.814756 51.993928 16.237039
12.932302 0.102079 15.919614
12.588626 1.743617 13.162852
11.664173 65.514141 11.231162
10.115662 51.870657 -1.521200
10.620376 54.945917 -4.597638
11.183626 67.986291 -3.935524
11.131845 62.059464 -6.273857
11.106484 57.544798 -4.720012
12.457524 39.549019 -7.974269
8.498745 58.205978 -8.795090
10.429449 46.624533 -18.065122
12.211916 1.859455 -15.006497
5.955259 43.628742 -22.074011
9.056327 2.066213 -22.897021
10.603327 65.781425 -26.326443
11.424880 2.087239 -27.414009
9.369982 20.135774 -27.924622
8.185950 52.209844 -33.420664
9.352978 43.190039 -26.843888
7.517473 26.588257 -31.686383
9.580335 11.263214 -32.137339
9.431066 68.178339 -34.333550
10.319956 64.970035 -31.428928
9.588479 62.246807 -31.914563
11.199852 54.808411 -35.035917
5.696474 64.947973 -42.222950
11.916668 23.241815 -38.321044
7.607913 19.305153 -45.336777
7.794333 20.949479 -48.865891
7.583379 34.419242 -46.875828
9.742573 21.111861 -50.008205
7.744805 40.259896 -53.675386
8.139082 38.592525 -54.333362
4.003075 40.383968 -61.077433
4.536217 32.032582 -61.063280
2.602051 43.861319 -63.040152
5.354105 40.935930 -64.267885
15.719133 14.449396 59.292999
15.302837 28.117046 52.952565
11.204643 44.323450 34.931953
11.561815 56.139247 33.975763
12.300883 33.357380 34.077268
16.439703 54.594116 28.528696
16.755526 51.132787 29.479714
15.245425 49.137890 28.060097
15.267665 57.724249 27.536937
11.152278 58.958820 25.523165
10.478753 54.181021 20.743205
16.257034 0.923747 19.575279
13.164727 61.744105 19.727590
9.776583 50.016685 16.889465
11.170552 62.624490 17.580245
14.871689 1.892644 12.685672
11.647449 64.026568 15.132225
11.516682 50.206963 11.762644
13.020010 63.987018 8.661573
12.578520 59.618544 8.636170
8.665447 40.662729 -3.320658
12.229518 67.867157 0.457700
10.638143 38.267158 -6.169309
12.851705 1.279309 -9.972739
11.372725 54.576076 -11.323156
10.962544 43.910406 -11.467457
9.111319 46.981075 -21.092309
12.530637 66.342941 -20.626902
12.631642 49.813330 -23.975060
12.019034 45.742431 -27.324762
12.361300 42.647008 -27.590016
8.564559 26.525196 -34.332543
8.797290 30.182019 -35.761416
10.695289 1.488781 -32.371424
10.118527 32.592102 -37.931815
7.510368 58.176990 -33.055997
12.619402 51.649252 -34.767599
10.466600 35.542328 -40.734396
7.218580 57.014984 -43.807807
12.052637 18.282289 -37.826164
13.720702 20.237486 -38.553766
9.600675 30.847751 -45.940032
8.532201 50.485544 -47.283297
10.234125 25.808355 -53.426996
6.151758 26.492514 -53.936947
8.409257 52.233728 -49.765172
5.517747 27.503595 -57.982350
5.083918 52.581133 -59.671282
5.007414 50.128771 -59.503896
3.506398 47.605184 -60.330545
5.015753 40.697654 -57.484799
4.297967 45.940136 -62.459045
15.840011 10.902305 60.063643
16.466885 7.543735 59.115125
15.649711 4.665728 57.695891
17.015432 3.179251 55.914198
16.216267 3.249523 46.861478
15.700600 30.775765 51.498047
16.732424 32.033858 48.933220
12.331834 38.791549 38.875728
13.754796 47.079166 39.237241
10.992774 39.895232 35.178967
11.562290 35.920202 35.570596
11.863733 43.025290 36.017466
10.760618 39.202224 32.225146
14.723568 55.419328 32.692999
13.614077 57.159465 31.267409
16.748440 46.833378 25.910869
15.746878 44.276687 26.484885
14.802189 42.196784 23.616838
16.171444 37.140766 21.049334
11.345958 52.652791 18.055177
14.331993 58.137793 19.129739
12.547691 51.528335 15.343364
13.100720 53.493538 13.657233
16.382819 -0.182796 10.322175
13.399131 64.699929 13.290932
12.618238 54.696008 10.095995
13.590215 53.499657 9.899977
15.452131 0.172048 3.813154
11.437026 0.398921 1.346531
11.940849 54.660631 -3.297069
12.713235 57.523403 -3.646464
9.618928 43.905985 -3.175838
9.543051 44.072414 -6.891062
13.087884 0.049254 -6.063869
10.944520 57.890378 -9.451234
11.975433 46.126791 -15.798831
14.002654 62.744751 -24.747571
12.214457 50.844999 -20.619476
11.975082 59.987139 -24.880951
9.910918 44.999679 -24.328567
12.660353 64.681656 -24.862428
10.245116 47.846357 -24.850838
10.888045 55.732401 -32.959270
10.727647 14.818889 -30.884071
11.433741 10.128696 -31.684386
11.896144 5.437560 -32.935102
12.119925 66.777749 -33.284324
8.134692 64.416987 -43.915997
8.536495 53.601742 -46.245654
10.137396 17.657342 -42.576000
13.287323 17.688104 -42.708311
10.357089 27.339185 -44.827736
10.562472 18.414640 -44.652023
11.196466 35.041152 -46.216932
8.661020 56.673755 -54.005971
7.002434 47.345205 -60.624857
7.836894 36.675489 -61.329341
6.890538 27.994184 -62.837059
6.505112 39.264743 -61.501821
8.057138 35.416773 -62.810722
4.424456 43.241801 -64.445707
17.911808 20.244541 57.076439
16.181949 24.496812 51.543779
19.450364 31.587409 45.150856
14.367115 44.073616 40.542839
14.237984 38.766347 42.700948
15.718100 26.269898 35.980968
15.278937 51.571765 36.599452
13.277291 1.991425 32.669772
13.869973 33.777426 37.025354
16.529470 53.365838 32.970884
12.299384 6.405984 30.866625
13.567811 2.668636 29.164808
12.839017 4.181309 27.866136
16.850169 46.196235 28.181885
15.442123 58.831984 24.741961
15.074310 58.412151 23.053435
12.457757 55.627514 20.128688
18.688712 43.290025 22.264447
17.463521 5.535631 20.695438
13.906448 54.106064 17.556786
15.894802 -0.244158 15.841003
14.436241 54.947354 14.866829
14.968576 62.211817 16.415609
14.817327 58.182883 12.462614
13.569202 66.452071 5.280670
9.588785 48.506189 -4.708363
12.409422 41.330397 -7.673171
11.826439 44.835907 -9.634839
15.056858 1.641565 -12.172572
11.589236 61.440120 -10.148367
13.205050 64.957148 -11.783649
12.712150 66.859752 -13.135045
13.166870 54.432488 -15.684913
13.308525 2.455236 -23.083762
10.476983 22.039379 -29.910941
12.630970 19.379178 -32.438581
9.465475 22.117290 -32.624682
14.088644 18.349921 -29.876963
9.156277 26.549439 -36.026372
11.952926 25.536865 -38.048120
12.212144 60.619405 -32.288824
13.277551 29.586117 -39.623631
11.331944 66.852234 -37.737144
10.790092 57.834433 -33.585875
9.874403 65.849492 -41.055730
6.917197 58.967725 -44.638575
8.731879 61.487141 -46.726549
14.660113 17.492291 -39.992252
12.534388 24.710213 -41.546602
12.171195 19.494924 -48.980603
8.076408 25.366438 -56.685819
7.966793 55.018893 -58.368532
9.170228 51.174976 -59.517220
9.569361 36.434099 -59.247906
6.796909 52.823511 -59.879478
7.351667 26.089993 -60.641806
6.759394 45.692976 -64.022096
6.466897 32.748470 -62.703275
19.436170 15.748068 58.160279
19.058055 9.897491 59.168951
18.559497 6.439124 57.566468
19.002768 0.328567 51.608527
21.789784 19.291998 52.535470
19.571050 3.129668 54.125057
17.583946 -0.299732 50.124964
17.699471 27.265099 52.532272
17.489164 31.170545 50.794828
19.310209 18.885124 47.990065
18.355671 19.345920 45.701797
15.727010 42.560721 43.568353
16.928306 40.414772 44.918655
17.741094 29.129324 40.327814
17.130418 0.693951 38.106433
16.475918 0.201534 34.626349
14.106196 30.955615 38.280253
13.864965 30.203021 36.660608
17.561091 27.801566 34.705690
16.728233 48.861962 38.389482
17.303896 -0.028695 28.594249
15.480797 1.505071 25.172033
17.846310 43.637398 25.023276
17.934863 37.269155 21.679980
17.892612 40.154197 20.819687
14.124577 62.738272 12.304535
13.731866 0.705136 -1.053462
11.032477 52.368008 -4.156037
9.565501 50.605787 -7.762979
9.613676 48.615730 -9.282421
15.007400 0.327683 -8.238394
14.018181 61.052734 -11.665312
14.032968 58.362164 -13.221648
15.536580 2.274432 -18.650750
14.975146 65.772705 -20.624051
14.771477 53.699124 -18.423167
13.440328 46.414869 -18.458410
13.415808 46.263193 -21.324080
13.580091 44.852994 -26.053408
10.011382 58.364737 -28.850018
10.331799 22.722259 -34.839941
13.430996 13.538437 -31.603279
14.429376 2.915703 -31.691838
14.174021 62.629250 -32.389850
13.470348 66.366560 -35.466230
12.038384 63.997953 -44.252334
10.243974 57.393288 -47.655453
11.560256 62.731863 -46.895521
11.879706 52.417065 -47.991871
12.377027 24.089966 -44.615046
14.023284 20.274993 -42.545481
9.157550 55.577503 -51.094593
9.996593 37.986749 -57.438116
7.984504 30.601130 -64.957368
7.067349 43.116015 -65.471887
21.415844 13.587139 58.018708
19.778906 20.095617 55.000121
22.766385 17.516273 54.582415
20.470776 6.712568 57.159443
18.748749 29.521382 51.834287
18.470815 0.391749 46.926388
19.633673 22.955529 50.843455
17.498697 1.826213 44.772591
17.256492 38.533405 45.431556
18.284350 41.668874 43.858719
14.915684 36.952117 43.072653
16.628785 35.318297 44.229202
17.605635 32.815504 42.073122
14.816018 35.588030 41.199205
15.395028 32.277285 39.616938
20.677601 29.393384 36.132513
19.675738 2.145110 33.103474
19.952906 51.264918 33.856716
19.398184 41.582428 23.129138
18.490224 51.266537 27.947957
14.751602 56.529205 19.625965
19.393792 1.040238 16.896290
18.338104 37.868301 18.541616
15.733420 60.979873 18.317653
17.434533 35.011536 17.615530
18.178596 33.995627 15.064608
16.199521 58.672586 15.758328
17.664554 0.651902 13.435405
17.103554 0.650878 1.613754
16.436297 65.551177 2.049299
12.967938 66.884937 -6.154170
13.481405 59.314979 -6.364125
13.186513 61.358262 -7.003192
10.737496 52.622845 -8.601462
16.282955 0.450005 -5.373083
10.527077 49.720953 -11.445374
11.562206 47.896090 -12.512343
15.551985 66.771593 -13.665141
16.467497 2.631937 -15.033926
14.099666 2.412780 -20.486943
15.928330 52.115308 -21.598098
14.040214 46.184831 -23.750102
16.396012 2.844408 -25.870578
13.839827 2.541328 -25.845792
13.029704 48.566349 -26.115477
15.883744 16.526872 -30.396541
14.285850 22.268966 -36.868748
14.777240 10.367096 -32.801435
14.612555 6.159500 -33.835474
16.170891 43.574775 -28.680865
17.444710 64.320489 -40.157719
12.871515 56.852991 -34.923225
15.407205 55.556969 -35.072136
13.958776 64.474331 -41.804068
13.846283 52.142880 -47.370006
11.575992 35.330975 -43.131051
12.639288 32.529565 -45.617574
12.423345 28.958775 -43.029073
14.073299 26.743392 -41.575924
13.296121 20.489506 -44.742044
13.010767 21.531919 -52.070399
11.254254 56.496989 -50.845712
12.297140 57.257542 -55.611572
9.178128 37.880252 -61.449224
10.259175 46.537095 -63.578972
8.413653 33.567298 -64.684479
10.007267 37.488624 -64.344188
8.903346 44.819441 -64.951369
8.832500 41.930950 -65.492325
21.536192 9.162838 58.332140
21.071682 4.439768 54.527984
23.197220 2.575180 53.256138
21.082454 25.591615 52.045816
20.799647 30.895772 49.830063
22.244628 31.556073 46.886853
18.240138 1.119865 41.887454
19.889267 30.185558 42.954812
18.529351 44.910502 40.794790
19.981614 42.360603 41.508380
19.593411 28.457164 36.944483
20.132387 49.017374 29.330581
21.152275 4.805765 32.326305
22.058316 3.372155 29.841010
20.229929 1.506123 29.408135
22.224744 27.221788 31.975041
17.997073 57.384400 22.711760
20.274747 48.063083 25.479016
18.612964 56.300523 19.526888
19.862973 3.194036 19.214875
14.671588 51.997570 14.648302
18.258956 36.873771 16.132561
14.803711 52.514484 12.830500
15.222872 59.023641 11.224111
18.279466 -0.718026 6.683615
19.631706 -0.055799 2.866169
15.253090 40.777647 -5.017866
14.454036 67.747098 -3.504047
12.394403 55.815183 -6.497434
14.626025 45.342551 -8.683515
13.767220 64.845250 -8.563918
10.967362 53.359487 -7.052688
12.108003 52.758489 -11.623474
16.711017 42.326358 -6.813173
12.302976 50.227586 -13.503425
14.452746 42.914278 -9.083384
15.469767 67.280178 -16.481396
15.835198 56.496077 -16.777428
17.738282 2.452155 -23.483167
16.793190 45.727373 -24.237535
12.303161 60.763344 -27.256293
11.684014 58.695622 -30.741284
16.230945 50.073645 -25.220424
14.088265 20.311901 -35.391143
16.106514 44.822976 -30.054794
20.106263 29.484422 -37.089126
18.174773 24.734733 -35.582938
16.464926 13.102079 -31.734775
16.483403 3.810299 -34.790855
15.627346 25.295134 -38.354696
16.639287 61.746313 -33.266647
16.179749 64.689085 -35.586344
11.982281 33.381806 -42.424038
13.634537 24.513205 -54.348595
13.929024 50.117063 -48.085279
10.863172 57.431963 -54.234000
10.328025 47.994193 -61.665454
10.713144 36.819948 -61.088818
9.682422 24.931804 -64.934021
12.530212 43.431618 -65.195503
11.236586 39.055790 -66.232581
23.772252 15.256824 56.211238
22.555710 17.879999 49.368738
22.608870 0.434913 48.226828
23.037420 17.032609 47.505722
21.425989 20.479656 48.609710
21.026263 0.324360 43.849601
20.693363 19.948267 45.698011
21.263485 0.659593 41.573767
19.582493 39.339622 45.100425
20.626606 1.272196 38.676346
19.039748 34.629628 44.410582
21.292139 29.082174 40.730190
20.277238 1.411120 35.683881
19.857636 31.074068 39.254212
22.469125 41.264919 36.775060
19.790857 46.833863 38.632895
20.931745 47.020878 27.285247
17.755202 1.870195 22.204703
19.225537 55.677224 27.105667
20.927940 45.004173 22.489138
16.445928 55.179024 15.322993
19.506023 39.129034 17.098879
21.295536 35.386758 13.374222
19.843798 38.956995 15.348356
18.996799 36.918893 13.273091
19.212908 2.091247 10.926135
19.971989 0.440070 8.826007
19.970893 46.066910 8.091693
18.842652 48.019792 4.225237
18.061448 64.736894 6.047082
18.560004 63.733202 1.689756
20.561277 1.048302 -2.223299
16.881615 0.711789 -2.135034
19.614062 41.823943 -7.332190
15.529911 46.895459 -10.729954
18.402822 0.377685 -7.213622
14.202195 55.167327 -12.385807
17.114438 0.495088 -9.439206
14.085355 48.856792 -13.964174
15.151638 46.473370 -13.736966
16.604089 60.483325 -14.494592
17.145084 55.072607 -19.424526
18.552956 4.949159 -28.204628
13.055777 60.303485 -30.777895
17.430595 53.084965 -35.873768
17.342109 10.216224 -32.989272
17.434224 3.687544 -31.745193
19.483744 44.892524 -32.673612
16.306983 58.691120 -34.075624
14.793241 61.991736 -46.638626
13.810537 58.936046 -48.170456
15.701821 20.641318 -43.360407
14.260884 52.938924 -50.162064
14.416187 48.925911 -49.867659
14.637995 57.632104 -52.497716
15.585603 50.934283 -51.379087
12.153197 51.137635 -61.398313
11.926812 23.572757 -56.794425
9.951452 23.684798 -63.345518
13.802047 50.573055 -63.067513
11.619372 35.430034 -65.219802
9.833138 31.501125 -66.902955
13.648102 40.946315 -66.336582
23.844067 10.412262 57.722173
24.713512 5.883930 56.360792
22.804178 37.607347 44.293388
22.234597 33.399832 43.421082
22.374514 40.163772 42.847539
23.520635 25.777556 37.408150
23.795957 2.610871 40.953737
22.525708 3.870559 36.457921
21.611876 30.377430 37.133134
21.432730 48.951193 36.277911
21.844456 26.584594 33.655529
23.018989 49.341061 30.267910
24.143209 43.399102 31.894699
20.202347 0.019643 25.576772
22.150727 44.608560 25.160789
21.095164 43.508877 18.672244
20.538787 41.285555 16.531733
20.892151 0.988004 14.266344
21.484933 40.828415 13.341072
18.768986 60.045028 15.356112
18.003967 61.533444 13.328993
20.554946 38.096426 11.109450
16.933634 63.248015 10.542342
19.574930 48.606912 7.471132
21.090430 45.988323 5.904027
19.758718 -0.574679 4.602240
19.965191 51.993435 4.227355
20.644219 51.443498 0.007864
19.002994 65.735913 -2.533307
18.655084 46.483759 -9.704043
17.536032 68.050470 -7.059478
14.847993 61.995301 -9.282831
15.907313 66.076262 -9.783016
13.759974 57.093261 -10.128591
19.158411 0.796426 -10.835719
13.891968 52.617186 -14.498797
17.051008 44.709256 -9.499672
19.083292 46.945864 -13.350406
17.210776 64.693730 -14.029325
18.253199 65.925095 -23.245901
19.552201 1.514068 -19.454608
20.012045 53.798986 -24.300026
14.571033 62.919979 -28.743477
19.543753 27.605696 -33.074323
17.793838 21.703441 -31.999552
16.206742 20.810208 -34.993557
15.873519 56.293678 -32.793409
18.996876 55.069500 -33.769211
16.772781 46.989842 -28.094239
18.508374 7.560293 -34.015058
16.934858 62.570810 -44.624539
15.519452 56.155015 -48.577747
15.584847 22.435622 -41.703207
18.299664 18.969387 -44.136921
15.421217 18.952383 -49.143269
16.726028 49.547505 -50.531516
18.783360 39.732999 -59.187611
17.157574 38.692433 -55.072508
16.253896 56.394012 -52.928196
19.868647 45.851154 -57.053454
16.194458 57.232176 -55.362704
13.263984 54.652098 -59.199706
19.976126 48.841270 -60.413380
18.561048 43.120522 -61.448413
12.897805 21.803673 -61.843094
16.050540 49.183621 -64.266662
13.565190 45.368775 -64.210286
16.111389 43.842077 -64.567116
12.895777 21.445068 -63.919773
11.890820 27.776339 -67.944054
26.216255 15.347801 53.479902
25.395168 15.604326 50.376462
25.188102 1.592127 48.824440
23.409136 29.327865 50.121636
23.769820 27.537647 51.128050
23.374841 21.389612 51.224227
25.352991 13.974595 47.855039
23.594898 26.681488 41.133623
20.918871 32.123183 41.513311
23.926427 40.318244 40.758414
26.091501 24.115049 33.409587
23.227304 46.832273 35.300049
22.744651 23.884310 32.254825
22.234103 50.459077 33.638969
22.327639 0.455801 25.444540
21.380193 56.214525 26.030977
19.240548 37.655883 19.508957
21.343152 57.614302 21.374115
19.429035 37.153688 16.815230
22.831850 2.689945 16.767360
23.233291 43.471467 8.691906
21.238253 2.841930 10.204728
22.045495 48.885190 10.356345
20.977936 51.881080 7.835006
21.262799 54.885055 6.417214
21.544348 37.293122 -7.780742
15.618106 59.749758 -11.605116
16.807475 57.700235 -14.703248
20.398829 45.014495 -11.906360
21.092442 41.444564 -11.677709
18.834409 43.927244 -9.235091
15.449050 51.697777 -16.331291
18.308989 48.185284 -15.442914
19.548709 1.191227 -15.981432
19.576265 63.735573 -15.750961
17.085986 48.708811 -18.162620
18.641106 66.633795 -17.060190
20.506656 60.810873 -18.561422
18.308927 58.711281 -18.001441
15.495704 64.342263 -26.150891
18.460229 25.410076 -31.342629
14.913019 60.402405 -31.478721
19.154701 24.979264 -39.615361
17.276001 20.387348 -50.249253
15.691452 23.195502 -54.896313
19.336851 37.118473 -56.097527
17.265343 52.653098 -52.656212
19.833428 35.047912 -59.912461
17.395834 55.330118 -55.477187
17.028572 54.268801 -61.187978
15.722141 21.168476 -58.491998
18.732724 47.814983 -63.425593
20.618361 37.994647 -62.857394
16.406292 19.649235 -61.439410
11.130335 33.728079 -66.688651
15.264021 20.379238 -64.266716
16.626192 40.987457 -65.941801
13.893750 24.956209 -67.329158
14.523046 21.959308 -65.567552
15.340143 37.569579 -67.421788
12.727936 32.483338 -68.733709
15.774336 28.415777 -68.703464
18.200973 25.211619 -67.038990
27.495473 13.080953 54.932762
26.882415 2.480315 51.087465
24.668452 24.176324 51.741789
26.949885 2.911418 46.044602
24.595843 28.956410 43.635467
23.613656 29.208490 38.804602
24.819318 40.321546 38.930375
23.939537 48.965104 32.756160
20.802836 54.040034 27.785598
24.087009 1.294779 23.419706
20.631760 39.707816 19.189276
21.163625 0.478443 21.428702
24.524644 1.073380 20.087453
23.254885 46.481411 21.140923
24.263986 33.112028 13.292846
22.589261 43.731190 15.543597
22.795998 1.384983 13.010160
22.648164 43.000719 10.912162
19.056094 64.352634 9.992723
23.816354 41.604633 11.782304
24.339582 3.117749 8.987131
21.758803 0.218103 7.453928
21.126670 65.643420 3.000644
21.680222 55.962368 2.557933
21.417489 54.512600 -1.283141
22.103754 52.014018 -3.054122
22.082952 55.099875 -5.901107
22.279693 1.129147 -6.763026
16.911436 63.328453 -11.975130
20.369919 48.653793 -13.075788
17.545931 60.698296 -14.443592
20.016650 1.096848 -13.014420
17.008668 54.230804 -17.112872
17.973637 51.709234 -17.257970
22.387459 41.916485 -15.700342
19.874542 49.458795 -23.286901
21.647861 2.211434 -22.746614
19.536155 55.317197 -21.887007
19.459404 44.400600 -26.468693
24.257332 7.018648 -23.389028
25.967272 4.370237 -22.832791
21.253921 5.523757 -24.461075
19.489774 4.485870 -26.089375
17.967754 63.542624 -28.671316
19.195366 43.249421 -29.240058
19.270877 49.162544 -27.242414
18.930963 7.014206 -30.094810
18.577724 61.666971 -31.094304
19.856810 11.260668 -30.845774
18.632330 58.818749 -32.673065
19.788672 47.481862 -30.377164
21.746873 44.468968 -34.068643
19.324049 60.484948 -33.993754
21.511508 55.087020 -37.938849
20.808495 52.198313 -38.301960
19.997293 62.790171 -42.913572
18.896898 60.115318 -47.103678
21.945388 23.414160 -40.940117
18.355281 19.983117 -41.458725
19.552344 19.104503 -46.173118
18.641916 22.762477 -54.648977
19.482397 21.826271 -51.091848
19.481394 51.706713 -53.593130
19.948108 51.616627 -61.832437
21.566036 30.429542 -63.184553
20.952966 28.383496 -65.766804
19.213349 40.367177 -64.744249
16.768635 21.702725 -65.927107
17.648874 35.053641 -67.940975
28.433954 9.070035 55.867136
27.756911 4.440177 54.651102
25.705537 29.745405 46.767783
28.782353 20.426324 50.057508
24.798302 16.937528 48.330401
28.430651 15.855046 47.398999
26.271254 27.593900 42.229743
25.429467 34.801994 43.076347
25.444396 29.833475 40.491900
24.313949 47.899867 29.814118
24.270519 44.543065 27.024785
25.227418 1.509958 30.051089
22.518642 51.854185 27.981318
24.142839 49.127154 24.239343
21.734302 59.827013 18.967879
22.131462 62.983928 13.965159
24.262561 45.827918 12.532992
25.116417 1.484827 10.940112
22.560104 55.079010 9.776296
24.585155 0.515616 6.182897
22.803514 58.044377 3.062031
23.484512 -0.410486 2.955844
22.898189 0.394453 0.922404
22.021519 55.726160 0.014022
21.796664 43.521282 -8.710137
23.003351 66.866721 -5.847050
19.541882 67.670852 -8.660588
22.889909 58.072430 -9.338201
23.443261 1.801175 -10.865786
19.210760 63.010491 -14.566804
19.162343 59.443898 -16.867991
19.016308 50.032196 -15.592384
19.483141 56.210438 -18.714971
22.198523 45.244130 -15.230641
20.704434 49.030425 -18.381848
21.586042 65.469562 -21.948211
25.651365 2.159813 -20.125191
20.362373 47.672881 -25.603341
22.422992 56.439487 -23.112242
20.557073 7.325462 -26.913781
20.550767 51.577688 -26.319633
19.252877 19.550563 -30.471424
22.255415 31.148738 -33.899145
19.302385 56.591084 -35.326619
22.152560 51.902833 -40.732146
22.150228 20.221554 -43.261399
21.329380 19.910985 -46.070486
21.564266 49.695236 -54.006499
19.426659 54.735947 -58.002894
20.839650 52.346011 -58.388931
18.979998 19.199028 -62.371802
18.140683 20.215650 -64.469501
22.602173 27.181578 -64.628745
21.871663 33.184030 -64.380905
21.031035 22.021133 -66.052080
19.355761 37.803100 -66.556528
18.925634 27.678403 -67.459453
29.264697 14.434299 50.835163
26.479140 27.059855 50.198054
26.959521 23.399638 51.341801
27.396500 35.480710 42.820935
26.913685 37.914006 40.916508
24.303132 1.932182 33.179024
24.090022 27.643588 35.945018
24.785484 0.925975 27.672245
28.698865 3.699400 24.651571
22.906189 41.979481 23.625907
26.481886 24.800513 29.372517
24.214737 52.968792 27.369585
22.159211 41.590722 20.631871
25.093662 47.698707 18.483237
21.886127 39.741800 15.665450
24.445148 46.321269 15.938471
24.581810 49.873841 12.627327
24.088965 53.988927 12.287691
21.369391 65.496911 6.767191
23.922081 57.942126 8.933030
25.057603 60.278099 6.115540
23.219674 58.340101 5.860607
24.286823 60.106306 3.507347
22.671739 57.645105 -2.966994
24.684450 1.420207 -3.123079
23.721960 60.356314 -6.922586
19.542591 66.338550 -12.117521
20.805602 65.199021 -13.760719
24.141037 60.187366 -14.150033
23.475582 37.879685 -10.411698
21.531748 62.589788 -16.108979
21.507548 59.424630 -18.143434
22.724353 1.967843 -15.581755
21.536786 51.640049 -18.530510
20.070169 53.265245 -19.449884
21.750661 55.371991 -20.366377
23.056295 46.747251 -18.835145
27.042881 42.948259 -17.274259
28.448062 2.602220 -21.561711
24.424355 49.036514 -24.120276
24.780080 61.188595 -21.431616
20.988627 63.809525 -27.069945
21.164217 25.719070 -30.987904
21.829694 14.490501 -32.154389
22.468054 42.674244 -30.329876
21.992537 31.596636 -38.468506
22.884188 39.455360 -35.154795
23.673899 51.210143 -43.630467
22.174938 27.179822 -40.459396
23.836717 21.376541 -46.197842
21.756364 21.252206 -48.812448
20.772835 51.538122 -56.269315
21.042714 20.128121 -58.300897
20.901815 35.936765 -66.013095
19.894069 32.078436 -67.341979
27.245454 27.102295 40.682239
28.776247 15.512117 44.047856
29.348207 15.999388 40.887927
25.550239 28.264225 38.858556
24.457974 1.872904 36.780413
27.500772 42.826209 36.978886
27.146996 1.486532 26.606255
28.045230 5.360518 23.099186
23.800085 58.666340 21.756442
27.032693 51.058969 21.839118
23.039965 42.097370 17.124245
23.043983 36.775838 14.415625
25.462659 59.706301 19.566323
25.689048 49.360301 14.883917
26.754618 1.244891 13.588716
25.491964 55.939052 13.099359
23.335150 63.860936 12.044024
27.020205 58.574580 13.581093
22.790713 38.380097 12.864172
24.648057 35.976936 13.833657
24.756140 64.633557 8.638676
25.448731 59.938769 8.255771
25.914174 61.707792 5.257176
23.736450 65.791548 5.407012
20.863591 49.024219 3.777233
24.187146 66.165214 -0.800697
25.268968 62.948687 -0.130596
27.843189 0.215950 -0.357694
22.759874 66.687545 -3.020288
24.719979 62.128657 -3.637585
23.210977 66.757595 -9.283262
24.318790 62.318563 -9.977132
22.463094 47.084587 -11.539649
24.191006 65.006190 -11.115214
23.505681 63.240325 -13.938826
23.395600 48.313507 -21.007950
22.573744 49.472750 -22.583029
22.039085 46.066534 -27.619326
23.653254 63.760239 -25.465780
23.157806 61.848516 -29.809919
22.865561 29.037096 -32.349061
22.166454 22.367069 -33.084394
19.784570 16.798127 -30.940711
23.029265 50.902827 -28.651171
22.206256 17.654575 -32.407725
24.090892 33.602125 -33.755063
23.020166 35.673930 -37.898149
22.996405 58.704316 -36.150200
21.166164 63.658849 -39.452380
24.554492 45.065573 -35.850186
23.596080 33.070355 -40.986796
17.615278 58.869675 -48.709558
25.612813 30.087422 -43.858778
23.707498 23.995049 -43.681548
24.716319 23.639894 -46.467751
18.000195 53.194249 -51.098075
25.324859 26.782860 -46.769591
19.183306 48.770375 -51.144100
23.963310 23.148121 -50.257912
21.729384 19.456640 -61.694518
21.662056 23.967132 -65.497466
31.367933 11.891107 53.119737
30.113299 3.147447 49.578404
28.671680 29.396062 43.390684
27.614560 30.857229 42.246817
26.809130 1.778539 40.872427
28.114624 1.429476 35.165069
25.976176 26.353170 32.839420
25.588767 56.354901 24.578991
29.467873 7.535579 20.645076
25.293698 38.073779 15.470073
26.912313 50.322087 18.004770
25.862968 1.139079 16.569133
27.835261 54.351317 17.295471
26.851489 53.809331 15.715935
26.628968 61.652593 10.249841
25.464768 64.243838 3.074530
25.289534 1.537956 -5.084959
24.596322 66.339156 -5.047842
25.392859 63.335501 -5.496110
26.563694 37.383617 -10.185344
25.395647 1.607754 -7.917083
24.986627 39.480899 -13.580425
23.055434 57.070396 -20.117069
24.955441 2.122746 -16.702379
22.998054 53.149973 -19.892029
26.551451 47.542019 -21.053918
25.080197 47.115566 -27.817705
25.379509 55.787062 -23.632992
22.190690 60.269460 -32.309185
22.514792 10.081644 -31.895901
24.226522 58.164561 -34.655745
23.068453 48.448836 -31.452046
23.130208 61.605020 -36.503256
23.562287 62.094075 -38.450137
25.262651 39.463433 -40.069697
25.145899 61.274355 -40.293629
24.772828 56.976584 -38.620478
23.332181 53.815927 -41.056435
21.193998 61.168202 -46.146974
25.923508 37.301832 -42.601510
21.498202 60.318454 -48.245433
18.775448 56.922849 -51.519727
20.843749 58.677812 -51.336859
22.767630 22.013576 -53.569784
22.637077 46.490193 -56.209859
20.858838 22.516783 -55.317582
23.666220 22.733014 -65.418465
24.043197 20.939027 -63.837804
31.924340 9.155746 53.962670
30.293956 24.412269 48.973889
30.572084 15.441554 44.776117
29.737875 28.975034 46.607701
28.548868 1.808897 42.175171
30.678716 17.727374 43.051811
28.423418 25.991648 36.667878
27.829493 28.212037 35.622275
28.406347 0.980362 31.631431
29.812031 22.272089 33.197504
29.481478 20.912760 29.884752
28.410913 0.896870 29.264753
26.244247 47.190012 22.599978
26.862656 54.384793 24.534389
25.128063 43.582216 18.216774
28.481799 2.355698 21.216154
24.974860 40.618418 15.617473
28.294744 0.721778 18.896270
27.367726 59.490950 17.578528
26.704941 61.251424 14.430025
25.915162 63.118496 11.516963
27.575138 2.402551 7.873550
27.213732 -0.302685 2.653339
22.899588 49.121294 7.956087
22.429791 51.535830 6.922050
26.612408 1.906666 -12.884796
24.042880 52.124502 -18.090739
24.770987 44.755859 -17.785183
27.882765 46.083967 -19.686180
27.733939 48.004410 -25.060448
28.694032 45.461528 -28.065414
27.063094 43.399195 -30.802444
26.993009 59.980085 -22.634253
23.887310 6.321841 -31.442209
26.502255 61.949235 -27.117339
25.537873 52.564524 -27.372235
25.292242 61.522525 -29.393193
22.888506 12.239988 -33.073579
25.600568 39.836040 -33.237581
25.678536 49.705640 -30.845076
25.207311 61.641339 -43.514007
25.525095 32.649971 -42.912796
20.847504 52.685219 -53.050510
20.520255 39.351533 -59.204538
21.281387 43.654362 -59.073946
23.348863 36.141387 -58.177822
22.906127 34.581761 -61.308331
32.633619 7.647442 53.413599
31.285828 4.757716 52.345219
33.019423 14.120090 49.986946
30.942216 19.466724 46.820388
29.867833 2.149208 45.789714
32.661087 21.940781 46.566240
29.702979 32.866542 42.753811
29.487472 1.633391 37.103715
32.058631 3.421797 36.312678
27.723706 39.553758 39.531590
28.948919 29.712423 39.393990
32.213606 4.522025 33.767448
26.425713 45.150277 34.703988
26.514404 47.142428 32.634405
30.444642 2.849076 32.698882
25.257021 44.377688 30.904092
31.467652 25.891141 33.675362
29.442189 23.386972 30.744946
28.798326 55.664647 20.653073
28.298698 56.580921 21.874153
27.276917 39.620927 16.772531
29.988462 34.294406 15.790572
30.633229 4.493867 19.754081
30.897547 2.260003 19.245224
32.011613 8.028015 18.104394
29.023391 1.183232 16.465926
27.566540 0.986337 10.992705
27.654653 31.473788 12.722162
26.416590 40.501933 14.833021
24.892033 45.632198 9.066437
32.122546 2.726401 5.100051
22.559080 53.693146 4.093771
23.029949 54.258588 -0.080195
24.315221 39.366454 -11.022467
25.162449 51.434640 -16.393810
24.987123 59.804143 -18.013905
26.713987 54.152263 -18.482012
26.087157 56.667782 -19.649906
23.933862 7.911541 -25.000285
28.531890 56.713148 -24.270135
23.224044 25.820202 -35.389071
23.853098 18.948238 -36.826745
23.616811 15.961522 -34.638995
24.604230 10.289575 -36.578696
26.519156 35.954185 -34.409019
25.853747 42.801919 -38.403753
26.183469 55.320696 -41.605393
24.388787 60.412731 -47.301307
27.450132 35.533215 -44.111643
24.006509 58.109124 -51.987342
22.154846 55.824338 -53.886399
29.811735 29.215243 -47.768610
28.178109 25.787056 -51.306735
26.495100 23.597994 -50.865686
23.336889 37.294058 -56.257833
21.233556 37.993324 -56.530919
26.228504 21.490387 -52.623864
26.238679 20.722405 -57.153928
24.120390 31.912075 -63.525552
25.564633 25.505069 -64.675975
24.823534 20.760320 -61.838857
32.125393 26.267625 47.021100
32.500951 29.243693 42.940392
34.692171 18.198461 44.589483
30.349768 28.836084 40.716568
30.820015 2.043625 40.429609
29.733821 30.966287 41.506815
32.545436 15.435888 40.556293
31.892749 31.890858 41.057648
30.405803 30.265129 36.153899
31.414418 2.519199 29.766339
29.459025 48.025347 32.725090
32.427788 20.022086 27.698037
26.890213 48.552161 29.784349
32.475820 2.877689 26.250111
26.444443 46.919777 26.759043
25.892584 46.740367 24.847996
29.730008 49.625593 24.200845
26.605292 45.930351 19.386413
27.898145 33.248700 15.070549
30.662447 1.647324 14.039770
29.505754 0.961895 10.099931
28.847875 37.179345 14.952445
30.252476 34.233039 13.356158
25.453975 57.357583 6.572265
23.994198 56.485808 2.696632
25.079463 58.809988 -0.450581
23.725140 55.810703 -4.352405
28.687183 1.297489 -3.861516
27.597961 35.707750 -8.722929
23.860737 43.292905 -14.170728
28.286839 1.787920 -10.132639
23.560470 49.026828 -13.763194
23.079313 45.238556 -14.097985
29.145368 36.277867 -11.437825
27.200387 40.575697 -15.294653
25.443381 4.911714 -32.068665
26.976200 60.190339 -33.169613
24.285928 16.513185 -36.529101
24.074709 12.839413 -35.592208
27.307670 51.642781 -29.221854
23.266029 23.668243 -37.023155
23.128905 21.570265 -37.073874
24.112408 54.834784 -37.577821
26.701864 47.947266 -33.688027
27.494250 59.852193 -41.537261
28.329712 57.258492 -42.723056
27.621170 49.755802 -45.012354
29.267571 54.045568 -44.877746
27.581533 58.184977 -49.802020
26.265593 29.299700 -64.249017
27.590690 22.498250 -61.372489
34.384331 3.301855 48.582333
33.780570 27.962703 44.706217
33.154604 1.928094 44.542538
29.871281 37.015994 42.327715
30.180178 40.936315 39.692968
31.405723 23.491576 35.140442
28.775706 46.868996 34.501993
30.989177 45.176174 35.443601
32.919448 4.787248 31.067935
30.531885 49.748858 29.712794
31.429100 23.092680 31.945284
28.884264 44.431855 19.066687
29.541199 40.921094 18.462233
30.971100 38.248618 17.499366
32.416207 4.410059 17.430996
31.495719 1.325947 16.835969
26.988032 45.287639 15.204770
26.931267 51.966933 11.521921
26.545935 54.997328 10.521015
28.371178 58.996815 2.088950
28.514363 60.059388 -1.786155
24.614321 59.209427 -3.445136
25.805095 61.942209 -5.668171
30.249407 1.659424 -6.552646
24.403754 59.695691 -5.888039
28.866755 61.154608 -5.199886
24.933543 60.750284 -8.965170
31.462437 35.305455 -10.553942
25.331450 61.187537 -10.830548
27.084824 40.412540 -13.020385
24.469705 47.382792 -16.724913
26.795845 62.311417 -14.212006
26.372808 45.464433 -17.289157
28.114854 61.816751 -16.712206
29.523553 58.712108 -18.597327
28.542366 56.305794 -19.248645
30.376422 44.078329 -20.580047
30.900259 45.098026 -24.262009
27.839863 6.834007 -26.531619
28.409346 60.888889 -24.801980
30.279789 60.786001 -27.922785
28.901089 61.219007 -29.980221
27.825427 33.373446 -35.947133
25.350117 31.721590 -34.512296
24.948417 21.447949 -39.474151
25.345815 13.215440 -38.023893
28.332782 6.055633 -35.656517
27.095883 16.927127 -38.428982
24.857862 53.494633 -39.571823
29.919264 44.349840 -38.203556
27.385941 60.191751 -44.623919
28.848845 58.721955 -46.244255
29.469272 37.595343 -43.980473
28.095920 36.657432 -55.453376
28.363724 22.485590 -53.905612
24.640980 37.860211 -58.821342
23.887950 41.427887 -62.146593
27.356853 35.815465 -59.278031
29.175322 22.549128 -57.317375
29.422758 27.897256 -63.409729
26.451457 23.620341 -64.302522
34.154738 11.695654 51.056633
35.504098 8.620025 51.014560
35.013991 6.001076 50.950903
36.931507 12.879309 48.217202
33.930956 14.568607 42.156266
32.845306 2.277166 41.102253
32.130574 36.682306 41.990180
31.882762 26.480470 37.698191
34.501607 22.289353 34.675410
32.087096 20.279697 32.136265
33.284057 22.550170 26.692981
33.021385 42.172927 23.074019
35.062883 26.217687 26.074760
31.249554 44.979406 22.279221
31.529172 41.624975 21.926959
29.058013 47.470595 21.318833
30.645458 42.897910 20.167506
31.958495 40.397650 20.139965
31.937752 34.627517 15.631096
33.553770 1.489275 13.840622
32.374044 32.517221 12.395558
30.571638 40.084199 15.611966
26.586454 46.669894 12.017694
32.508378 33.513859 10.326213
29.131649 59.072119 7.845795
30.258094 55.509907 2.217813
31.174194 -0.162682 0.512783
29.307358 37.261847 -10.949908
27.821654 63.027589 -9.177783
29.073693 62.949527 -13.938853
29.681653 40.698080 -14.122066
25.397161 49.625159 -17.336207
28.186862 51.604135 -19.132101
30.639907 1.906696 -13.591546
27.637024 47.943205 -19.663790
30.357181 37.378678 -13.659539
28.198930 5.926242 -23.589978
29.629383 4.396219 -28.766015
31.412537 43.537174 -29.985023
28.404227 4.616555 -30.686851
30.309049 60.388989 -26.386174
30.813445 57.092726 -25.658816
30.267227 37.461867 -35.047957
32.118711 57.345966 -27.608447
30.762324 53.109590 -29.710098
29.164596 60.696298 -33.116394
24.973166 28.971875 -36.915377
26.005999 9.038812 -38.255617
28.306494 50.880288 -31.043509
26.040327 19.037856 -38.420119
30.109162 13.112189 -38.452008
27.957881 11.826857 -39.303073
25.774571 52.026567 -42.212930
27.421578 51.578279 -43.588746
30.750510 48.200855 -45.883104
30.553340 56.910983 -48.262101
30.804597 49.522360 -49.151818
23.747080 54.923899 -55.826631
26.868979 55.818113 -55.085666
23.657109 52.458889 -58.507189
23.889953 44.502497 -62.227491
29.246945 24.845476 -62.331425
29.703384 30.979559 -63.837378
35.227963 15.134099 45.300263
34.851748 25.570716 45.281468
34.911300 37.778291 40.256564
33.474763 42.586570 36.038886
33.910201 42.673581 32.257762
32.638281 46.255300 32.421960
33.477053 19.606681 30.034572
32.528737 47.614231 30.446941
34.656131 42.556797 29.956373
34.460929 23.642617 31.931771
35.601221 26.758144 29.108439
31.270573 50.287312 25.954322
29.892357 45.247951 17.023827
34.958651 3.846675 16.056437
30.644326 50.613108 17.776817
34.917789 7.417367 14.987293
28.445885 49.206047 15.070316
30.511671 37.004759 15.225655
32.697357 1.587136 10.743475
32.677397 37.474725 12.963895
32.875088 36.862138 10.166046
32.638804 0.571754 2.312722
29.865318 54.462025 -1.030637
30.746962 52.047319 -1.972745
29.875488 57.095231 -2.323760
30.224089 52.697667 -6.292684
30.180470 54.529547 -6.920239
30.283430 58.132841 -7.897485
31.278657 1.841168 -9.119432
30.690202 53.166318 -9.381259
29.403247 62.016863 -9.214440
30.741386 55.878031 -10.125851
32.066851 52.689081 -11.607350
31.277722 59.331183 -11.517310
32.371010 50.889210 -14.636285
29.617294 43.958488 -17.570468
30.285689 52.592610 -19.736572
29.001748 46.581187 -19.597247
31.163244 49.620031 -20.160135
29.254129 2.005800 -19.139577
30.814338 40.676187 -17.328042
30.545560 4.632122 -25.584063
32.166971 40.848596 -32.082568
31.177876 60.679658 -31.916713
32.721320 50.772349 -34.378121
28.173456 7.475901 -37.674509
24.508584 25.759225 -39.140462
29.042995 9.760266 -37.847878
29.632805 58.534554 -36.726642
30.119499 49.684197 -34.605941
28.677167 40.075033 -40.697323
28.365480 56.250558 -52.241998
32.165388 27.615233 -51.167791
29.216997 54.529760 -55.247135
26.053631 49.242595 -60.793182
27.749324 53.514094 -58.462026
27.049396 51.025739 -60.337305
26.172342 39.862797 -61.817101
31.218960 26.354345 -59.905011
33.247450 27.635697 -58.577171
35.463887 20.688718 45.916545
33.411571 2.608832 38.318422
34.357312 26.867201 39.252148
35.109558 33.313741 41.300896
35.292254 2.992886 34.989917
34.157496 30.712791 39.065623
33.985422 41.249913 37.892190
34.684143 26.700600 35.570341
36.164908 40.615202 34.929974
35.699509 40.634138 30.874092
36.025081 25.446140 30.558520
33.201776 46.807132 27.643405
34.727025 43.629658 26.653483
32.650664 3.091104 21.112379
34.411141 46.321076 15.314072
32.781991 41.509919 15.048331
30.009951 58.063034 14.099219
29.466808 52.908198 14.955337
33.673398 40.923461 10.287776
29.269282 59.886142 11.995246
33.907684 1.276508 8.864108
32.852180 1.213549 7.493179
33.979018 36.808366 6.891069
30.592454 58.088508 4.298492
33.003890 0.581109 -3.749615
30.275935 62.243842 -11.560716
34.907526 50.264769 -12.534350
31.350675 60.952944 -14.503566
32.380060 57.009814 -13.764323
32.442762 54.416834 -14.554353
31.777581 42.351317 -16.207377
32.787459 56.385396 -15.816439
32.581848 52.117784 -15.907069
32.441969 51.264971 -18.471101
32.139048 47.025368 -19.062843
33.335469 1.912463 -19.012191
31.754847 2.872878 -23.174910
32.078668 4.248983 -28.055560
33.612732 58.048702 -29.444667
32.889265 35.314273 -35.037642
32.662108 33.299103 -36.195284
30.407831 15.686088 -38.167800
32.985029 55.581692 -28.828003
29.518148 31.138410 -38.191693
31.222030 56.631566 -39.708351
29.443225 33.401307 -44.761261
31.818520 53.327697 -49.777970
31.038598 47.270576 -49.173081
32.679674 50.079898 -52.876947
26.514609 37.617204 -58.228568
32.428343 26.436551 -56.033806
32.069419 30.620813 -61.997978
38.195925 7.267830 49.113835
36.974375 2.976209 46.340286
36.275551 2.181341 42.365048
37.020657 23.709367 45.255490
38.100137 13.738912 42.721008
37.531913 26.014470 42.428573
37.232076 13.605904 40.395322
35.333385 15.156151 40.439763
36.917113 2.714557 38.060008
35.221175 40.188021 38.181750
37.254593 27.713889 36.193191
39.045578 36.711037 36.389898
34.189516 3.900531 30.803522
36.241888 29.706748 26.468333
34.652550 2.906886 27.763341
33.459816 2.086283 23.179703
35.885224 8.935443 15.221521
36.265897 26.834620 21.173408
31.609333 52.524017 18.930163
32.146051 55.849117 17.714110
35.588079 1.614028 14.096220
33.111488 58.511920 15.447326
33.813401 43.545163 13.264904
32.017660 61.575452 10.953790
34.293689 43.882833 9.498678
31.490039 59.592353 -16.896910
32.300327 58.228339 -15.927135
31.475015 55.453624 -18.784291
32.746697 53.506071 -17.463277
33.929731 46.034359 -17.415843
33.515035 1.981382 -14.586531
33.493469 39.937556 -30.308409
33.999547 37.604753 -29.129453
33.029276 37.968071 -32.420430
33.530287 35.354043 -33.172724
33.316352 5.061225 -31.068979
35.220794 14.150274 -34.495359
32.550189 10.912141 -36.901397
34.133155 55.353973 -30.788670
35.086380 57.326383 -34.501699
33.875875 46.251038 -37.656273
29.484799 53.932612 -42.655085
32.630586 41.838544 -40.016174
31.171527 38.699530 -42.532908
33.069439 34.399208 -45.987787
32.083918 37.420268 -46.237823
31.123368 53.224741 -53.773917
31.336845 52.202303 -56.646655
29.213849 37.755347 -59.125616
29.356246 51.481532 -59.066299
28.409541 47.605943 -61.643843
26.296734 46.171594 -62.615052
28.083624 43.545820 -62.858674
30.468568 34.235855 -62.080690
39.183527 3.033100 43.182485
38.942822 15.547781 42.639331
37.593950 24.124666 37.170586
37.015793 34.837701 40.356983
38.289795 34.076251 39.329855
37.047877 29.795626 39.196585
38.706948 38.503759 34.106186
36.857728 22.429313 32.892816
36.287121 25.629515 33.741794
39.898062 29.850653 34.290387
38.160387 30.735316 30.052616
33.430776 4.453396 19.089684
37.491198 8.030686 13.343528
37.573164 3.844115 15.052851
37.960093 1.872737 12.599617
40.091582 8.197627 11.727211
34.593538 41.629601 6.465502
35.140131 1.912008 5.306603
35.792523 0.673833 -1.484127
34.626561 38.672715 -9.262483
34.953197 41.215356 -10.955729
35.044451 1.378580 -7.549902
34.782374 44.027932 -14.310194
34.819014 47.309227 -15.732240
32.104813 38.818841 -14.519801
33.829658 44.956736 -26.132451
35.337795 41.745800 -27.476727
33.990667 34.534853 -27.896569
32.797400 16.336953 -35.059035
31.937561 5.647713 -34.913811
35.359113 55.002417 -32.780101
34.672177 58.370516 -33.318670
35.650251 53.003626 -34.819137
35.537024 55.940285 -37.508379
26.719634 18.749227 -41.353733
30.339604 17.440476 -43.915955
29.810097 14.640101 -41.952005
31.259461 54.016377 -42.823729
27.349539 29.065867 -41.883370
27.058478 24.543068 -43.179085
30.986532 51.633586 -44.505186
33.840710 39.484982 -43.478941
36.250528 39.034056 -46.750938
31.893806 35.494120 -57.315452
30.879535 40.498436 -61.699991
34.312894 30.134253 -59.951764
40.623449 11.570710 47.807810
40.419741 13.517439 45.932128
39.511049 21.387223 45.741216
37.310405 18.309401 45.509534
38.474428 25.391655 40.071250
38.873672 2.961022 35.037840
39.642497 29.973957 37.591252
38.487322 2.908835 30.744863
38.869667 3.261639 26.282275
36.282143 2.538841 24.854303
35.703281 2.063123 22.976750
34.658746 4.865248 17.892623
33.590895 36.254310 13.719556
34.891333 53.934322 18.620235
33.996750 48.488443 17.564691
35.366193 60.074430 12.705700
36.417269 45.060323 7.925981
34.946120 62.510551 6.046704
31.294606 61.901504 6.688651
30.500489 61.217054 1.841544
32.575757 63.529314 4.526436
35.349534 2.508983 2.737080
31.534831 63.595207 2.187491
30.689896 58.612632 2.084266
31.451756 54.906681 1.301780
35.245616 0.990791 0.784354
30.752370 57.823131 -2.553384
32.434447 63.811646 -0.783673
30.368329 61.133016 -4.604830
30.467152 55.588319 -5.757666
36.052238 35.955655 -8.105946
30.847119 54.870414 -8.777496
36.036257 45.604243 -9.605284
36.728871 1.956939 -14.908458
35.218827 35.437997 -25.561241
34.802183 3.309909 -25.498016
34.307683 32.961757 -31.799551
35.925414 48.203249 -37.524063
30.071379 6.537425 -39.991750
33.523332 55.779141 -41.047624
34.981827 53.768358 -41.977525
31.993123 19.228157 -44.410803
28.764532 31.175594 -42.719818
29.471959 21.245610 -44.730073
34.498734 49.531968 -44.734447
33.360970 48.111568 -47.304431
32.680999 34.039183 -60.157228
31.374969 48.930364 -60.158908
35.067718 48.186115 -58.356968
31.095804 45.540103 -61.903892
41.465347 5.197966 45.315383
40.147191 23.734091 44.290692
39.709923 19.142630 45.617765
35.230388 22.476367 29.221961
37.787124 2.935799 23.913160
39.249112 26.589963 22.117625
35.898244 2.243862 18.861947
33.997078 44.458916 18.828400
38.844083 22.751077 19.908681
36.955020 6.413222 16.146764
33.555377 41.770984 17.555002
34.012131 39.339390 12.011700
37.206804 52.325094 15.931617
37.473926 55.417707 14.910124
36.405608 58.039547 14.035601
37.045910 50.044813 11.477561
39.279708 10.340640 12.225161
37.533868 54.132035 11.853922
37.418409 1.878387 9.128055
36.343205 53.802277 9.735861
34.794438 61.855359 9.451732
36.927599 53.858058 7.922808
37.007099 43.419308 6.553757
36.086643 38.533268 5.060079
31.063914 55.242851 -2.635077
31.808335 63.915124 -3.841927
31.376263 63.559036 -6.653095
30.724729 59.291151 -7.608734
32.641703 57.337899 -9.413653
35.710268 49.799780 -9.897363
35.336618 54.422191 -10.416519
37.950739 1.258240 -11.649239
35.815027 39.476884 -14.530959
36.312576 2.405776 -21.686905
34.726152 45.032261 -22.655671
35.641907 44.030003 -25.570764
35.418889 29.936536 -33.292781
35.142619 30.668005 -36.239757
37.031586 53.171976 -37.793516
31.212757 5.686338 -38.599867
31.219803 8.617514 -41.720908
33.275894 52.027733 -44.031410
29.384067 25.373922 -45.100840
33.106270 14.034396 -43.479829
29.534754 27.999389 -44.946416
36.772480 48.320338 -47.348344
34.894156 31.571100 -47.503943
36.426981 34.601700 -47.375098
37.425349 32.078694 -49.928263
38.364009 40.333019 -49.191865
35.268297 32.726045 -57.348741
35.468395 28.863723 -55.944925
33.655932 37.286596 -58.761236
34.290900 43.087025 -61.161249
41.898831 24.796334 41.953755
42.318740 14.819858 43.709839
40.217761 3.195921 39.719628
40.813557 33.005153 37.547683
40.857643 31.807312 31.089366
36.848056 26.297616 29.942033
39.479551 3.167446 27.739964
41.777521 31.867860 28.069544
39.838156 30.209052 25.427767
39.573593 3.275880 24.313205
39.518428 24.675516 21.913780
34.628706 46.452284 21.980182
38.288969 3.107452 16.710956
36.075628 40.753047 7.998774
40.741672 3.390668 12.774649
37.855633 56.464598 10.494696
37.851560 59.498504 9.669178
39.381054 48.018630 9.869296
38.451133 56.476167 6.496447
38.428742 45.601839 8.142049
34.725542 63.477451 2.594351
35.285041 64.751259 -7.461981
37.422528 0.515213 -3.283274
32.959929 62.467125 -9.318091
37.322179 48.518230 -10.511511
33.922492 41.634118 -15.874466
36.737495 39.066103 -26.454946
37.776592 36.018011 -25.361049
38.098017 41.440732 -24.793070
37.148570 32.888291 -25.420804
35.525529 31.974754 -28.584227
35.283894 3.986804 -28.170725
33.762888 13.745306 -39.156340
37.841361 50.400812 -41.782673
38.816076 48.533438 -39.405676
38.093236 45.121637 -39.709328
32.658869 34.186755 -43.424342
32.384372 35.186160 -41.234785
34.036179 22.132671 -44.418904
33.632919 16.573576 -44.192687
33.254687 26.460740 -45.407712
30.716828 23.284451 -45.186769
37.997521 49.036646 -44.008822
37.875888 42.165944 -41.472569
31.341022 30.780261 -44.912658
36.691148 40.344777 -43.904260
34.524837 48.715149 -50.560989
36.514925 29.510640 -52.749248
37.617585 32.079638 -54.393822
42.964729 7.583231 46.419003
41.847181 3.829222 42.561142
41.812852 33.705195 34.483405
41.864318 37.704887 33.775950
39.001273 26.530793 32.537335
38.661117 42.461885 31.452362
43.971407 4.166617 28.267440
42.784795 33.056993 30.201205
37.558256 44.694048 29.833212
38.629417 27.321396 24.300503
36.423034 47.099738 27.370565
37.054716 48.924378 26.376229
41.630632 22.339423 24.819858
36.176023 48.975135 24.866261
39.550763 2.084376 21.444690
35.987512 48.968982 18.871951
38.645751 47.666530 15.271230
35.234538 43.180880 14.985836
35.612176 43.269140 11.110308
39.343003 42.750059 11.512283
41.498774 1.761552 9.620273
38.150937 60.003632 6.006849
38.054647 59.534640 3.462722
37.823296 40.913100 5.680811
37.807322 36.693245 5.912921
36.671991 62.766258 -0.078338
39.628469 59.435644 1.687462
34.333651 64.590574 -3.034051
36.465357 52.200493 -8.855187
37.383589 34.578011 -10.423024
35.316094 42.726692 -17.799386
34.786677 44.368382 -21.209625
37.156001 43.979380 -23.130981
37.282956 42.907085 -25.040813
39.152837 38.219136 -25.108065
32.049915 46.533680 -33.114001
35.483364 3.272608 -33.196033
32.705349 30.057616 -36.654080
34.691891 2.401411 -38.384083
36.049201 18.541444 -44.297304
32.504493 7.871370 -43.185327
32.214037 4.848573 -42.827533
40.031956 45.648679 -43.442378
38.841971 33.465012 -52.739964
37.320181 48.919232 -54.134139
37.455083 34.963810 -55.763760
39.768547 40.740482 -53.191416
35.718667 36.941276 -57.905807
35.824792 39.586421 -59.538041
43.748190 10.545970 46.688417
43.693278 22.304189 44.344386
41.874760 20.466874 45.466984
45.611813 13.518531 45.217605
43.693457 2.908808 39.339356
40.607499 25.432431 36.375825
41.781173 2.983472 37.765446
44.021683 4.197939 31.103642
40.523639 41.234781 32.225819
40.210330 28.825080 28.510325
42.532945 3.790317 25.771360
39.725328 44.693571 29.451638
41.396206 25.809387 26.176206
41.737730 20.310740 22.510962
42.622494 3.182597 23.756426
37.448115 50.333103 17.887107
40.110677 51.119568 17.493713
38.610789 45.072552 12.600345
39.748615 39.027423 10.549536
38.938538 3.579583 -0.037597
40.540819 2.115884 2.315581
36.457747 63.853957 -1.944147
37.664192 64.295884 -4.876147
35.701596 58.177807 -10.783114
39.830528 0.923484 -4.292562
38.976663 0.563134 -8.997610
38.545459 35.434658 -13.055819
39.824303 1.255982 -16.105623
38.675699 39.933588 -16.467505
39.489131 34.304266 -25.177215
33.253930 53.604362 -25.507515
36.857773 30.465496 -30.699946
33.613211 53.299805 -28.433703
32.019846 47.138432 -28.947933
31.769498 49.465464 -28.877111
36.878847 30.219238 -34.689611
31.105981 48.242947 -31.171882
33.352738 44.189695 -30.054135
33.588681 40.830630 -31.707982
32.917724 43.753169 -35.838036
33.329829 45.475003 -36.094477
35.100082 14.456646 -36.929261
34.199061 35.430575 -37.655148
33.737659 12.569746 -41.246987
33.550309 2.988154 -41.328722
36.472365 32.957299 -45.127916
33.492577 31.286681 -44.939197
39.411849 42.226572 -44.871951
39.916464 45.236692 -47.489635
38.658787 48.303339 -50.794272
39.668523 42.985080 -50.938715
38.319971 37.220628 -49.153497
38.769336 34.512237 -49.665549
39.291474 37.835214 -55.144536
37.486445 47.212265 -57.495206
37.700719 45.500189 -58.707509
36.792574 42.710130 -59.909931
44.374823 4.069938 42.659574
44.326990 18.848855 44.149463
42.723508 2.945904 36.128742
41.002263 28.044485 33.856158
44.018908 34.969805 32.073897
43.430500 23.239963 27.347994
39.095196 46.910603 28.037756
40.838057 46.321094 26.899696
40.190671 49.898462 23.515190
40.554633 48.055628 24.696318
43.374447 44.745176 23.739459
38.833916 51.770564 21.101927
42.381935 48.961430 21.295930
42.780607 2.212242 19.917780
41.271325 22.412262 20.688092
42.091563 2.515050 15.649891
42.059336 21.547685 18.017745
40.064681 6.280205 14.163459
43.036873 40.257278 13.185443
44.054613 23.047792 16.258329
41.144120 36.472938 9.775183
42.284602 11.354803 9.581561
40.429499 1.671679 6.512935
39.650497 62.012363 -0.967590
35.282417 62.398576 -12.209744
39.927248 40.597897 -21.259127
40.971826 1.692995 -24.448428
36.509777 56.154606 -23.522729
35.509940 50.801633 -22.259784
38.489228 2.153640 -27.931866
34.280936 48.042552 -25.434276
34.682920 51.497118 -32.382266
37.348556 2.048367 -30.943650
34.022523 38.827721 -34.174436
37.716328 12.135776 -35.502843
35.795954 40.188235 -38.215758
38.262327 21.258107 -43.125409
39.806508 22.724294 -40.064623
35.777165 10.619530 -40.017185
35.176437 32.730038 -36.694638
35.813651 37.524257 -39.878385
33.350717 10.132630 -41.286621
35.877304 8.808330 -43.631174
38.087951 35.964878 -43.899484
37.362809 25.746796 -44.340490
36.337585 14.071481 -44.278261
36.759351 29.704596 -45.492219
39.644372 46.716146 -51.062042
39.488905 36.587377 -51.306146
39.956851 45.292695 -53.725494
39.739898 43.963873 -55.636820
38.444898 41.387302 -57.838388
47.601940 9.836778 44.532411
46.603909 5.254187 43.830640
47.223169 16.821291 42.836448
44.662811 25.683059 39.468086
44.631674 3.050339 36.708593
44.485063 39.224916 31.995556
44.350019 27.942725 29.903329
43.629638 42.090585 29.206340
45.605745 33.986137 29.730098
44.427539 42.969926 26.379251
43.462446 42.419889 21.685480
40.421241 28.764405 23.759667
43.313206 3.936795 13.592526
43.348810 42.670283 14.577132
42.400326 9.477969 11.850335
43.660265 33.474365 8.171391
44.743277 4.402430 10.016620
40.088940 55.024359 9.573001
43.522396 9.362913 8.325998
44.399382 1.783091 7.365925
41.493543 3.524336 -2.790685
36.871967 64.604199 -9.737921
39.962816 34.362373 -11.514486
41.564763 0.852203 -14.012927
34.481338 54.850949 -17.925765
35.114904 51.962443 -17.207760
37.218844 47.876553 -18.039261
43.063013 34.146723 -12.936068
36.749726 58.529699 -20.264863
36.112610 55.325399 -20.205733
36.938145 51.920382 -19.523520
41.272737 1.254119 -19.944031
42.376830 35.878767 -19.815834
42.128226 35.993878 -23.027390
34.935026 44.964198 -27.991868
35.875575 47.226380 -35.964847
34.623391 37.414681 -31.766016
35.762171 33.675778 -32.691121
36.263004 43.149659 -37.854138
38.663409 13.734806 -36.910314
36.396248 2.298709 -35.924328
37.864686 12.656379 -40.171808
40.524921 24.909943 -41.236730
37.438635 12.297588 -42.067886
36.636705 2.098842 -41.140056
40.165457 28.795413 -44.199506
36.327414 5.744933 -44.593361
46.573470 22.937701 41.738920
43.712804 27.735880 36.802181
45.908183 29.703145 33.446576
46.597374 39.949372 25.509976
43.837616 28.513867 27.104961
44.468036 38.933718 21.970191
41.437211 26.377666 24.567939
43.345364 19.658272 22.024830
43.328786 22.896384 23.072098
43.764787 49.658499 19.580680
46.056427 45.754258 20.680929
45.764795 2.983297 19.160131
43.698299 21.925150 19.718971
42.756802 45.820409 15.194816
43.943525 20.649424 17.110522
40.942254 52.978002 12.562515
40.245154 50.664494 11.750673
45.658598 3.107588 9.177331
40.043400 41.828538 7.562941
45.326062 10.069535 5.654179
44.324756 32.502403 5.961124
40.365434 57.361460 5.859482
40.387425 37.631013 6.044069
42.773366 3.183602 -0.920905
40.798126 0.291392 -7.515111
39.811070 63.834928 -7.354420
37.102741 39.773452 -12.520884
36.544927 42.570765 -13.754174
41.972907 0.438760 -9.958026
35.516181 60.030393 -14.942893
37.561073 54.210093 -11.082572
36.318225 45.395646 -12.372070
35.351074 56.021396 -14.973052
41.139976 62.669460 -14.700748
36.626633 50.929928 -13.326463
38.842336 42.804197 -15.788012
34.596406 58.019176 -17.005661
38.634341 62.493821 -16.481597
35.440578 59.884067 -18.569911
41.177780 2.004672 -26.997301
36.408404 47.998922 -23.146413
42.963943 0.851421 -30.446865
36.841182 53.749057 -30.552758
36.428540 41.646974 -28.646010
41.240423 0.154084 -31.519740
37.345940 50.059966 -34.353682
41.099430 1.025466 -33.999562
38.723923 46.752237 -36.581358
38.518383 11.220063 -38.848851
37.462179 10.536388 -40.629139
39.386787 1.414355 -39.132893
38.826174 3.213523 -43.949785
38.181007 15.806331 -45.781141
41.995798 6.294623 -46.480989
46.439036 7.887130 45.212414
48.461351 12.250304 43.390158
47.524797 3.705876 41.491583
48.811868 19.142317 39.934889
49.024108 14.422089 41.450396
45.735807 2.900435 38.240610
47.748859 22.816389 39.637363
50.967082 20.377076 37.577308
50.443613 17.143100 38.557809
48.792226 24.089627 37.518884
46.452452 25.000647 29.107277
47.134067 38.623443 28.998064
46.175694 31.255282 28.890097
47.215845 38.118572 22.576426
46.237582 5.208063 20.818482
45.165706 47.293327 20.519949
45.523317 21.496318 17.998835
44.626973 1.946865 16.392802
44.564643 47.135753 16.396628
47.334727 25.647377 15.017637
43.535138 37.925397 11.811206
44.562018 53.602986 12.379383
43.589818 55.261961 10.934221
44.092336 48.948691 14.228246
42.407369 44.793322 11.400240
41.590332 57.439006 8.409870
40.679719 43.762280 9.586187
44.317847 40.807423 10.326315
45.873582 9.524201 7.595350
47.106138 4.187685 7.390011
43.344944 34.607690 6.710790
43.885779 58.202056 5.803203
42.924015 61.721325 -2.632857
43.753288 3.152682 -4.574854
44.352022 0.910036 -8.520085
40.259439 63.106199 -11.015924
39.528327 37.634719 -13.717052
35.684895 48.137230 -14.653632
40.160730 47.969321 -17.156501
38.768712 60.902661 -20.015175
39.204709 55.731415 -21.062086
37.227047 56.592071 -28.291380
36.544869 46.331083 -25.487330
39.264941 43.742868 -25.057860
36.885143 32.948404 -27.776621
38.304035 52.574015 -34.343877
35.856435 37.806606 -28.913843
36.033654 33.896362 -29.380670
40.795468 14.378596 -34.878778
43.055823 24.480664 -36.369465
40.652063 12.942172 -35.995924
39.519049 44.403937 -39.239176
37.877223 41.907368 -38.987692
41.606649 25.966445 -37.600079
40.653665 2.049362 -36.317957
37.951359 38.236321 -41.750942
39.170810 38.078627 -42.731372
40.557609 35.276817 -44.000940
38.647112 31.321834 -44.948906
38.961836 9.398296 -44.977428
38.927732 18.392701 -45.657622
40.643333 14.627447 -45.982680
43.092342 4.431041 -45.817086
48.689986 7.498804 43.636920
49.523352 11.269579 41.041902
47.536869 25.949847 37.178593
45.725068 29.447274 35.455119
47.858508 27.670714 35.879127
46.956695 28.903473 31.140662
46.025546 22.366336 26.914588
45.423227 3.553531 24.371795
48.512292 30.332903 26.498424
46.915019 25.123522 24.547783
48.021646 35.172772 25.320707
47.201456 43.017844 21.123734
44.573082 40.588188 20.291364
46.084891 23.544729 17.981647
48.408804 26.286408 17.698029
44.206545 5.453721 12.155519
47.606036 43.468064 11.971906
42.176072 38.480996 8.737126
43.301154 37.154144 8.652670
45.613991 52.508930 1.817455
44.317092 48.776494 5.527964
43.812596 46.352069 1.446009
45.565354 58.549176 3.040309
47.378526 11.837960 3.503167
44.366867 1.700049 3.468920
44.264597 59.937426 0.850392
44.220471 47.282855 -1.134165
44.376121 50.725856 -1.241106
43.477526 60.908630 -6.991280
42.273707 62.186793 -8.415733
40.849736 35.853272 -12.794683
44.031154 38.280116 -13.906848
41.654181 43.732165 -15.750647
41.965745 60.921644 -19.189903
39.482532 51.728385 -18.444706
43.036673 37.374678 -17.667303
43.373692 1.529028 -20.584483
40.360652 48.765898 -19.116202
38.285353 46.268254 -20.908596
39.029931 44.623016 -22.231042
45.272092 1.885813 -26.896494
40.797218 55.152447 -22.265824
38.958171 36.456308 -26.653794
41.880118 46.077421 -35.469737
44.211202 2.124024 -34.775770
41.889153 44.804316 -39.039508
44.116938 4.383295 -38.010121
38.619722 39.576747 -39.710751
41.297887 38.958514 -40.635795
42.740045 27.540338 -40.261168
42.940921 28.132647 -42.551851
41.007922 12.988591 -42.824352
39.781951 10.700486 -42.305534
42.105707 3.390007 -42.171828
41.594417 30.458651 -44.032834
41.146241 19.871920 -45.581408
41.141697 10.579330 -44.138261
48.041867 5.775098 43.684884
51.958285 8.599626 41.606974
49.268966 4.120500 41.290178
49.091001 3.269265 38.633329
46.898648 3.726870 33.407020
49.480385 27.094093 32.848462
46.570951 3.502761 30.329330
46.249631 21.241988 24.934163
48.093904 33.685204 28.197397
47.936165 46.074055 18.667812
49.232713 6.390238 19.320533
47.555024 2.387554 16.235332
47.456530 36.379932 8.810350
44.714407 8.336286 10.789199
46.085058 47.111661 14.146901
45.699337 51.693210 12.984267
46.541008 49.871359 10.343452
45.426785 54.903896 8.747772
46.209938 52.365665 6.741651
45.296337 48.723664 8.218059
45.881639 47.471091 5.328164
44.867892 37.962038 8.835469
46.795868 54.021735 3.942104
47.027354 1.974801 5.040385
46.097778 35.757139 5.924058
49.477468 2.290390 2.660854
46.278529 2.178921 -0.535920
47.213012 55.798948 2.035771
45.928487 54.708388 -1.090654
46.351365 58.309539 -1.929250
44.583512 53.234416 -2.739764
45.259478 45.805071 -2.695324
45.825583 56.118162 -4.037853
47.218841 3.841498 -5.226222
45.074430 57.952161 -5.940664
45.034631 59.664002 -9.886431
46.079444 0.639551 -13.191570
42.313220 49.436457 -16.567185
46.350360 0.868495 -16.602225
43.185688 57.936157 -19.329774
43.214679 55.504712 -20.918088
45.624967 1.218296 -23.022554
44.763591 0.580110 -25.360204
41.108375 59.470924 -25.832788
42.257277 58.236676 -23.313554
40.724880 56.159456 -29.828569
39.937532 40.016821 -25.521243
40.932915 54.369687 -32.677840
38.968123 49.471297 -35.881446
44.754204 27.806852 -37.045032
42.713310 15.061724 -38.543741
41.888825 40.847358 -39.981675
44.903462 28.906025 -39.485782
41.234779 12.531442 -38.748679
42.708951 38.107215 -41.944560
43.078213 30.793266 -43.945971
42.679723 33.736763 -43.871706
42.267594 12.786127 -45.190540
42.543076 17.951056 -45.981322
50.445251 6.632210 42.426975
49.181144 3.849932 35.784277
50.009398 22.611673 30.672661
50.019979 23.704016 28.012733
48.004234 22.567190 19.182319
49.012680 4.707090 17.877369
46.656344 42.464376 14.337214
47.349780 39.169454 11.563392
47.976963 49.178550 13.904526
46.526328 52.484358 9.800928
47.988290 7.280724 5.113792
46.576058 34.057237 3.839978
46.658225 32.662944 4.855624
50.160005 11.739515 1.802502
47.086205 57.219216 -0.048097
44.555471 62.171210 -12.832423
43.704944 46.110484 -15.195121
43.495483 40.634081 -15.714600
44.219141 60.106098 -17.729956
42.193657 53.301317 -20.210675
40.950990 42.768567 -20.112603
41.894730 52.069682 -21.919920
42.132317 39.568005 -23.384290
44.067139 44.847787 -33.015332
41.755378 51.922372 -35.872351
45.946524 25.560855 -34.352895
44.700621 43.716503 -37.633570
43.793570 13.914769 -38.585847
47.386294 30.734304 -39.563321
45.307626 31.324421 -42.940240
42.570794 25.536912 -42.408226
42.714565 12.052209 -41.482192
43.914476 35.413559 -43.224754
40.966496 22.176484 -44.969651
43.466225 9.994988 -45.781456
51.231101 4.759135 40.986231
51.090196 23.844598 34.028189
49.954995 3.659374 30.891495
51.912966 20.011178 32.896591
48.995575 3.015128 27.390120
50.672013 4.122074 22.728276
46.203123 39.525276 21.164224
46.537969 2.524085 12.810274
46.169901 4.158766 10.737739
50.217887 46.728773 13.163680
48.345701 49.565500 12.358924
46.077201 34.024391 6.857640
46.828797 48.397381 8.373372
47.499994 39.595827 8.966445
48.523446 10.420184 5.342989
49.796430 5.004953 5.339915
49.364535 1.914065 -0.545330
47.111882 52.223319 -2.786511
46.660743 47.428429 -3.939330
48.433941 5.030827 -8.284446
50.155139 43.566888 -5.854981
47.171898 2.622437 -9.329660
45.499302 61.055320 -15.550196
47.487515 57.488092 -15.016652
43.491104 45.087738 -16.651910
45.239489 57.328159 -19.459575
43.964762 48.855757 -17.009253
43.884789 52.866892 -20.151578
45.557054 50.484913 -20.275890
44.123189 49.073039 -20.636227
41.865047 40.531016 -20.338334
49.101520 6.220851 -28.358012
45.717897 58.942902 -28.641386
45.467510 4.193490 -28.413105
44.804344 44.053371 -30.860204
46.326682 41.890783 -31.858282
46.581759 1.254658 -29.862991
47.858938 2.006775 -33.359147
45.679522 43.304882 -35.663269
41.592077 25.061946 -40.087088
45.376874 40.057349 -40.730267
46.778713 36.891760 -40.827624
45.082924 13.986704 -42.356319
44.121970 11.466485 -43.064202
44.555798 23.190969 -44.805902
42.453760 21.296186 -45.329756
44.286716 15.509617 -46.499390
52.511831 5.368145 40.357383
50.724463 3.766834 37.380561
52.247797 4.878147 34.752577
52.793238 19.005186 34.031889
50.215883 28.162402 24.299240
49.355476 25.598682 21.710882
49.830063 25.030857 18.754219
50.640686 41.175314 13.952706
53.081980 23.489640 14.511455
48.770517 2.688356 10.998745
46.512148 5.561299 9.198766
48.138023 6.161625 7.448417
49.683372 36.299322 3.611346
50.039195 35.093708 5.234526
51.274992 3.671616 3.484088
49.761458 9.567830 3.035710
49.164283 50.631277 -3.909755
50.783583 5.867561 -11.869580
46.932890 61.000574 -12.240876
48.734892 55.868993 -12.644530
49.499787 1.184749 -25.050276
43.783339 52.278496 -22.859146
42.746724 57.068387 -29.385053
46.188887 56.295507 -30.926878
44.225154 53.661397 -34.033215
48.024927 37.118783 -34.314168
47.779820 34.726702 -35.191821
47.057838 41.222665 -38.061293
46.161893 14.354151 -39.242145
44.012521 26.473931 -38.563562
47.169429 32.353517 -41.939990
43.634390 26.976061 -41.437479
44.939371 15.437691 -40.558917
46.463087 11.211358 -43.309624
47.648570 3.414062 -43.460666
54.146459 12.200047 40.322233
52.712098 14.776332 38.889301
54.985859 6.086024 38.169001
53.719362 17.483601 36.245685
51.620667 3.527014 27.690781
48.553998 37.156059 24.558089
51.598592 43.211729 20.474070
50.801234 27.646740 20.463253
51.248317 27.923977 18.559243
52.348569 42.038304 17.336053
51.671609 3.196656 15.234699
50.137597 2.371901 12.979260
51.668487 3.801889 9.077247
47.734233 50.082344 7.851856
50.411250 41.374898 8.428923
48.870389 38.642232 7.435437
46.922563 50.212815 1.477017
45.217835 47.015261 1.262405
51.184772 6.352904 3.531411
52.384219 2.556802 0.190990
52.679017 6.626275 0.475525
52.222763 11.123077 -1.129200
51.724519 2.589174 -4.625821
48.767976 56.977470 -3.043317
49.277848 47.284196 -5.495154
48.307645 59.024212 -6.714118
48.893506 1.615888 -18.348167
45.394031 50.941492 -22.781169
44.891201 60.038862 -24.502231
46.261198 42.782601 -29.690717
48.732875 32.217403 -31.760032
47.752850 29.227987 -35.132329
46.031832 45.641132 -37.522996
43.625177 46.957504 -37.255992
46.302241 27.413897 -37.793423
49.612058 6.683288 -34.572362
46.125650 51.578835 -37.438216
47.004912 13.471755 -44.138463
47.562107 8.678915 -47.399842
48.435378 4.899170 -47.487422
55.905800 9.813607 40.213160
52.318402 19.170593 31.221704
55.504037 14.350371 33.482911
49.510033 23.628989 23.527915
51.001552 35.646990 26.400087
51.472271 40.154517 23.548699
50.826084 37.733943 12.382927
51.963006 49.553758 10.622128
51.084726 44.054485 11.473304
50.399068 50.373677 10.815114
52.975880 5.034811 7.406115
48.777588 51.208506 7.938316
50.380291 39.205008 5.436064
51.307139 52.396507 5.031600
48.026387 51.398014 4.372078
49.058870 53.000275 1.152905
47.570193 48.043103 -2.300195
55.343612 4.013668 -2.864206
49.117268 52.305495 -2.644704
50.867890 57.254446 -10.029183
49.490578 3.467357 -12.361419
49.645709 2.013267 -13.605870
47.490990 58.702457 -16.930348
50.937167 1.990356 -22.166362
51.915941 3.038770 -24.954278
49.207072 4.610369 -26.691012
47.002115 54.538508 -21.283134
50.307111 9.250933 -26.879178
50.072602 27.959740 -30.936966
50.415262 53.573725 -33.123826
47.708540 52.848122 -35.345743
45.858440 47.600277 -38.773384
46.488344 28.986950 -41.022870
47.489196 3.451585 -39.080605
47.529486 28.412703 -42.607228
49.717292 10.783849 -43.646968
55.061984 14.847041 38.232360
54.805696 15.545477 35.549071
54.834017 4.013585 29.397631
51.007680 25.076240 28.755865
52.078838 26.696846 26.912183
52.873456 3.341286 21.075217
53.022425 29.037866 23.747396
53.042851 38.396985 17.867748
53.748812 36.949935 15.458238
54.639422 3.558168 14.345312
51.991042 36.296729 11.972612
54.773841 24.804754 11.868615
52.272271 45.576854 10.056086
51.299692 8.029014 5.151266
52.744918 45.644606 7.477872
52.568150 43.463523 5.286656
52.789576 39.376826 2.776026
48.804913 49.659357 -2.265678
54.752315 12.031873 -3.538249
50.523339 55.324178 -2.187602
53.390930 53.135933 -3.937512
52.345427 50.152788 -5.093108
50.979507 4.152105 -8.672368
48.319033 58.315535 -20.042047
49.898193 3.174063 -20.483320
51.696297 3.430179 -20.888124
48.467818 59.866146 -25.212858
47.113529 44.056534 -32.330376
51.494536 1.462623 -30.951698
47.292936 15.932316 -39.638322
49.422972 14.997290 -39.384360
52.376374 12.656056 -40.348088
47.627880 25.259253 -43.469953
49.621491 22.753801 -43.867302
46.781273 19.775819 -45.899496
48.201845 14.657954 -47.021085
51.894588 4.173325 -46.003905
56.807714 7.947732 38.941162
57.007818 12.625046 37.860991
58.120074 5.936136 35.152788
54.970424 4.657417 32.369584
51.905367 22.358250 30.515276
54.724008 20.771741 32.035120
53.006434 24.573947 30.810877
54.972466 4.527818 26.340962
52.670300 31.854754 27.183394
54.537970 26.283338 24.739093
53.011944 39.724600 22.326368
52.688552 24.569926 17.919088
53.473061 4.905369 17.256719
55.468514 37.899067 19.363380
56.823693 4.492136 11.821104
52.143329 38.728828 9.667413
52.808308 49.412642 8.116303
50.829776 51.870361 -0.002969
53.645716 50.561115 3.978417
52.623373 49.470024 -3.295091
52.563164 56.720751 -4.815811
52.139320 45.850216 -7.023115
52.750021 41.457420 -8.843992
51.055724 4.550026 -16.338067
50.200767 1.695776 -16.010449
50.010605 60.514178 -17.356922
54.035399 3.985215 -18.813261
54.780724 2.805001 -22.672187
48.334714 58.882070 -22.878092
52.480629 55.221116 -30.891045
50.307120 2.525264 -28.847693
48.722039 26.199227 -33.383657
50.950735 43.964881 -36.917247
48.157407 29.158060 -38.922797
49.920950 30.087228 -40.368681
51.054860 26.449866 -42.686501
50.685750 20.603895 -45.316074
53.390759 9.468568 -45.651206
52.216689 8.390680 -47.111050
58.052896 10.656319 37.849501
59.322160 13.552020 34.429191
55.234784 24.238545 22.372233
56.746123 3.405340 22.161762
55.369946 36.327761 24.607683
56.450481 28.179634 22.137576
56.569469 22.440281 20.520754
55.901753 23.557460 17.280582
54.861614 26.439336 17.058791
56.427921 3.833634 8.214126
51.608353 10.706879 3.763077
54.103706 47.367499 5.839439
55.325206 25.840133 6.966025
55.353363 47.004756 2.805406
53.615839 10.669765 -0.030901
54.028835 43.341013 3.202503
51.465070 46.552240 -4.561208
55.805782 8.059320 -2.626096
57.956328 8.867405 -5.436331
55.421887 3.088294 -7.731072
53.488485 3.698022 -9.359340
52.784440 45.433558 -10.997574
53.654650 43.540872 -13.771062
52.086237 57.761349 -12.972632
52.148779 59.446543 -14.916786
53.702700 5.081992 -15.713879
54.226044 2.698975 -24.537598
53.607949 7.031528 -25.041000
52.504588 10.313530 -26.418505
49.344250 59.338159 -27.041452
53.423078 4.111805 -33.001595
52.523290 8.623159 -32.975563
49.492916 27.392598 -34.997838
48.335932 47.922986 -39.063288
49.009967 45.801630 -38.874822
54.237648 9.105820 -34.327287
51.994264 13.723730 -47.259123
54.333217 6.830947 -47.237899
60.037872 7.684256 35.677351
59.958785 11.442993 35.535961
57.674998 4.598253 31.036102
54.853008 24.456060 31.003751
57.387014 15.405738 32.725929
57.803716 5.713953 27.263409
55.029394 33.314781 27.573701
58.712969 4.716509 24.136305
56.157273 3.721571 18.060435
51.531510 37.463355 6.980153
53.971399 41.268031 1.375362
56.599087 13.339986 -6.699668
55.037565 54.553717 -6.916602
54.665539 49.994295 -7.338355
54.093770 48.200021 -9.435221
56.175461 3.477023 -11.513782
54.361815 48.344954 -12.889322
51.356298 59.897552 -21.569820
57.752614 3.123158 -21.522347
53.879436 5.513269 -25.376120
55.719846 52.825998 -29.370582
54.317221 5.465786 -28.073093
54.305078 2.327436 -29.233659
52.395408 41.644280 -34.931447
54.756860 2.493611 -31.634178
49.120898 40.294610 -34.925602
51.254703 29.356005 -37.356638
51.267510 46.698874 -39.417107
51.117166 23.435759 -42.608914
51.737111 5.401586 -35.941973
53.550135 28.579840 -40.885618
52.667029 2.838274 -38.197152
51.578685 29.693188 -41.502847
51.242826 13.321894 -42.693904
50.902702 16.660568 -47.426810
60.922038 10.110757 35.383678
57.185973 25.998982 30.272563
57.290502 24.228477 32.019826
58.922215 20.622083 32.161405
60.431350 7.711716 28.293019
58.430467 6.949124 25.663986
56.285539 29.809929 25.694331
57.458612 33.429852 25.999095
56.235893 27.488718 13.140246
56.595007 27.996493 10.176406
59.151732 4.294936 -7.776479
59.528963 7.301414 -8.866791
58.185464 11.062203 -9.515190
55.583484 51.679465 -8.331920
57.358129 10.415104 -13.082525
56.001998 3.473283 -14.474364
54.779819 57.222959 -10.757316
55.909120 51.651275 -10.597676
55.021942 44.721017 -16.531537
51.919128 60.290530 -17.083413
54.859140 47.764693 -17.416094
57.772285 2.691915 -16.442762
54.035261 45.187221 -19.364484
53.602969 59.815116 -20.106538
54.996607 48.436395 -19.619659
54.819647 12.297840 -22.819726
54.700361 9.197898 -23.466211
56.707137 5.286360 -23.498205
54.459718 58.513105 -24.130414
56.115831 56.454361 -26.739854
56.960019 49.549238 -28.444030
55.194046 10.237850 -26.447650
54.490241 6.312435 -32.922907
53.567901 28.831131 -34.872362
49.492403 34.905930 -36.708547
50.522863 38.844084 -40.258180
52.885350 14.277518 -40.709343
54.439603 10.543467 -42.522277
54.150156 21.173053 -43.809158
53.490859 3.257878 -40.978805
59.069860 16.885240 33.063123
61.938608 7.926572 31.977268
59.461557 6.413410 30.885900
62.003062 10.382601 27.125764
58.476671 30.482028 24.885402
57.442393 3.156973 20.125564
58.277380 28.693706 17.902471
54.089901 43.354275 14.608690
54.242695 39.901364 16.097042
59.142162 30.193982 15.190448
54.968421 46.193691 11.571789
53.256853 40.869405 13.401226
53.396075 44.021018 12.443131
54.730626 45.353249 8.392019
52.920935 42.924574 11.254839
54.532899 41.253310 4.514840
53.458530 5.579197 4.542238
53.767193 7.548496 2.069876
55.457255 11.866675 -2.187707
56.970116 51.484940 0.627496
54.963885 43.983434 0.775675
59.945088 5.153136 -10.669615
59.151731 7.647493 -11.637647
59.766292 4.330076 -13.076785
56.583784 55.493486 -10.896212
56.769714 53.220549 -11.972418
60.311836 6.189821 -14.544458
56.000520 51.380178 -14.072066
59.684375 11.226373 -17.132638
58.030480 9.992218 -15.385629
56.153817 58.271385 -15.543342
55.726415 49.942961 -16.834691
59.986686 3.431361 -19.402790
56.720529 49.881381 -20.448942
57.300404 10.435147 -21.601682
59.173249 6.615909 -21.640168
55.956531 45.593962 -20.823065
59.299048 44.115047 -20.282115
59.100530 48.561143 -21.675172
56.635557 14.578692 -22.532675
55.005587 8.453438 -32.284613
56.243702 10.478780 -32.610127
54.968660 27.581391 -36.516911
51.928089 51.050278 -37.948158
54.181744 43.017521 -36.391525
51.964006 41.759837 -37.752292
53.941231 3.854261 -35.905009
51.397600 36.818860 -40.764006
53.086333 11.911660 -45.442639
62.742053 13.581901 32.271368
59.854939 24.405415 30.058764
62.513029 9.592452 30.724225
58.702804 26.425884 25.635508
63.170683 12.710034 27.150736
59.474411 35.639377 22.951296
59.389822 4.285179 16.620076
56.158335 41.313134 17.961252
56.593085 25.558790 15.058857
59.906613 5.227254 13.059716
57.219592 43.939418 15.554948
57.949610 24.097682 8.355142
57.043530 46.678556 8.336836
55.693319 3.377179 3.971062
54.732971 39.122122 0.814307
55.764529 9.945063 -1.517909
57.201689 43.450859 0.279757
54.518367 45.378489 -7.289251
57.429455 54.617900 -13.746699
57.345920 52.496593 -17.236259
57.750721 52.980998 -19.272963
57.872496 14.347880 -20.678899
59.257888 53.114269 -21.982807
55.503756 12.763700 -24.670760
58.847514 46.266780 -27.554663
56.472419 7.812981 -26.517169
57.595413 7.339913 -31.583734
51.718923 30.711711 -36.294095
54.221369 53.250601 -35.810651
55.180990 48.378808 -38.270863
53.725936 40.821863 -39.120081
54.667965 25.874594 -42.311777
55.070204 15.360883 -47.144970
63.182005 11.783864 31.205869
63.357314 15.836037 30.428724
60.850469 31.523736 21.824721
61.935867 4.942980 17.347371
60.388999 37.999032 19.854699
56.768165 45.247938 14.281751
58.935063 25.046857 11.637243
59.042131 43.317540 13.980049
59.806515 41.854584 14.568212
57.986665 46.264849 10.767105
59.219336 43.831627 11.200323
60.777611 40.966127 11.069368
61.386910 21.780604 8.977190
58.057545 27.142837 9.747318
56.264281 45.658753 5.428743
57.840914 44.525184 3.707955
57.589553 41.851836 1.508037
55.535023 5.659173 0.530465
56.296108 40.783843 -0.637414
56.109885 51.641296 -3.179070
53.924789 41.820130 -11.562468
57.782172 57.171110 -16.898316
61.567486 5.429119 -18.331434
58.481281 55.469954 -17.433643
58.807626 55.703420 -19.961506
60.427231 15.673252 -19.616068
60.327397 8.279977 -20.123567
58.195074 56.989844 -21.779898
58.836596 12.518163 -20.194565
58.864301 52.887120 -25.533224
60.179245 41.007886 -25.133137
59.221120 9.818208 -31.768252
56.636499 5.586950 -32.332070
56.439555 41.565558 -34.791556
55.812086 34.669498 -40.021400
54.154842 45.873663 -38.883422
54.751524 36.980840 -40.649531
56.585727 22.845819 -42.227962
58.834488 20.088814 -43.120162
57.725322 12.796158 -39.973886
54.993799 19.441163 -45.034342
54.735897 12.339245 -43.157989
56.617341 5.557896 -46.803968
61.865399 18.454406 31.288743
60.511862 25.837755 27.793103
58.685428 25.885665 21.381059
61.928347 5.880311 24.867576
57.470773 25.395020 17.554576
60.440560 27.478047 16.047682
62.210379 29.943795 15.515928
61.088379 26.920870 12.290808
63.455404 40.257977 9.430045
60.680770 45.363653 7.961993
58.605680 45.847490 4.734741
56.816046 7.238651 -1.134571
57.207054 49.917752 2.575511
57.251357 12.530450 -3.293789
58.583301 46.134222 2.729527
55.004849 45.719675 -10.957724
59.783754 50.052877 -24.884886
60.547628 47.094920 -24.049766
60.401753 44.640022 -24.891032
57.179651 12.581379 -24.159727
60.453094 4.899754 -25.544626
57.854296 3.196333 -28.993094
55.586079 53.987704 -33.054143
56.571824 51.405009 -36.330097
56.046388 41.605576 -36.275289
56.487999 29.873206 -38.157680
58.939684 42.591407 -38.589875
54.256696 39.530602 -40.909151
57.205524 3.253801 -40.992667
57.202509 9.505708 -43.884574
56.082262 4.139495 -44.786733
57.304773 15.791706 -46.886556
62.746120 21.034136 28.633091
63.433963 24.465654 26.341347
64.530865 15.940308 27.110920
63.393585 22.600354 27.000889
64.600407 20.622605 25.859966
61.565754 27.203039 25.046412
63.551728 4.928419 19.876470
62.242218 28.972377 19.930747
62.920757 33.962488 20.265936
63.465987 31.839155 18.126037
62.413871 39.025209 16.118057
61.741609 21.582520 12.060603
60.972478 3.769748 8.989890
61.019619 23.994775 9.777830
60.206967 3.365037 7.032534
62.814275 4.282753 5.422390
59.762676 3.144446 3.043728
63.191113 32.619246 3.039345
62.932063 32.844287 -0.115917
59.141010 4.998828 -0.738305
58.916907 52.170613 -1.389246
57.404939 51.971898 -6.360443
56.025113 47.519758 -12.830691
61.190307 16.021901 -16.267561
60.742646 14.512384 -15.048700
60.807698 43.089553 -22.283103
59.521168 8.406380 -23.858735
57.836815 27.042501 -34.743559
58.238147 45.254788 -35.520845
58.745280 33.065227 -38.670879
57.430156 6.259982 -34.204323
57.757373 3.886335 -34.728844
57.812528 27.167301 -37.892239
59.645254 2.791228 -37.267331
56.628516 39.558132 -40.344312
59.355382 25.974338 -41.088834
57.173274 10.477397 -41.898440
56.331668 11.327012 -45.803322
60.295465 14.142385 -46.903849
66.610777 18.092395 24.503408
65.833800 21.452643 23.791885
63.849454 27.468908 24.018707
64.557446 5.112828 21.971039
61.668205 25.218401 14.267286
64.404242 36.550359 16.541544
64.002185 37.808776 14.052984
65.346352 33.536294 5.981935
65.395403 8.419478 5.678398
61.069267 41.748008 2.433321
62.584993 22.875457 5.429923
61.852991 3.194499 3.183341
58.538187 8.540525 -2.240568
60.400886 49.782076 1.307095
64.689400 30.130700 -2.574046
61.686710 45.844535 2.438060
61.533487 31.545708 -2.661538
61.112147 52.584016 -4.299607
60.218727 53.541791 -6.287505
58.540933 52.983079 -8.572776
56.594563 48.509128 -8.753849
61.278345 33.046332 -9.793193
56.807267 49.262502 -10.317870
58.257468 51.996490 -12.664986
63.129348 34.978837 -13.063063
56.746950 47.575541 -15.361593
61.446355 32.737486 -14.681222
58.300148 46.953286 -18.728462
61.046920 6.777030 -30.086603
60.351013 51.931535 -28.878896
61.611649 10.941376 -29.727476
60.028655 48.937976 -34.946678
59.250785 35.139613 -38.774314
59.239344 24.801186 -35.177062
59.666004 23.334604 -42.114335
60.604797 11.329682 -44.803458
64.183692 8.335580 26.876000
66.667798 5.431147 24.846448
65.255092 28.133274 21.634430
67.387285 14.682545 25.003612
63.273637 28.447039 17.082623
64.942351 33.994717 17.472092
64.932177 31.839207 16.838813
65.024561 29.423665 14.959042
63.830662 43.976329 2.609405
61.741189 4.143042 -1.069722
59.504890 9.248401 -4.748876
61.201455 51.505019 -2.055806
64.377696 42.263885 -7.470169
59.041531 11.427606 -6.597983
66.170818 45.454880 -5.129344
64.904608 37.659223 -9.659680
61.582452 53.047830 -7.557556
57.972178 50.354947 -15.452067
62.735441 32.983856 -11.712687
63.467437 31.574374 -16.479666
64.070360 5.340512 -27.164866
61.502571 4.105857 -29.615938
60.609874 42.971243 -27.596596
60.512301 52.359610 -32.614455
63.208331 33.830404 -37.471695
60.020052 29.477158 -38.559965
59.875063 5.905895 -33.124569
63.022992 11.457142 -42.258715
59.740621 10.536989 -41.077665
61.181940 3.948973 -43.216267
58.244423 8.557729 -45.611731
59.379150 4.840929 -46.186315
59.974891 16.580517 -46.203983
59.903956 7.120887 -46.315566
65.123321 12.896870 25.319694
67.806118 25.368771 21.650434
64.277970 5.782812 16.936473
64.590738 27.359421 16.585826
64.933336 22.932405 13.680786
66.660695 32.894644 15.314969
63.116048 4.492117 12.369310
67.111413 35.774720 11.985625
64.550230 21.205733 12.364154
65.615434 5.879801 9.668740
64.384134 21.383798 10.037178
63.717584 21.882954 7.111057
64.420407 43.316371 6.606343
64.811355 24.238594 6.982735
63.222551 43.674708 4.139214
65.924070 6.186806 3.929891
64.831743 24.034103 4.429260
64.975911 22.570488 3.409706
65.503600 4.099827 0.384429
65.500799 46.940962 0.161548
60.798038 6.320802 -4.256271
63.744906 49.956071 -2.823102
66.396903 27.970440 -3.967794
62.345612 4.062010 -3.767396
64.920068 48.347472 -5.532840
64.813673 33.090617 -10.529896
65.206059 50.401725 -9.096644
64.802838 40.816862 -10.021870
60.560732 9.307400 -9.114025
61.157648 53.652720 -10.669037
61.005551 53.745879 -13.894935
59.554217 52.937861 -15.917480
59.694912 52.563990 -17.628232
59.287882 50.689570 -19.269251
60.931923 14.219256 -21.567267
61.347646 10.983777 -21.681230
64.877749 11.056754 -27.069065
61.093697 26.297298 -36.276595
59.992322 37.627761 -39.603298
63.204579 2.733749 -33.586231
62.962174 11.178772 -39.782880
61.066766 3.609282 -39.930061
61.848614 8.700679 -43.802186
63.037409 19.468442 -43.276080
65.642329 10.638989 26.404621
65.462904 28.932678 19.300062
66.563086 4.470443 14.751296
65.859527 26.847391 12.804163
69.059919 33.232376 7.450552
68.226188 25.975870 8.849765
67.433141 39.425929 7.711997
65.694220 33.048061 0.872439
67.856866 10.683611 -0.871445
64.964730 3.309992 -4.818620
66.549736 43.113876 -5.156541
64.165557 33.771515 -2.406054
66.892696 37.566019 -8.647694
65.653948 44.883954 -9.031314
59.986673 8.985298 -12.581090
63.932387 52.313948 -10.974822
62.668797 8.704813 -14.203620
64.396306 33.284314 -14.417200
66.319338 30.836412 -15.738060
61.840981 52.520985 -19.390068
66.677388 27.469738 -17.213808
66.190082 27.123833 -20.478594
64.666945 42.312780 -21.902391
64.603695 29.615116 -22.459919
67.237326 28.739118 -23.470413
63.075404 4.492245 -22.399801
64.735928 32.083848 -24.707104
61.700329 45.493835 -26.812793
62.615724 52.001426 -31.004087
61.716668 46.205641 -37.069438
63.469540 23.276965 -34.949672
62.735506 24.330133 -37.347666
64.326995 5.388240 -43.379810
69.130850 8.908055 26.332127
67.356930 8.899996 27.285680
69.824657 21.135064 21.239454
67.325620 4.620211 17.719199
67.027158 27.694797 17.383630
65.815037 24.566010 14.623419
68.847436 5.054487 12.361261
68.143651 35.677225 5.945223
66.819339 33.671287 2.971412
67.007623 34.937744 3.162306
66.459238 11.754511 -0.191537
67.343704 7.055184 0.947967
66.740004 35.287678 -0.904400
67.546939 8.061125 -1.642715
67.524404 5.743240 -0.823058
67.422063 4.476034 -4.274006
69.372597 9.035802 -5.374598
66.831833 31.326465 -4.067056
62.651087 5.287615 -9.173250
65.492365 34.536989 -8.879271
67.772936 32.171537 -7.890355
62.207208 6.918906 -12.876177
68.086424 43.594030 -10.211787
65.789619 36.743628 -13.619910
63.459690 53.150140 -16.225807
63.311300 34.288811 -15.982093
60.884924 49.671502 -20.105535
62.141768 46.573477 -20.708533
63.400810 10.758037 -18.358667
65.955042 7.957758 -25.958711
64.303518 29.824775 -26.631129
65.166971 32.491558 -27.683062
63.116397 51.235699 -27.588219
62.783470 48.628203 -25.921605
62.964390 49.738509 -34.365572
62.549797 37.210070 -38.917273
63.493362 3.162744 -36.392324
63.246777 41.216823 -38.764845
66.129486 4.244642 -39.846304
64.670489 12.067591 -46.435830
64.251005 15.428961 -45.809503
68.989842 5.049687 20.430595
69.295987 32.804878 12.767534
69.768398 31.440380 11.815919
66.556251 22.591807 11.199237
68.572520 27.557188 12.047960
66.832197 23.375459 7.735378
68.209312 24.737297 4.118133
67.671853 21.774142 4.443953
68.191501 42.190550 4.080688
68.372873 35.527046 1.644405
68.053237 44.418121 1.392614
66.997729 46.855459 -1.810428
68.773818 40.154372 -7.147118
67.390565 11.432867 -3.758273
68.573095 33.135479 -3.670996
69.019349 34.411021 -2.093046
69.015698 6.549933 -5.812334
68.099463 27.077217 -3.382052
68.793560 29.784293 -7.434160
65.865723 3.146519 -9.193482
65.452920 5.677653 -13.415769
64.898621 9.649597 -14.120610
66.973244 13.616235 -13.779446
64.482645 12.077928 -13.831674
66.224369 51.333338 -13.858553
66.296981 38.542432 -11.308191
64.686553 13.641995 -15.847282
67.037170 40.775951 -10.037246
64.070402 52.188935 -19.581763
64.700303 49.962953 -20.818845
64.736551 5.977522 -17.136769
62.901241 6.446665 -19.725630
63.304472 40.688160 -24.518384
63.611517 43.556400 -25.135224
64.319688 8.702719 -29.756616
63.487387 4.678207 -31.119347
64.757494 46.635624 -35.578573
64.450768 35.838311 -37.922877
63.893894 31.635518 -38.599660
64.300520 26.395182 -38.286606
63.690229 23.774699 -41.503012
70.528540 7.242003 24.783147
71.798213 8.182526 23.039634
70.147209 17.847225 22.361511
69.893115 26.268804 18.433747
70.798779 14.539078 22.438152
68.401371 26.521074 15.801288
67.914495 24.732691 13.628805
68.795830 44.318765 -2.241786
69.428909 41.666681 -4.785927
71.004397 24.710515 -2.980651
69.010965 34.867055 -7.619461
67.700037 3.642504 -12.254065
66.541887 51.666417 -16.737630
66.146419 9.193745 -16.099597
66.919445 36.071922 -15.852435
67.385781 34.723170 -16.799226
65.653229 3.721970 -19.370798
65.728916 40.409754 -22.655244
68.050232 12.629396 -24.256799
67.092029 10.279428 -23.990737
67.942134 31.187790 -26.300370
68.105797 29.694248 -28.521679
64.442022 50.873528 -29.585713
64.909224 49.164735 -33.302997
65.955606 43.001137 -35.200450
66.079541 40.186660 -37.802729
66.994938 22.029733 -35.930032
66.196971 36.917183 -37.863143
68.530493 4.518727 -36.684538
65.105908 10.987848 -40.943631
70.148397 12.290304 25.485626
72.244706 23.097835 17.442817
70.803599 18.051426 19.872049
73.070835 14.723318 19.252544
70.594788 5.644039 16.179052
72.723370 16.130039 16.732792
71.803825 25.354127 14.140566
71.488608 17.708225 16.738016
69.839236 4.568278 9.210093
70.550835 28.158524 9.670164
69.639179 22.583238 7.095851
66.648646 7.469900 6.711022
71.638814 27.243007 5.699332
71.733530 33.045844 3.430124
71.859586 30.409607 5.793490
70.090288 42.186572 2.200301
70.234758 33.752145 2.056798
71.370856 35.924018 -0.734061
69.251764 30.763551 -1.859529
71.882771 37.487039 -4.254908
67.820086 11.647746 -13.310552
67.931026 35.067745 -13.481215
67.860266 38.005336 -12.968309
70.199386 45.291988 -10.870514
69.568343 47.662774 -18.799341
69.294993 31.495257 -17.780926
69.235963 29.663999 -19.041486
67.684407 43.637768 -20.868824
67.800437 40.424647 -20.043494
69.915014 9.858019 -22.849773
66.888035 34.689670 -26.074418
65.902141 49.954623 -26.518737
68.047568 37.777193 -27.837864
68.347036 49.261702 -28.034140
68.760973 47.007488 -31.595429
68.005292 43.908768 -33.655083
66.381165 3.918445 -29.790831
69.517106 41.893605 -35.623820
68.512736 5.242807 -33.730528
64.208400 29.624530 -39.548567
66.216699 12.290759 -39.733426
68.206055 7.496652 -42.867522
67.358976 21.887701 -41.672572
67.926935 18.089325 -43.575303
74.021576 12.109616 20.990616
74.044878 8.491610 20.577958
70.783359 23.768579 8.219373
67.593181 5.883601 6.852940
72.330185 20.291482 5.988455
70.443512 39.385831 4.502044
73.497072 29.329904 4.350999
72.369177 38.043024 1.712116
71.828876 41.281678 -0.194568
71.070190 34.521592 -3.587374
71.089768 4.926060 -8.443950
70.284545 3.402125 -10.494573
69.775099 5.059957 -13.159838
67.981999 35.095678 -10.369630
70.477386 41.895511 -10.126903
70.318592 48.034289 -15.734354
68.852781 46.937814 -20.250090
68.204779 5.038134 -21.331189
69.489833 40.167850 -20.978157
72.010099 11.871006 -24.126491
68.976621 33.496715 -23.667203
67.999424 31.139351 -22.251573
66.795623 44.334210 -23.706325
69.070732 35.593264 -25.707145
70.682836 39.033186 -27.510160
67.404736 35.374952 -27.888235
71.154288 28.620409 -31.490641
67.118983 34.222726 -36.563621
69.623491 20.213402 -36.225777
67.446444 39.147013 -37.810165
67.953936 31.188488 -38.514431
66.525056 26.179869 -38.867256
69.128459 21.726836 -38.496432
67.486005 13.731213 -46.207351
67.282058 9.939856 -45.957828
73.652179 6.284285 16.256117
73.805337 18.413708 14.348148
68.814196 6.629989 4.346079
71.368966 22.573842 4.469017
70.855750 32.781849 -0.589460
72.640393 39.148310 -2.783485
68.934708 7.775698 -2.195828
70.778694 34.257463 -5.482890
69.587737 32.114907 -8.503205
69.752817 8.504969 -13.537725
71.000105 34.356670 -14.194135
71.408557 37.539409 -15.252335
68.311185 11.918077 -15.762706
68.111429 6.082992 -16.515332
66.974014 48.354021 -24.652829
68.539946 46.136156 -23.547569
67.065133 10.786855 -27.370587
70.028134 7.924556 -25.499820
72.585391 42.808098 -29.213950
70.093511 36.839231 -28.526668
70.930226 32.779940 -30.166087
69.394744 3.964568 -29.445623
71.645753 6.365362 -34.698522
72.693991 8.531879 -33.811776
73.440592 5.639571 13.227242
74.728743 16.610085 14.903264
73.443439 23.958755 11.929506
72.572446 4.402436 5.741079
73.187927 31.505763 1.386495
72.137578 27.211070 -1.590215
70.901124 6.437163 -5.436967
70.370265 27.799325 -4.701190
70.292313 36.876376 -10.979659
71.066156 10.732491 -12.783308
72.992444 44.991567 -15.787531
73.298535 42.124350 -11.519351
70.756965 39.759783 -11.877127
70.785786 12.524617 -14.728503
70.423925 9.542501 -15.756639
73.261279 41.184537 -18.635241
70.771675 43.676647 -19.521106
74.051493 37.739413 -16.388317
73.238847 34.795096 -17.024531
71.893489 5.520188 -21.609715
72.779535 32.208162 -19.635471
72.462802 33.574600 -21.452510
69.451184 42.947499 -22.630185
69.695799 48.221160 -25.055599
70.006846 28.096611 -28.941855
73.663476 39.163318 -29.846811
71.086355 44.255360 -33.056974
70.896377 37.920003 -36.811321
67.859622 23.158529 -37.353817
69.711024 26.925206 -39.549990
71.727967 18.147538 -37.464574
73.372254 5.729514 -40.012627
70.736726 20.175142 -41.051376
69.949385 15.884297 -44.776826
76.575690 7.834021 16.308660
76.502009 14.192954 16.228839
75.740294 13.494101 18.295522
75.597062 7.163291 13.689590
73.894358 6.250373 9.899516
74.265229 23.440352 9.103180
76.735471 21.661140 9.812018
76.503189 18.903524 5.403704
70.135646 5.531970 2.050389
69.589650 5.223864 -1.015845
71.348093 4.622113 -1.377030
70.826484 34.587341 -8.284009
74.241652 7.575173 -11.355585
72.422633 5.366744 -12.759636
74.934640 41.010233 -14.215600
73.766035 38.724640 -14.223770
74.042204 38.487658 -17.787969
71.580841 8.841313 -22.821864
73.133597 42.287617 -21.906306
71.021316 44.996420 -23.064741
72.747064 36.276208 -24.349016
72.241712 46.641967 -28.553447
73.097658 4.548475 -30.726142
73.614628 40.909889 -33.545837
72.951606 36.171309 -29.738860
73.551251 33.561864 -31.405223
73.077517 30.295276 -32.271550
73.653508 26.618590 -32.338532
72.413619 32.426940 -38.128096
70.910053 12.794589 -46.046326
77.245900 10.458128 16.177331
76.648406 11.847084 18.157455
78.720590 17.803741 12.408649
76.679797 8.533063 9.477093
75.951030 27.680441 4.350156
76.204872 25.304432 4.657804
76.410526 22.448465 4.625639
75.981668 25.631675 0.046353
75.563282 22.185516 -3.946953
76.204715 4.248845 -5.167401
71.937572 29.536247 -4.380041
74.263331 4.846151 -10.797894
73.401367 10.868048 -12.905671
70.778833 29.703461 -15.862918
72.308301 28.541747 -18.544027
73.011330 7.397053 -14.946828
70.846243 5.015428 -16.928484
69.402420 26.993159 -20.262721
73.633788 11.237113 -22.089848
74.590017 40.746591 -20.718654
70.467143 30.974788 -23.994342
70.769060 28.575423 -22.198169
72.882012 44.024929 -22.654839
74.953647 36.905882 -23.241950
74.383441 38.982120 -25.824663
70.611433 33.020248 -26.529080
73.847313 42.192830 -27.050233
72.033857 47.416718 -25.706825
72.793098 4.957916 -26.270599
74.926447 39.205565 -31.919759
76.064244 28.755832 -34.406248
71.054643 21.486616 -38.419667
75.922278 19.519680 -37.255372
71.511980 29.915663 -38.814346
72.431601 17.416861 -40.223798
72.285658 14.095874 -45.018013
69.612794 9.884103 -46.586434
78.380261 13.241712 12.271625
77.176901 11.154728 10.380115
76.104174 4.526351 4.642237
74.073622 4.443393 0.096506
74.901228 30.465289 2.101261
74.556519 4.411984 -7.253421
73.161560 32.542273 -4.768525
73.620994 27.812973 -2.811591
73.517028 37.144159 -7.827768
73.270066 38.141550 -10.730663
74.108975 34.142602 -7.153387
75.200712 4.493816 -18.608006
76.305812 37.082017 -19.431502
71.690898 28.144045 -20.368376
75.777705 39.987809 -24.345424
74.069055 44.842156 -25.005233
74.832572 43.065823 -24.304392
71.020236 31.640975 -28.270888
72.594117 29.404456 -29.994488
75.207513 35.305481 -33.565387
74.266918 10.370693 -33.346199
74.102801 36.304576 -35.954581
75.645900 32.084829 -35.003428
76.049743 21.370018 -37.821479
73.227194 26.414816 -39.342492
71.107057 8.192130 -45.215354
74.277503 10.629212 -45.714960
80.230740 12.416484 9.989380
77.681777 18.321862 3.308499
76.563430 27.864916 2.437536
77.009561 8.313213 0.024007
76.405878 10.424250 -1.665290
78.457936 12.451071 -3.617786
77.665260 6.901370 -1.503947
75.567287 31.352983 -2.890139
75.432076 34.682468 -5.389399
78.033751 27.629443 -11.035797
76.830566 31.105893 -8.637105
75.537143 24.556737 -11.782984
75.351988 35.035390 -13.696176
73.736002 32.041344 -15.223344
76.675283 7.780424 -11.611176
73.748077 29.834548 -16.862871
77.226145 7.738970 -19.791591
74.565554 6.052731 -21.046593
75.650967 12.137026 -21.533355
74.501872 34.792690 -24.901381
73.229140 34.205337 -27.946820
74.811053 32.839052 -29.933313
73.648614 7.024798 -24.407907
76.409271 26.807277 -31.885936
75.621079 28.755510 -38.020149
72.642261 6.839969 -42.570670
80.467741 10.474444 9.680256
81.038036 16.227676 3.531576
79.951755 22.241929 2.966841
78.432313 4.879014 2.663380
77.098576 27.285556 -3.070752
77.441624 21.475776 -12.874112
75.581841 37.644714 -10.614901
76.057433 21.407193 -14.111820
76.308586 4.188726 -16.308306
73.404401 30.561151 -21.870258
76.726818 25.852330 -24.225021
75.758232 23.564193 -24.142774
77.077919 19.261770 -25.806686
78.046877 29.072350 -25.740613
76.307324 26.384179 -25.848540
75.852389 35.387889 -27.661883
77.502491 31.799388 -28.874950
75.586196 9.448759 -32.772125
75.797018 6.336488 -33.074648
77.128320 25.580191 -36.878551
76.266378 9.087057 -35.035051
75.498370 6.134299 -36.563591
74.653971 15.898227 -39.916814
76.135436 12.912788 -43.345334
75.959871 7.517195 -43.060363
80.877759 15.915013 8.736549
80.817954 7.110998 7.987755
81.015464 5.665454 5.262721
79.087487 6.830552 0.959065
79.749681 18.792603 3.219678
80.211445 11.795755 -1.233591
78.165049 22.847207 -2.339961
79.005985 14.084042 -3.164121
77.282375 30.505883 -2.757082
79.091348 5.272777 -8.805314
76.971543 35.473536 -10.186815
79.096654 31.314809 -11.408032
78.919020 20.641659 -15.427988
76.438357 31.792886 -16.987088
77.472740 23.054432 -14.894483
78.142209 22.874019 -16.402572
77.137543 11.743705 -18.983367
75.994136 32.810036 -21.009080
76.917618 9.793505 -22.492535
77.039161 23.344735 -25.775854
78.651064 25.220606 -33.687463
79.921303 22.325988 -35.344080
77.592918 17.035618 -40.088460
82.133400 13.148208 6.028673
79.962633 9.385715 -0.051203
80.206008 15.593319 -4.579223
81.288656 5.943464 -3.456542
80.059540 22.118538 -12.855474
78.569190 4.647598 -14.429983
77.945820 33.726936 -13.487645
78.872904 4.770516 -17.497473
78.530813 34.299894 -23.118361
78.865576 6.295492 -22.997245
81.594858 23.685068 -26.073765
79.640602 14.975982 -26.117972
77.178172 5.036624 -26.719825
79.825338 5.133744 -29.397204
79.637357 19.716584 -36.635415
76.882531 11.343403 -33.288675
78.070970 10.294208 -35.604122
80.342957 10.561069 -37.178605
77.898716 6.811487 -39.215842
78.942813 14.963050 -41.272128
78.034514 7.940704 -42.784100
82.352841 10.271270 7.801348
84.492443 14.671346 2.305475
82.852966 7.945089 1.559114
82.909860 18.501840 2.958607
80.345221 29.119392 -5.126338
82.444414 16.016551 -5.032000
82.379296 10.182064 -3.105893
80.070392 4.933155 -5.855930
78.133385 32.803836 -6.356701
80.725964 24.351914 -3.218501
81.357209 28.591670 -7.261680
80.933415 26.205723 -10.210180
83.004076 21.268102 -14.961050
80.927711 26.645544 -14.010530
80.538759 32.656771 -16.687192
80.568967 13.179521 -18.303748
79.055607 9.217889 -18.435673
80.957433 23.285800 -16.765886
79.132938 24.100483 -23.776856
80.428889 26.981014 -26.890007
80.881668 26.864675 -29.762618
80.080872 20.691785 -25.890310
78.425381 6.796870 -33.303402
79.668478 11.644415 -35.386067
80.207897 9.568922 -40.339275
83.427549 8.607165 6.101131
83.919664 9.246145 4.719146
82.719439 21.851214 0.329206
83.454996 14.055110 -1.847453
81.194163 7.557105 -1.837678
82.587373 26.120038 -4.506909
83.141441 5.908769 -5.525287
84.408121 18.446791 -11.620348
81.871847 4.805131 -12.884171
81.089028 31.653474 -13.846540
80.397619 9.490037 -17.710972
81.162511 6.548232 -17.562650
82.987101 27.077527 -17.131211
78.585411 33.591625 -19.165028
79.775287 11.558536 -19.770272
80.305035 28.358273 -23.692222
80.366351 32.450496 -22.928559
81.204264 11.799676 -28.171985
79.155817 5.147323 -26.337042
82.549690 19.615529 -26.479360
80.457960 17.154576 -26.511823
81.694769 16.243440 -26.752068
82.709660 18.388814 -33.727767
81.698049 23.542052 -32.418845
81.531462 5.972844 -32.330620
81.578239 18.009165 -37.012058
82.689356 13.520235 -37.160899
81.608372 11.746290 -35.525901
84.371451 11.326901 3.002991
84.959942 18.827488 -6.606249
82.840292 24.385832 -10.968210
83.090041 29.833686 -16.885501
81.663319 31.644826 -20.385582
83.959820 24.736738 -19.321135
81.998448 25.902178 -23.388298
80.818760 9.597706 -20.145290
84.072780 22.498332 -22.291583
82.553611 15.925395 -24.366450
82.340458 7.443992 -20.872665
81.931263 5.265534 -25.199897
82.558214 25.106313 -28.915119
84.637865 10.058251 -30.887669
82.593161 21.838693 -31.337948
83.157492 20.374877 -30.586938
80.997212 9.079088 -34.619794
81.683848 13.419611 -39.924437
84.845269 16.904914 1.556951
85.081599 18.453409 -0.710524
84.537889 11.827904 -3.894314
84.122470 24.281407 -8.305478
82.502321 4.694816 -9.162448
83.543664 21.658633 -11.884730
83.662405 11.172038 -16.829844
83.809152 6.562970 -16.019096
83.390054 27.275134 -20.417439
83.363194 5.491112 -26.476302
83.794727 6.403109 -29.542177
84.158750 19.346427 -28.541645
83.995099 14.547775 -28.068667
81.869952 16.619831 -38.602628
85.065701 14.591685 0.183897
85.247022 21.593288 -3.766030
84.262217 24.912150 -5.950738
86.600599 13.689002 -8.009216
85.782808 6.409361 -8.412813
85.922520 15.577852 -10.991554
87.521142 13.300703 -12.201467
86.278135 8.950505 -15.172858
86.929578 8.565653 -12.563055
86.889515 16.707547 -12.679642
84.095228 10.303453 -19.538059
84.828878 8.262803 -21.322651
84.727665 6.878931 -22.969235
85.263232 7.970758 -25.169088
83.558221 22.345011 -27.123801
85.504013 14.758962 -30.470319
84.805982 16.872253 -30.350595
84.300394 13.165866 -33.843229
83.097110 9.089611 -34.625729
87.083600 10.113820 -6.107226
87.292677 10.422498 -8.765137
87.167700 12.045089 -10.367131
86.301666 20.950725 -15.107841
87.181555 13.081948 -15.910534
84.512153 12.993758 -18.687474
84.614675 18.698243 -22.855196
86.754175 12.017024 -22.046244
84.043743 10.876461 -25.599053
86.806631 21.230946 -19.085266
88.297942 15.858779 -19.598098
86.901170 16.136004 -22.734730
87.255432 19.295626 -14.437593
88.795924 18.939774 -17.657769
87.795125 18.433522 -20.682366
88.981651 17.150802 -15.303731
-55.952791 19.039266 -3.441406
-18.468222 16.881713 -14.167814
-17.543841 14.125886 -13.916959
-17.315748 11.039033 -11.840575
-35.700528 57.442926 25.957559
10.716575 60.136141 -26.290550
84.309288 11.515780 0.308370
-9.875795 37.348127 -49.505967
-31.527081 50.457878 -43.553640
-45.311036 21.722637 -7.233347
25.436859 6.132456 -28.054246
23.174987 7.570089 -26.903553
25.142657 58.257697 2.515894
20.650944 8.703779 -29.270752
21.454827 63.302699 -19.012093
-54.974083 29.401516 30.445335
6.671566 26.203065 48.321728
-53.210201 4.538164 3.054800
-75.896019 10.770233 19.704957
-0.304040 -0.949914 40.122148
-6.604784 -0.062582 59.340329
-58.027137 8.947564 28.558152
17.001447 45.574150 -11.107995
7.287949 68.025618 -38.164159
-22.039857 67.579759 -31.821591
-61.900511 29.663477 -30.519781
53.146556 47.393809 -7.316836
28.565214 53.844861 -26.963377
41.005070 36.573254 -16.428280
30.424980 25.386703 -54.518286
-28.638767 38.884259 32.337115
30.454600 27.599789 38.801776
25.912337 53.903232 -58.030514
-36.354208 32.989208 34.093620
56.185049 17.141624 32.336048
-1.031635 49.230555 31.915785
-14.211398 42.760985 27.722055
-16.365316 14.334830 -16.899130
-24.269902 36.283311 52.495211
14.845747 1.856858 36.922571
41.185103 24.738885 39.624316
-53.542646 22.959836 47.477360
-62.106563 24.043197 11.518646
67.046417 30.577040 -18.253867
-62.528384 3.905261 19.542634
45.279643 51.332765 3.917494
-4.512620 36.903919 52.997478
80.885815 25.172797 -30.782977
12.498152 53.853646 16.429526
-37.852432 2.178773 57.757484
74.070150 8.990793 -21.529859
52.233944 32.643736 -39.054903
11.783500 65.362250 6.936312
-25.843094 26.383535 54.238090
38.934936 46.889002 -54.689821
-53.728538 8.663822 48.818261
-29.407502 51.064815 -5.019432
-45.276132 20.289798 46.848935
66.007918 4.838667 -23.146691
4.199485 67.521460 6.855228
22.742095 1.627998 -19.422252
70.338472 9.766154 25.134386
-31.703058 63.726208 6.755213
-13.839692 50.129313 39.734710
-23.383014 -0.700160 56.115607
-42.701251 -0.614433 6.977798
24.203694 56.837623 -2.039947
-28.204221 0.017887 21.734909
-13.904148 13.438059 66.011061
28.320712 47.089654 -35.493975
-25.404091 49.990985 37.825945
55.544056 48.640402 -6.250795
-32.188571 35.994887 33.883267
-32.131467 29.931825 -33.514350
-2.477454 48.600093 -5.342876
-35.460473 57.903062 -19.127678
-78.686957 37.033058 -16.203283
-42.109290 21.379362 -23.649665
68.256132 48.462443 -11.561997
-50.405350 36.457687 41.629886
-30.603973 53.989687 15.915118
-43.128622 45.307614 -6.972555
66.132164 50.591834 -19.396219
50.146319 48.851811 12.481701
36.853634 44.031879 -10.794949
-75.718413 39.595774 -15.744070
-3.808627 60.478951 -27.512054
18.042728 21.172071 48.702819
-45.533825 3.621000 33.599718
-50.814495 41.850656 10.826331
-14.027021 -0.276869 27.352998
67.249449 5.911074 -27.452561
12.700838 21.323466 -35.108797
-0.022716 63.590183 -27.061406
-12.525431 55.391786 -34.267227
79.702654 19.757491 -23.892666
14.464648 58.298581 -31.785648
-29.217315 23.070458 57.145014
-7.175098 54.275193 33.479500
-0.298183 64.267106 -27.811683
42.253437 51.368885 -18.388931
-35.711428 51.403428 1.653054
16.077309 1.597511 48.653487
67.320589 3.802234 -33.203408
-28.501535 53.538861 35.863067
23.146981 36.473200 -33.792061
50.421284 6.357990 6.797555
36.892448 38.200605 -10.676430
12.907637 2.243130 -19.166360
29.373272 23.963783 -60.000261
15.464916 55.729283 12.472417
19.755783 0.882508 -5.878229
6.303511 49.713787 -18.782471
-12.501956 12.685792 -20.366765
9.436723 24.267881 -59.630888
2.024090 -0.739696 6.460572
38.029208 2.902051 -25.025930
44.968189 55.709338 -22.459437
-14.956147 55.032403 36.310849
40.488696 38.530929 -18.550410
58.443578 8.764530 37.602171
-68.344492 16.525785 -25.955214
3.233382 -0.715421 41.677851
-16.766062 4.014720 58.863652
-37.683277 45.654196 2.043750
-39.487297 20.008843 -27.462682
-44.070794 35.891778 -34.536006
-53.040090 2.189654 -12.802322
17.689862 0.572313 31.229579
60.427541 4.641682 11.689533
-28.501809 14.364103 -10.386137
-87.072679 17.971147 -8.049537
66.318761 47.353170 -20.769390
2.325403 36.709306 51.140154
31.373024 5.510149 20.538260
-30.590869 -0.823212 13.454267
10.447549 42.879113 43.109170
1.843288 44.747945 -10.037576
60.116307 40.520869 16.787221
14.023291 34.586437 38.744502
4.875868 29.448724 52.072771
-80.344390 34.677896 -18.419312
-48.171972 31.119149 43.754023
-23.981054 6.722250 64.131287
-8.277985 57.405104 -24.902328
2.940892 20.692147 -37.371642
64.937247 43.981914 -36.416128
-37.301097 60.363090 -21.399274
69.766301 33.324832 -37.345853
-26.914651 16.214348 -23.897130
-58.138586 26.261596 7.466914
-19.328014 60.311645 -35.982195
5.174089 64.273560 -28.652668
-25.582089 61.218235 19.757297
46.919687 31.684813 -37.558379
27.542465 55.969015 -38.955056
-36.615842 27.474275 39.255558
-63.617055 8.178499 -1.234386
-18.754915 50.575470 10.975994
25.796926 61.421925 -24.248647
19.433167 63.781548 -36.654526
14.121441 61.505328 9.942842
-49.456230 -1.275356 16.281033
-62.905247 1.098966 9.063018
-35.329368 36.056917 33.525530
66.535676 48.957035 -30.939385
-46.804427 23.368562 -22.078760
-43.894407 6.535834 51.975224
70.673182 44.907789 -30.404691
-28.421020 33.697391 -38.405731
-47.976506 9.126028 8.353241
-21.008370 48.463564 9.668427
-11.835374 54.272815 36.567643
61.635204 4.914668 23.053671
50.104617 51.549750 -36.764172
56.799408 26.055026 28.147734
-43.976327 5.566099 46.298717
-9.374131 58.736096 -15.049049
-23.744659 36.343318 42.164045
22.806117 53.741332 -25.140347
50.835822 13.464401 39.901913
14.118343 40.732918 -7.886456
18.269100 57.203909 16.809264
-60.739944 25.997838 22.036798
13.759716 0.118248 11.196086
-55.574063 5.235954 20.933896
15.621185 0.585811 31.480323
86.771040 10.608034 -13.311881
-59.275400 29.810325 25.804608
29.338189 2.329681 6.224050
-88.640271 13.521250 -12.959798
15.571138 32.907854 -68.147525
-39.251005 22.742148 -23.149033
17.088432 28.859967 -38.272022
-4.444789 57.491705 14.353708
-47.130471 7.539401 7.820954
-73.886395 39.817187 -16.530860
-7.153849 41.715361 41.810418
-64.439153 22.883764 14.925927
52.394504 3.836479 30.144564
65.261193 48.201407 -8.391562
65.553363 45.042323 -21.118692
30.097903 1.205706 4.544624
-17.559611 31.946046 34.292342
17.550283 63.592332 -42.598492
-45.108894 23.878779 -22.000771
-14.320524 61.865733 -34.989413
47.461197 34.122103 -39.826487
-14.524196 56.205622 35.078141
-45.123943 4.121094 51.242578
49.790557 41.533139 21.633917
14.729223 55.942137 -57.281207
-4.637949 57.005328 11.756387
-85.997416 23.211501 -19.039191
7.995785 45.579526 41.767657
-4.781504 56.108723 -6.771832
53.470178 56.867111 -27.510728
17.008878 40.389083 23.036305
-41.339176 24.599989 42.621514
15.235428 19.232154 -46.558762
-20.084926 23.305847 -30.355568
-71.186948 24.814276 12.048982
-26.831073 13.238172 60.110688
64.657285 26.448371 10.570285
-18.065395 68.607773 -5.814626
7.124958 39.762321 -57.588602
49.099265 57.082011 -29.766214
-34.043934 54.112101 -19.237593
-1.901956 44.280931 27.779152
14.942461 55.400950 -33.364242
6.493288 1.315219 -24.021967
2.687589 59.270043 -30.674095
52.410538 3.152029 -0.101675
-39.070640 11.991982 -17.896037
-48.470708 13.441525 7.195533
-49.780040 30.147516 29.804709
-20.437221 59.688682 -10.706892
13.809962 66.768730 -0.943112
15.532253 43.907080 -8.688606
33.618546 30.646968 -48.848435
-17.384779 52.996142 -11.683703
-3.575635 54.920058 18.904172
-10.595035 28.165230 44.712137
22.943085 58.298967 -21.097206
29.145454 2.017604 -17.857284
9.356629 34.877503 -39.237688
-14.039871 9.218279 64.942176
-21.626547 48.509846 -11.156217
-17.781046 48.335443 -18.527203
74.490092 22.379487 13.627419
-7.933064 47.091665 21.620517
66.257665 36.745179 8.440299
4.344317 50.967973 21.323435
-39.017627 51.119243 -19.704708
64.400882 36.897136 7.705990
1.979924 56.358333 -31.417185
16.954086 43.630705 -7.360954
-38.722442 49.495990 -18.199717
