-0.962903 -0.048696 0.265416
-0.991607 0.075125 -0.105224
-0.664139 0.353946 0.658515
-0.965789 -0.116635 0.231622
-0.867083 -0.174615 0.466558
-0.934636 0.027504 0.354541
-0.965528 0.128526 0.226357
-0.982073 -0.157231 0.103973
-0.892664 -0.188577 0.409377
-0.952163 -0.304091 0.030249
-0.902306 -0.421612 0.089930
-0.989702 -0.141761 0.019862
-0.994643 -0.095709 -0.039043
-0.935527 0.349194 0.053408
-0.961917 -0.136668 -0.236725
-0.945208 -0.150046 -0.289946
-0.895187 -0.330491 -0.299025
-0.799330 -0.576532 -0.169359
-0.912862 0.175820 -0.368470
-0.503426 0.266137 -0.822030
-0.530590 -0.186662 -0.826820
-0.915556 0.107160 -0.387652
-0.604897 -0.082686 -0.791999
-0.242859 -0.573373 -0.782472
-0.071359 0.008415 -0.997415
-0.930464 0.266009 0.251944
-0.935923 0.299948 0.184608
-0.986980 -0.154911 0.043277
-0.782589 -0.519041 -0.343730
-0.895633 0.173119 0.409721
-0.906822 0.244853 0.343105
-0.274383 0.385124 0.881132
-0.518591 0.167589 0.838438
-0.905993 -0.259305 0.334570
-0.947758 0.221563 0.229488
-0.792310 0.531742 -0.299158
-0.962221 -0.240437 0.127755
-0.900882 0.257127 0.349710
-0.666634 -0.639612 -0.382747
-0.524375 -0.611520 -0.592515
-0.945983 -0.094355 0.310182
-0.237523 0.317182 0.918138
-0.648639 -0.071185 0.757760
0.148306 0.680952 0.717154
-0.891713 -0.450278 -0.045795
-0.849708 0.514996 0.113028
-0.734667 0.673526 -0.081403
-0.440809 0.595312 -0.671782
-0.772857 0.100987 -0.626493
0.385367 -0.043940 -0.921717
-0.936569 0.075908 0.342166
-0.930949 0.237267 0.277558
-0.890949 -0.051995 0.451117
-0.911200 -0.344795 0.225456
-0.727511 -0.685949 -0.014217
-0.911102 0.051298 0.408976
-0.909856 0.222853 0.349997
-0.981896 -0.049778 0.182763
0.082375 -0.423926 0.901943
-0.853534 -0.423469 0.303570
-0.526381 -0.776122 -0.347214
-0.894859 -0.440104 0.074405
-0.940233 0.198613 0.276612
0.658551 -0.081849 -0.748071
-0.193878 0.846905 -0.495139
-0.781497 -0.391446 -0.485832
0.248769 0.198670 -0.947968
-0.125580 -0.438867 -0.889733
-0.933617 0.149812 0.325446
-0.776697 0.436302 0.454294
-0.780808 -0.007522 0.624726
-0.771368 -0.073750 0.632101
-0.701096 -0.418839 0.577094
-0.943853 -0.327690 -0.041955
-0.979853 0.062976 -0.189533
-0.967224 -0.167532 -0.190815
-0.972205 0.206719 -0.109929
-0.805717 0.005752 -0.592272
-0.958036 0.186582 0.217612
-0.756799 -0.305859 0.577672
-0.702869 -0.670607 0.237195
0.009139 -0.856604 -0.515894
-0.793920 0.530456 0.297167
-0.150709 -0.550904 -0.820848
-0.746345 0.628658 0.218536
0.195237 0.566315 0.800731
-0.828194 -0.511548 0.228940
-0.213094 -0.393840 0.894137
-0.833167 -0.519758 0.188902
-0.874836 -0.476767 -0.085764
-0.854305 -0.328566 -0.402749
-0.373769 0.681145 -0.629554
0.629034 -0.221181 -0.745249
-0.820327 -0.133926 0.555993
-0.768049 0.626886 -0.130824
-0.906926 0.182425 -0.379744
-0.620337 0.119929 -0.775112
-0.833405 -0.151638 -0.531453
-0.738901 0.295953 0.605340
-0.869708 -0.113978 0.480227
-0.758599 -0.372355 0.534676
-0.802110 0.521838 0.290353
-0.886129 -0.193665 0.421033
-0.826755 -0.196445 0.527148
-0.787874 -0.451113 0.419228
-0.835954 0.391238 0.384855
-0.635529 0.730345 0.250396
-0.178021 -0.597508 -0.781852
-0.451760 0.861890 0.230344
-0.290097 -0.777104 -0.558527
-0.258576 -0.652124 0.712652
-0.495129 0.868814 0.003166
-0.728970 -0.666921 0.154334
-0.432033 0.901305 -0.031566
-0.646380 -0.516338 -0.561772
-0.241653 0.814979 -0.526701
-0.630824 -0.248883 -0.734928
-0.529651 -0.346685 -0.774131
-0.926959 -0.282366 0.247016
-0.887068 -0.459924 0.039751
-0.807368 -0.354918 0.471370
-0.417711 0.771728 -0.479536
-0.630279 0.488044 -0.603789
-0.810448 -0.370110 -0.454084
-0.586243 -0.029532 -0.809597
-0.500480 -0.198530 -0.842677
-0.799256 0.010910 0.600892
-0.768252 -0.476161 0.427855
0.019306 0.620107 0.784280
-0.585915 0.660604 0.469368
-0.346688 -0.934472 0.081050
-0.280364 -0.721749 -0.632831
-0.012568 0.950713 -0.309817
-0.272608 0.954540 0.120578
0.568794 0.625376 -0.534208
-0.155477 -0.540222 0.827035
0.082830 0.990844 0.106619
-0.565484 -0.729604 -0.384586
-0.700208 -0.532358 0.475714
-0.667925 0.256711 0.698553
-0.785751 -0.303675 0.538866
-0.361212 0.902640 0.234024
-0.820643 -0.255433 0.511175
-0.522385 0.845610 -0.109812
-0.765984 -0.642669 -0.015650
-0.447667 0.504946 -0.737986
-0.066897 0.266531 -0.961502
-0.701418 -0.496485 -0.511385
-0.538204 0.207571 -0.816854
-0.711638 -0.277758 -0.645308
-0.170588 0.039401 -0.984554
0.074174 -0.230193 -0.970314
0.025097 -0.999491 0.019707
-0.249221 0.917617 0.309626
-0.600659 0.704686 0.377659
0.327960 -0.869816 -0.368595
-0.387905 0.251963 0.886591
-0.150282 0.982875 -0.106644
-0.822064 -0.567984 -0.040061
0.108930 0.094550 -0.989543
-0.849336 -0.490738 -0.194435
-0.573857 -0.245156 -0.781401
-0.428601 0.648845 0.628729
-0.459017 -0.690547 0.558971
-0.611701 -0.748404 0.256344
-0.263615 0.588344 -0.764433
-0.754190 -0.567685 -0.330047
0.350873 -0.220637 -0.910059
-0.889619 -0.044234 0.454557
-0.493345 -0.770287 0.404064
-0.630255 0.409669 0.659508
0.157053 0.794849 0.586131
-0.177924 0.851373 0.493465
-0.402498 -0.080825 0.911846
-0.598590 0.446113 0.665337
-0.848032 -0.354575 0.393851
-0.961050 -0.264866 -0.078923
-0.216513 0.972056 0.090715
0.390987 -0.355049 -0.849158
-0.732317 0.427021 0.530439
-0.088276 -0.445177 0.891081
0.043497 0.897567 0.438728
-0.010793 0.999905 0.008573
-0.965079 0.184682 -0.185782
-0.781605 -0.613549 0.112479
0.214424 0.578690 -0.786855
-0.772483 -0.120366 -0.623524
-0.241350 0.328252 -0.913236
-0.488786 -0.092159 0.867522
-0.515856 -0.530566 0.672601
-0.943157 0.032780 0.330727
-0.831217 0.213799 0.513194
0.429584 -0.837511 -0.337688
-0.808534 -0.387551 0.442806
-0.905701 -0.216148 -0.364672
0.486761 0.507451 0.711025
-0.411733 -0.496684 -0.764055
-0.299036 0.246737 -0.921791
-0.685587 0.621423 0.379214
0.133362 0.322348 -0.937180
0.010831 0.530996 -0.847305
-0.001340 0.437762 -0.899090
-0.602421 -0.166612 -0.780595
-0.984921 0.097589 0.142854
-0.925984 -0.111594 0.360694
-0.899229 0.122590 0.419952
-0.735741 0.676862 -0.023306
-0.466942 0.857614 0.215554
0.126182 0.611160 0.781384
-0.521642 0.744198 0.417204
-0.097457 -0.961381 0.257390
0.040459 -0.228871 0.972616
-0.898509 -0.389714 0.202001
-0.150410 -0.970887 -0.186430
-0.949638 -0.183146 0.254255
-0.192837 0.862165 -0.468492
-0.496757 0.590112 0.636396
-0.727315 -0.269457 -0.631194
-0.279176 -0.178965 -0.943415
-0.034576 0.847505 -0.529660
-0.663143 -0.327726 -0.672932
-0.768784 -0.550253 -0.325872
-0.503735 -0.268465 -0.821083
-0.652745 0.107770 0.749873
-0.732050 0.539875 0.415498
0.045823 -0.710636 0.702066
-0.754404 -0.571312 0.323229
-0.813852 0.083558 0.575033
0.334919 -0.942235 0.004670
-0.097727 0.734931 0.671064
-0.262921 0.276416 0.924374
-0.566546 0.583069 0.582285
-0.172419 -0.284284 0.943109
0.750305 0.621260 0.226005
0.131887 -0.172506 -0.976139
0.122746 -0.084303 0.988851
-0.080857 0.996552 0.018604
0.425762 0.638876 0.640753
-0.845002 -0.522056 0.115887
-0.824048 -0.549458 -0.137987
-0.952785 0.282777 0.110626
-0.506871 -0.504523 -0.698956
-0.661276 0.736998 -0.139817
0.487411 0.136632 -0.862416
-0.332954 0.929660 -0.157714
-0.720762 0.659361 -0.213883
-0.275605 -0.668570 0.690692
-0.385924 -0.673257 0.630704
-0.620527 -0.783464 0.033623
0.396825 -0.017554 -0.917726
-0.238315 0.592986 -0.769138
-0.605639 -0.610110 -0.510850
0.280805 0.126353 -0.951411
0.141988 -0.349896 -0.925966
-0.584894 0.498473 0.639862
0.112407 0.763388 0.636085
-0.793696 -0.065275 0.604802
-0.925278 -0.337585 0.172908
-0.653869 0.690146 0.310085
-0.768959 0.631233 -0.101228
-0.955952 0.039042 0.290915
-0.820913 0.278618 -0.498471
-0.937837 -0.323016 -0.126976
0.035641 0.847073 0.530280
-0.058932 0.928148 0.367515
0.022158 0.991107 0.131213
-0.653371 -0.564094 0.504881
-0.882857 -0.428602 0.192003
-0.462942 -0.826255 0.320917
-0.907532 -0.045438 -0.417518
-0.854903 -0.421268 0.302777
-0.677088 -0.696299 0.238160
-0.737361 -0.674081 0.043741
0.331358 0.942935 0.032779
-0.651719 -0.737976 -0.175085
-0.625943 -0.633241 0.455193
-0.057346 0.834299 -0.548322
-0.400594 0.771698 -0.493971
0.020461 0.368193 -0.929524
-0.706196 -0.707191 0.034188
0.309153 0.135618 -0.941293
-0.781621 -0.428635 0.453145
-0.121786 0.216886 0.968570
-0.697126 0.712347 0.081100
-0.466712 -0.880907 0.078630
0.150186 -0.983533 -0.100532
-0.843295 0.525183 -0.114180
-0.715899 -0.603563 0.350998
-0.555097 0.689052 -0.465913
-0.934550 0.306307 0.181084
-0.890615 -0.236314 0.388536
0.243352 -0.940637 -0.236604
-0.867108 -0.489878 -0.090238
-0.674500 -0.063652 -0.735526
0.142217 -0.291262 0.946013
0.449742 0.598682 -0.662807
0.559743 -0.212134 0.801054
0.086882 0.951726 -0.294397
-0.235234 -0.866140 0.440984
0.304035 0.949687 -0.075219
0.025902 0.434755 -0.900176
-0.289447 -0.855849 0.428653
0.360750 0.899746 -0.245595
-0.258292 -0.437333 -0.861409
0.478352 -0.212044 -0.852183
0.723660 -0.645901 -0.243160
-0.044107 0.689989 -0.722475
0.629626 0.145395 -0.763172
-0.612508 -0.565873 0.551926
0.429408 0.099823 -0.897577
-0.469733 -0.787137 -0.399708
0.429316 -0.025866 -0.902784
-0.568136 0.239081 0.787440
-0.770046 -0.332703 0.544368
-0.230083 -0.866361 0.443261
-0.238342 0.454037 0.858512
-0.041933 0.774116 0.631654
-0.531822 -0.765886 0.361364
-0.855382 -0.479139 0.196843
-0.978487 0.036005 -0.203144
-0.995150 0.048312 0.085691
-0.561962 -0.738694 0.372196
-0.179331 0.956292 -0.230969
-0.901458 -0.277384 0.332312
-0.578439 0.622766 -0.526850
-0.467746 -0.875430 0.121808
0.364547 0.050355 0.929823
0.011806 -0.431350 0.902107
0.489215 0.026051 0.871774
0.172923 -0.525182 0.833236
-0.074524 -0.541925 -0.837116
0.642016 0.302157 0.704640
0.163376 0.554332 0.816104
-0.162476 0.532196 0.830885
-0.534008 -0.815693 0.222440
0.542742 0.118481 -0.831501
0.291671 0.903566 -0.313841
0.101116 0.807658 -0.580916
0.727431 -0.571158 -0.380293
-0.519901 -0.824742 0.222494
0.744362 -0.627499 -0.228409
-0.953791 -0.252837 0.162347
-0.937043 -0.319559 -0.140829
-0.366992 0.879752 0.302247
0.056446 -0.960130 0.273794
-0.946065 0.285630 -0.152893
-0.867681 -0.036684 0.495767
-0.783702 -0.563861 0.260521
-0.666098 -0.268359 -0.695915
0.253309 0.236533 0.938023
0.255173 -0.893054 0.370596
-0.199843 -0.080064 0.976551
0.191047 -0.869112 0.456230
0.566256 0.743080 0.356631
0.188493 0.980370 0.057828
0.255311 0.488096 -0.834613
-0.552648 -0.830937 -0.064220
-0.456309 -0.878447 -0.141819
-0.034764 0.991930 -0.121926
0.030505 0.933297 -0.357808
0.165204 0.823680 -0.542456
0.535618 -0.405429 -0.740770
0.487543 0.435490 -0.756737
0.051739 0.432917 -0.899948
-0.284870 0.760620 -0.583357
0.474635 0.077236 -0.876787
-0.192851 -0.870337 -0.453125
0.362655 0.258289 -0.895415
0.564665 -0.112450 -0.817623
-0.539752 -0.589263 0.601197
-0.969341 -0.226262 0.095829
-0.444960 0.574279 0.687179
-0.916006 0.079204 0.393267
-0.638236 0.583464 0.502220
-0.136193 -0.967788 0.211747
0.313130 0.831305 -0.459217
-0.843571 -0.401967 0.356105
-0.659644 0.426207 -0.619046
-0.296193 -0.663999 -0.686568
-0.345168 -0.227613 -0.910523
-0.286455 -0.212695 -0.934187
-0.896984 -0.272841 0.347818
0.151956 -0.440357 0.884870
-0.119963 0.824174 0.553486
0.203294 -0.785392 0.584663
0.141036 0.759829 -0.634641
0.074797 0.161795 -0.983986
-0.572302 -0.499214 0.650581
0.808727 0.055779 -0.585534
0.300482 0.384535 -0.872837
0.705962 -0.413408 -0.575076
0.098965 0.323631 -0.940994
0.215727 -0.047122 -0.975316
-0.474513 -0.687820 0.549309
-0.420802 0.832088 -0.361325
0.831490 0.369129 -0.415172
0.352298 -0.908916 -0.223064
-0.200528 0.372635 -0.906053
0.377379 -0.339529 -0.861571
-0.687148 -0.122073 0.716188
-0.748959 0.208457 0.628972
-0.984397 -0.016318 0.175204
-0.828772 -0.518600 0.210217
-0.680486 0.657999 0.322453
-0.515977 0.735359 0.439334
-0.113255 0.435117 0.893222
0.044227 -0.992594 0.113145
-0.333794 0.577881 0.744738
0.365943 0.661074 -0.655032
-0.919220 0.293017 -0.263013
-0.676062 -0.736298 -0.028382
-0.769392 0.464488 -0.438505
-0.506699 0.582510 -0.635561
-0.654739 -0.215993 -0.724337
-0.170547 0.880369 0.442565
0.325037 -0.356128 -0.876085
0.331480 -0.772072 -0.542242
0.211356 -0.731534 -0.648218
-0.695882 -0.709424 -0.111652
-0.134935 -0.452331 -0.881584
-0.482731 -0.565270 0.668910
0.212033 -0.923119 0.320769
-0.360702 -0.275353 -0.891109
0.307464 -0.589394 -0.747048
-0.094755 0.670421 -0.735906
-0.153060 0.006555 -0.988195
0.116754 -0.360902 0.925267
-0.381282 0.324592 0.865600
-0.780120 0.012271 0.625510
-0.753479 -0.425887 0.500888
-0.005340 0.765189 0.643784
-0.781220 0.365663 0.505950
-0.370799 -0.495526 0.785470
-0.948121 -0.130742 0.289781
0.215237 -0.719281 0.660536
-0.849736 0.332432 0.409192
-0.919436 -0.387519 0.066826
-0.981738 0.028251 0.188129
-0.964986 -0.250546 -0.077650
-0.953799 0.057016 0.294985
0.501756 0.438656 0.745534
-0.867759 -0.345709 -0.357042
-0.800415 0.483096 0.354900
0.216311 -0.936336 0.276557
0.010187 0.998609 0.051731
-0.823468 -0.392507 0.409682
0.088746 0.724994 -0.683014
-0.106113 0.558279 -0.822840
-0.077358 0.102397 0.991731
-0.697123 -0.626953 0.347779
-0.056906 0.872585 0.485136
0.201447 0.537533 0.818827
0.113559 0.991557 0.062598
0.086814 0.590167 -0.802600
-0.621719 0.270523 0.735040
-0.158163 -0.767020 0.621824
-0.373276 0.878976 0.296760
-0.659979 -0.712819 0.237311
-0.607291 -0.502425 0.615440
-0.443430 0.850610 -0.282546
0.847094 -0.475048 -0.238245
0.625223 -0.184386 -0.758352
0.375641 0.482370 0.791336
-0.388764 0.680827 0.620755
-0.117194 0.969600 0.214804
0.173970 -0.895575 0.409487
-0.123866 0.943322 0.307898
0.021641 -0.993049 0.115698
-0.721137 -0.617586 0.313925
-0.553373 -0.832933 -0.000122
0.098178 -0.877553 -0.469320
-0.088404 -0.764704 -0.638288
-0.149347 -0.695883 -0.702454
0.536803 0.516928 -0.666804
0.163939 0.960401 -0.225285
0.489471 0.132119 0.861953
-0.826601 -0.299152 0.476695
-0.710397 -0.321820 0.625913
-0.329953 0.495418 0.803550
0.555670 0.288310 -0.779813
0.464540 -0.077988 -0.882111
-0.284414 -0.833870 -0.473043
-0.789885 -0.613222 -0.006398
-0.099970 -0.904119 0.415421
0.247480 -0.937643 0.244089
-0.177716 -0.600359 -0.779735
-0.005144 0.851809 -0.523828
0.069768 -0.396480 0.915388
-0.051344 0.907520 0.416859
-0.926898 0.052907 0.371567
0.894530 0.135815 0.425875
-0.812784 -0.398474 0.424971
-0.746491 -0.590482 0.306728
-0.192620 0.970649 0.144007
-0.004821 0.963061 -0.269241
0.127157 0.988201 -0.085383
0.377659 -0.702841 -0.602817
0.198108 0.060691 -0.978300
-0.033600 -0.903302 -0.427687
-0.952096 0.077622 0.295784
-0.061768 0.405705 0.911914
0.015356 0.923894 0.382340
-0.541669 -0.837974 -0.066284
-0.194596 0.976834 -0.089039
0.450359 0.473114 -0.757192
0.654901 -0.738074 -0.162333
0.191216 0.170166 -0.966685
-0.418221 0.839152 -0.347728
0.293072 0.293205 -0.910022
0.296818 -0.078268 0.951721
0.695759 0.613964 0.372784
0.739110 0.607817 0.290301
0.262003 -0.819902 0.509034
0.155100 0.155915 0.975518
-0.762729 0.501613 0.408202
-0.432618 0.896528 0.095285
0.196641 0.953520 0.228324
-0.778144 -0.503459 0.375527
0.166644 -0.977430 0.129849
0.043679 0.993533 0.104804
-0.359029 0.534944 0.764809
-0.876674 -0.427585 0.220486
-0.949952 -0.000164 0.312396
-0.732362 0.661566 0.161168
-0.679218 0.724862 0.115061
-0.988922 0.124594 0.080687
-0.404011 -0.150741 0.902249
-0.103700 -0.312813 -0.944137
-0.877553 -0.469475 0.097438
-0.812119 -0.562171 0.156290
0.286941 0.408872 -0.866307
-0.123348 -0.621367 -0.773750
0.290784 -0.935935 0.198673
0.305118 0.093992 -0.947665
0.191647 -0.484051 -0.853795
0.513372 -0.857190 -0.040931
0.470811 0.878830 -0.077425
0.015140 0.513329 -0.858058
-0.136135 0.385110 -0.912775
0.672844 0.468018 0.572922
0.500301 0.103959 0.859588
-0.558872 0.270938 0.783744
-0.178996 0.901253 0.394593
-0.467660 -0.809497 -0.354977
0.729190 -0.588569 0.349096
-0.702368 -0.490236 0.516088
0.941147 0.312475 -0.128844
-0.607217 -0.606603 0.513147
-0.307373 0.951536 0.010006
-0.623229 -0.692544 0.363274
0.237337 -0.509134 -0.827317
0.181485 0.623700 0.760304
0.308072 0.823949 0.475604
-0.764082 -0.521552 0.379686
-0.837209 0.254335 0.484143
-0.052897 0.129608 -0.990153
-0.688986 -0.707876 0.155596
0.667529 0.565202 -0.484718
-0.703843 -0.684219 0.190917
-0.013551 0.189667 0.981755
0.344617 -0.078940 0.935418
-0.666536 -0.744385 -0.040250
0.126068 0.992022 0.000085
0.046763 0.976787 -0.209047
0.748084 -0.176130 -0.639803
-0.091692 -0.709614 -0.698599
-0.903077 -0.378173 0.203560
-0.218428 0.907232 -0.359471
0.494192 0.862267 -0.110772
-0.962519 -0.132085 0.236876
-0.314683 0.028710 -0.948763
-0.704286 -0.353393 0.615706
0.565039 0.008813 0.825017
-0.335441 0.938985 0.076072
0.723490 0.689443 0.035070
-0.477851 -0.708046 0.519932
0.456256 0.843031 -0.284831
0.846225 0.466966 0.256605
0.391270 -0.624756 0.675713
-0.622260 -0.726114 0.292492
0.408551 -0.835092 0.368386
-0.309041 -0.639314 -0.704110
0.462010 -0.692341 -0.554267
-0.647112 -0.009723 0.762333
-0.709462 0.234040 0.664747
-0.535507 -0.785504 0.310186
-0.444422 0.818412 0.364267
-0.680907 -0.720523 0.131192
-0.522037 0.841893 0.136727
0.017301 0.978460 -0.205708
0.394333 0.168098 -0.903463
0.005749 -0.059533 0.998210
-0.636962 -0.758190 0.139382
-0.222415 -0.459555 0.859849
-0.707490 -0.706094 -0.029823
-0.201768 -0.531728 -0.822530
0.260067 0.277765 -0.924776
0.295553 0.881960 -0.367143
0.174423 -0.232224 -0.956895
0.470400 0.585425 -0.660304
-0.853801 -0.158620 0.495845
-0.874887 0.351937 0.332736
-0.591545 -0.734195 -0.333214
-0.636648 -0.203966 -0.743691
-0.984642 0.123132 -0.123770
-0.227493 -0.133259 -0.964619
-0.937047 0.330095 -0.113926
-0.844855 0.089247 0.527499
-0.978441 -0.186130 0.089496
-0.870348 -0.491903 -0.022907
-0.768485 -0.106015 -0.631024
-0.909643 -0.406084 0.087436
-0.604487 -0.071372 0.793411
-0.604025 -0.404695 0.686568
-0.548309 -0.615513 0.566128
-0.237111 -0.767083 0.596123
-0.274821 -0.943758 0.183830
0.615451 -0.670731 0.413932
0.485396 -0.496927 0.719343
0.164134 0.970532 -0.176429
0.043049 0.997770 -0.051013
-0.215808 -0.947669 0.235269
-0.229770 0.810710 -0.538475
-0.560912 -0.724566 0.400477
-0.312285 -0.930647 0.190721
0.161256 0.754116 0.636636
0.130262 0.971534 0.197870
-0.413281 0.818593 0.398880
-0.596094 0.740093 0.311343
-0.618009 -0.768296 0.166694
0.068362 0.443617 -0.893606
0.688787 0.724962 0.001621
0.055911 0.466895 0.882544
0.205572 0.840269 0.501686
-0.706621 -0.699492 -0.106762
-0.611922 -0.718493 -0.330635
0.908654 -0.177736 -0.377834
0.399343 0.204687 -0.893660
0.322645 0.907916 -0.267559
-0.767191 -0.243743 0.593302
0.446700 0.883505 -0.140990
-0.554437 -0.735756 -0.388925
-0.760733 -0.525170 -0.381421
0.542765 0.784847 -0.299035
-0.974261 0.203480 0.097013
-0.923802 -0.075094 -0.375435
0.503373 0.721704 -0.475142
0.271356 0.198242 -0.941842
-0.710320 -0.266976 -0.651283
-0.606402 -0.492888 -0.623969
-0.703604 0.368956 0.607300
-0.612747 0.627171 0.480829
-0.435180 -0.517964 0.736432
-0.341348 -0.375285 0.861767
-0.934277 -0.274703 0.227297
-0.007195 -0.029818 0.999529
-0.329853 0.019106 0.943839
0.780915 0.367246 0.505274
0.727430 0.644320 0.236002
-0.832954 -0.448676 -0.323849
-0.630196 -0.585850 0.509543
-0.630905 -0.598532 0.493678
0.321977 0.852416 0.411967
0.641118 0.330974 0.692405
0.004035 0.999839 0.017496
-0.369075 0.928700 -0.036052
-0.532277 -0.776792 0.336564
-0.408340 -0.882526 0.233251
0.135583 0.974978 0.176167
0.416466 -0.774951 -0.475401
0.235980 -0.602414 0.762503
0.264139 -0.274389 -0.924630
0.029296 -0.260275 0.965090
0.183651 0.741154 -0.645727
-0.148906 0.823358 -0.547639
-0.472876 -0.249115 0.845180
-0.409482 0.731668 0.544965
-0.092242 -0.114806 -0.989096
-0.117347 -0.910347 0.396860
0.374685 0.151281 -0.914727
0.538998 0.613613 -0.577027
0.225495 0.083344 -0.970673
-0.588720 -0.808184 -0.015694
0.057398 0.327111 0.943241
-0.184677 0.715552 0.673706
-0.281943 0.185692 0.941290
0.293729 -0.173570 0.939998
-0.665374 -0.689370 -0.286438
-0.214902 -0.864750 -0.453899
-0.328070 -0.428249 -0.842005
0.441161 0.221422 -0.869683
0.748780 0.553491 -0.364660
0.176494 0.111202 -0.978000
0.600818 0.768703 -0.219348
-0.629060 0.052242 0.775599
-0.631778 -0.525764 0.569586
-0.853732 -0.504733 -0.128014
0.551219 0.712667 -0.433893
0.170151 0.383144 -0.907882
-0.193338 -0.622433 -0.758417
0.588314 0.576612 -0.566926
-0.154813 -0.113675 -0.981382
-0.444539 -0.417621 0.792450
0.008739 -0.924195 0.381821
-0.222612 -0.387743 0.894483
-0.926197 0.301122 -0.226904
0.144940 -0.468594 0.871443
-0.660368 -0.187386 -0.727187
-0.756318 0.207111 -0.620555
-0.724444 -0.624353 0.292172
0.680731 0.321741 0.658095
-0.096799 0.790543 0.604708
0.728266 0.635320 0.256897
0.382626 0.915964 0.120862
0.121730 -0.909838 -0.396707
0.237807 -0.316850 -0.918180
-0.168655 -0.796136 0.581140
-0.712957 -0.236275 0.660201
-0.403361 0.517732 0.754489
-0.206405 -0.978278 -0.019188
-0.589976 0.600013 0.540290
-0.470312 -0.022930 -0.882202
-0.457378 -0.728499 0.509996
0.131363 0.962591 -0.236985
0.040229 -0.349135 -0.936208
-0.343184 -0.936608 0.070648
-0.459721 -0.787953 0.409617
0.137949 -0.989400 0.045368
-0.170364 -0.374908 0.911274
0.008828 -0.991042 -0.133258
0.304025 0.146544 -0.941325
-0.960304 -0.141147 0.240611
-0.591447 -0.171361 0.787925
0.175887 0.983958 -0.029850
0.334392 0.803661 -0.492251
-0.331191 -0.925685 -0.182813
0.363172 0.377032 -0.852029
0.368324 0.082734 -0.926009
0.279969 0.365496 -0.887711
-0.354952 -0.659509 -0.662613
0.372180 0.129671 -0.919058
-0.798789 -0.352313 0.487659
0.125357 -0.475760 0.870596
-0.761072 -0.166458 -0.626946
-0.746800 -0.101513 -0.657256
-0.909544 0.022710 -0.414986
0.045727 -0.755904 0.653084
-0.996094 -0.072474 0.050447
-0.846519 -0.514788 -0.135647
0.494560 0.294670 0.817667
0.009042 -0.999953 -0.003511
-0.797233 0.498929 -0.339837
-0.844879 0.529453 -0.076542
-0.587653 -0.791879 -0.166108
-0.391678 -0.236808 0.889106
-0.050552 0.653914 0.754878
0.113057 0.974628 0.193181
0.347453 0.897072 0.273016
-0.390828 -0.805415 0.445601
-0.418824 -0.865774 -0.273903
0.779188 0.262483 0.569183
0.315815 0.911845 0.262296
0.571271 0.653402 0.496705
0.470888 -0.421268 0.775111
-0.708308 -0.651031 -0.272869
0.527767 -0.589717 0.611307
0.518312 -0.114758 0.847457
0.272831 -0.646452 -0.712505
-0.152085 0.033808 0.987789
-0.220690 0.212477 0.951919
-0.373932 0.374127 0.848648
0.326075 0.770626 0.547550
0.444487 -0.895025 -0.036894
-0.052097 -0.204414 0.977497
-0.236014 -0.717938 0.654876
-0.021210 -0.126755 0.991707
-0.643306 -0.159314 -0.748850
0.662602 -0.735308 0.142413
0.194065 -0.955113 0.223827
0.378405 -0.097330 -0.920509
0.366610 0.057109 -0.928620
0.954015 0.294771 0.054459
-0.845775 -0.118273 0.520266
-0.437784 -0.194834 0.877715
0.466251 0.479309 -0.743554
-0.238472 -0.917147 -0.319332
0.137434 0.939864 -0.312677
0.523314 0.217457 -0.823926
-0.197978 -0.776553 -0.598139
-0.481531 -0.147448 -0.863937
-0.534677 0.509645 0.674079
-0.475757 -0.114614 0.872078
-0.425706 -0.563986 0.707597
0.017347 -0.959836 0.280025
-0.624458 0.688228 0.369316
-0.770216 -0.415334 -0.484008
-0.731273 0.600020 0.324371
-0.780881 0.077507 -0.619852
-0.567096 0.822633 0.040958
-0.364507 0.638590 0.677744
-0.800156 0.388811 -0.456702
-0.924949 -0.226859 -0.304965
-0.684454 -0.615588 -0.390609
0.206704 0.975555 0.074603
0.342531 0.892332 0.293966
-0.248734 -0.654066 0.714373
0.394061 0.901628 -0.178276
0.619422 -0.347174 0.704121
0.111323 0.982652 0.148332
0.170176 0.871411 0.460091
-0.484892 0.805858 0.339813
0.148378 0.988616 -0.024948
-0.143102 -0.122148 -0.982141
0.437551 -0.569962 -0.695480
-0.138213 0.885605 -0.443396
0.129572 -0.462747 0.876970
0.225662 -0.961273 -0.158212
-0.169487 0.981808 0.085596
-0.203079 0.975575 -0.083743
0.024605 0.983099 0.181416
-0.054821 -0.998496 -0.000154
0.581068 0.805504 -0.116290
-0.172977 -0.117208 0.977927
0.410298 0.831607 0.374280
-0.318260 0.701781 0.637349
-0.456860 -0.461865 -0.760237
0.062180 0.787308 -0.613417
-0.450703 -0.400790 0.797643
0.898426 0.194338 -0.393782
-0.277112 -0.960814 0.006688
0.343981 0.932189 -0.112695
0.052733 -0.514923 -0.855613
-0.739352 -0.660848 0.128994
0.034303 0.629051 -0.776607
0.023192 0.145855 -0.989034
-0.123677 -0.204442 -0.971034
-0.525865 0.754227 0.393201
0.549674 -0.137653 0.823960
0.382313 -0.272432 0.882959
-0.750250 -0.162751 -0.640810
-0.089999 0.069137 0.993539
-0.500273 -0.592930 0.631000
0.075726 -0.941927 -0.327168
-0.349443 -0.720989 0.598384
-0.395458 -0.790430 0.467797
0.339316 -0.685979 0.643660
-0.014687 0.973700 -0.227360
-0.044231 0.075315 0.996178
0.495654 -0.583751 0.643088
0.112414 0.051643 -0.992319
0.212648 0.032900 0.976575
-0.341470 -0.053009 -0.938397
-0.371078 0.063729 -0.926412
0.572791 0.727357 -0.377972
-0.019601 -0.871391 -0.490197
-0.112150 -0.504731 0.855961
0.124131 0.992096 0.018337
-0.034353 -0.326873 0.944444
0.640837 -0.357271 -0.679474
0.320871 0.911744 -0.256448
-0.449087 -0.336847 0.827560
-0.477257 -0.866100 0.148650
0.309873 -0.467716 -0.827780
-0.505339 0.077685 -0.859417
0.113480 -0.989324 -0.091433
0.055701 0.282648 -0.957605
-0.231165 -0.167870 0.958323
-0.437633 -0.869735 0.228120
0.349395 0.022245 0.936711
0.497163 -0.233089 0.835762
-0.450750 0.655833 -0.605564
-0.700245 -0.003213 -0.713895
-0.078981 0.971436 0.223774
0.607966 -0.782361 0.135234
-0.244713 0.966634 -0.075721
-0.643447 -0.757438 0.110736
-0.707297 -0.572544 -0.414637
-0.318076 0.947866 0.019445
-0.664946 0.745074 -0.052069
-0.284805 -0.858937 0.425573
-0.640954 -0.630355 -0.437984
-0.604372 -0.747696 -0.275109
-0.727820 -0.667903 0.155510
-0.120922 0.969734 -0.212120
-0.657556 -0.719306 -0.224096
0.758868 -0.026220 0.650716
0.150647 0.974274 0.167616
-0.805891 -0.359005 0.470803
0.318773 -0.517660 0.793985
0.360846 -0.615702 0.700500
0.264185 -0.653313 -0.709499
0.372560 -0.800055 -0.470225
0.666502 0.710930 0.224396
0.661414 0.547941 0.512145
0.481710 -0.189647 0.855564
0.490415 0.870142 0.048430
0.301306 0.833865 -0.462477
-0.052122 -0.798360 0.599920
-0.519855 -0.005907 -0.854234
0.463138 0.885955 -0.024235
-0.260306 0.606559 0.751217
0.418394 -0.382465 0.823813
-0.005768 0.999934 -0.009886
0.192803 -0.807866 0.556937
0.364112 0.503275 -0.783669
-0.290891 0.826997 -0.481102
-0.450209 0.678434 -0.580552
-0.627626 -0.764949 0.144701
-0.250353 0.588662 -0.768635
-0.590262 -0.550269 -0.590588
0.060128 -0.051765 -0.996848
-0.372018 0.232033 -0.898756
-0.016605 -0.416002 -0.909212
-0.039065 0.503642 0.863029
-0.431296 0.777894 0.457018
-0.037869 0.886607 0.460971
-0.051185 0.810957 0.582862
-0.319019 0.800799 0.506900
0.586613 -0.217260 0.780182
0.610741 -0.328984 0.720253
0.626426 -0.652032 0.427137
-0.127866 0.991776 -0.005516
-0.915705 -0.165643 -0.366125
0.370657 -0.901025 -0.225318
-0.188320 0.712293 0.676147
-0.817729 -0.354466 0.453513
-0.357039 0.915952 0.183184
-0.645879 -0.739444 0.189903
-0.699848 0.337383 -0.629592
-0.249467 0.744287 0.619519
-0.773212 -0.556733 -0.303631
0.723768 0.317617 0.612601
-0.727633 0.292631 0.620418
-0.654152 -0.011968 -0.756269
0.279193 -0.533838 -0.798165
-0.526244 0.720426 -0.451722
-0.176185 0.158125 0.971574
0.352528 -0.901300 -0.251759
0.835677 0.529275 0.146666
0.888122 0.374644 -0.266234
-0.430603 0.325643 -0.841747
0.534716 -0.379834 0.754854
0.638270 0.320682 -0.699839
0.210631 -0.023417 -0.977285
0.120930 -0.476726 -0.870694
-0.221661 0.638194 -0.737275
0.594808 0.476719 -0.647258
-0.197165 -0.959070 -0.203251
-0.692246 -0.390486 0.606890
-0.483483 -0.821447 -0.302438
0.075885 0.579285 -0.811585
0.011746 0.900269 -0.435175
0.003654 0.916997 -0.398878
-0.345709 -0.845564 0.406824
0.527861 -0.221521 0.819934
-0.520368 -0.802745 0.291236
0.658174 -0.471665 0.586804
-0.589502 -0.803787 -0.080088
-0.063576 0.984636 -0.162636
-0.327963 -0.943261 0.051951
-0.630543 0.580068 -0.515690
0.411121 0.905362 0.106294
-0.834032 -0.303445 -0.460774
-0.705668 0.521445 -0.479717
-0.799063 0.046497 -0.599446
-0.659470 -0.522038 0.540902
0.699304 -0.064133 0.711942
-0.776525 -0.461936 -0.428514
0.495480 -0.372147 0.784860
0.025156 0.999482 -0.020055
-0.336191 -0.336711 -0.879546
0.076188 0.996937 -0.017641
0.621284 0.103906 0.776666
-0.015943 -0.790178 -0.612670
0.011181 0.997402 0.071168
0.170212 -0.384763 0.907185
0.078244 0.874025 -0.479540
-0.102319 0.086282 0.991003
0.727391 -0.205134 -0.654845
-0.001609 0.779031 -0.626984
0.244463 -0.642158 -0.726547
0.899739 -0.290538 -0.325664
0.712138 0.361602 -0.601751
0.670535 0.181705 -0.719282
0.525874 -0.117652 0.842386
0.471362 -0.014918 -0.881814
-0.100679 0.512688 -0.852651
-0.517727 -0.566092 -0.641482
-0.390216 0.008113 0.920687
-0.074051 -0.297410 0.951874
-0.024189 -0.635300 0.771887
0.393597 0.890268 -0.229138
0.690573 0.544123 -0.476485
-0.093115 0.898675 -0.428618
-0.245942 0.912681 -0.326384
0.259127 0.613421 -0.746034
-0.341196 -0.838153 0.425541
-0.092499 -0.975465 -0.199779
0.497654 -0.865333 0.059498
0.374276 0.927286 0.007571
-0.151215 -0.896405 0.416643
-0.299354 -0.926369 -0.228535
-0.233873 0.593184 -0.770348
-0.492195 -0.622284 -0.608692
-0.487463 0.271347 -0.829910
-0.178055 -0.117757 -0.976949
0.426235 0.193886 0.883590
-0.720862 -0.399480 0.566369
-0.787321 -0.084012 0.610792
-0.863710 -0.292216 0.410626
-0.954944 0.059970 -0.290663
-0.043583 -0.304592 0.951485
0.546852 0.815437 0.189775
0.380013 0.380076 0.843287
-0.675544 -0.693803 0.249555
-0.079353 0.994868 0.062775
0.554594 -0.771895 0.310811
0.350434 0.509719 0.785737
-0.675113 -0.616606 0.404993
0.612826 -0.790180 -0.007759
0.023106 0.900265 -0.434729
-0.457809 -0.883259 0.101316
-0.462936 0.853590 0.238902
0.547494 -0.829326 0.111665
-0.957804 -0.257395 0.127901
-0.599775 -0.800009 -0.015994
-0.905445 -0.412900 0.098408
0.200881 -0.940805 0.273007
-0.735457 -0.373362 -0.565423
-0.672421 -0.733724 0.097467
-0.646369 -0.726982 -0.231741
0.358985 0.909393 0.210082
0.050726 -0.388674 0.919978
-0.711459 -0.115969 -0.693093
0.432276 0.385843 0.815023
-0.382834 0.539850 0.749667
-0.199071 -0.314193 0.928253
0.200354 -0.369024 0.907568
-0.115640 0.933462 0.339524
-0.176008 0.638263 -0.749428
0.478637 0.816231 -0.323533
-0.227622 -0.878643 0.419731
0.173437 0.541624 -0.822534
0.361885 0.925214 0.114100
-0.266744 -0.232959 -0.935189
-0.172834 0.404159 -0.898212
-0.441477 -0.763568 -0.471234
-0.330778 0.225362 -0.916405
-0.104257 0.051731 -0.993204
-0.260310 -0.964618 -0.041838
0.649558 0.500873 0.572015
-0.676057 -0.157878 0.719737
-0.962230 0.108676 0.249605
-0.066611 -0.286780 0.955678
-0.971268 -0.106164 -0.212995
0.792668 0.544936 0.273355
-0.678024 -0.352961 0.644750
-0.933211 -0.221627 -0.282840
0.790380 0.473555 0.388645
-0.895074 -0.419442 -0.151362
-0.745979 -0.291103 0.598978
-0.146960 0.351030 0.924760
-0.769753 0.320519 -0.552040
0.681902 0.340190 0.647519
-0.528267 -0.655568 0.539596
-0.209426 -0.907830 0.363297
0.048074 0.962740 0.266123
-0.466476 0.881464 -0.073628
-0.837637 -0.385033 0.387444
-0.637927 -0.653194 0.407905
-0.983455 0.042474 -0.176101
-0.403309 0.901787 -0.155312
-0.653135 0.106072 -0.749775
-0.887964 0.265854 -0.375288
-0.566143 0.253199 0.784457
-0.835068 0.417523 0.358239
-0.687215 -0.658828 0.306074
-0.871483 -0.065567 -0.486023
0.740753 0.529086 0.413948
0.194868 -0.076026 0.977878
0.100887 0.508812 -0.854946
-0.082646 0.462660 -0.882675
-0.959722 0.085416 0.267653
0.885302 -0.198269 -0.420630
-0.260209 0.248499 -0.933027
0.315510 0.434984 -0.843352
-0.117649 -0.254887 0.959787
0.099200 0.995030 0.008591
0.099628 0.993423 0.056430
0.603751 0.721082 0.339890
0.155468 0.976350 -0.150238
0.031213 -0.114061 0.992983
0.395217 -0.780918 0.483705
0.174206 -0.948449 0.264758
-0.453897 -0.882044 -0.126394
0.505541 -0.717978 0.478472
0.465513 0.884035 -0.042201
0.119887 0.461955 -0.878763
-0.075177 0.450385 -0.889664
0.078732 0.554184 -0.828663
-0.133519 -0.119040 0.983871
0.252469 -0.383968 0.888160
0.869633 0.409207 0.276202
0.735570 0.650931 0.187685
-0.640341 -0.448388 0.623628
-0.712660 -0.626945 -0.314731
-0.702121 -0.483828 0.522433
-0.864281 0.114194 -0.489875
-0.900794 0.054531 -0.430808
0.138895 0.561692 0.815604
0.014329 0.970133 0.242149
-0.488960 0.185961 0.852254
-0.320540 -0.241560 0.915916
0.054710 0.997566 0.043229
-0.100649 0.973052 -0.207458
0.364901 0.778667 0.510416
-0.364071 -0.844218 0.393382
0.303115 0.943667 -0.132721
0.531701 0.323098 0.782880
-0.621300 0.783572 0.001296
0.219675 -0.646749 0.730383
-0.796234 0.035660 -0.603937
-0.537497 -0.764386 0.356105
-0.694920 -0.656250 0.293977
-0.699365 -0.713436 -0.043571
0.757744 0.345176 0.553784
0.652856 0.746361 0.129324
0.274097 -0.588955 0.760265
0.701555 0.562330 -0.437728
-0.097294 -0.428555 0.898262
0.698051 -0.123042 0.705398
0.552895 -0.137826 0.821773
-0.347521 0.472994 0.809633
-0.493507 -0.095190 0.864517
-0.213529 -0.152432 -0.964971
0.245046 -0.532662 0.810076
-0.902086 -0.394569 -0.174805
0.532528 0.465520 -0.706898
0.573257 0.668887 -0.473252
0.675669 0.240799 -0.696769
0.522358 -0.575248 0.629469
0.046679 0.683360 -0.728588
-0.643903 -0.124877 -0.754848
0.269144 0.531667 -0.803052
-0.621236 -0.762974 -0.178709
-0.263234 0.443623 -0.856684
-0.172824 0.236657 -0.956099
-0.408069 0.092160 -0.908287
-0.367855 -0.362524 -0.856305
-0.412922 -0.355159 -0.838664
0.717026 0.565817 0.407094
0.488329 -0.341843 0.802918
0.670483 0.494445 0.553152
-0.811753 0.153130 -0.563568
0.030471 -0.001491 0.999535
0.078420 0.982187 0.170761
0.366982 0.649631 0.665811
0.618310 0.692369 0.371912
0.836184 0.131717 0.532397
0.392724 -0.867194 0.306175
0.796475 0.025603 0.604129
-0.690080 -0.069377 -0.720400
-0.199038 -0.800082 0.565908
-0.229055 -0.915701 0.330191
-0.531665 -0.833845 0.148441
-0.579061 -0.808156 0.107579
0.297991 0.946795 -0.121574
-0.595396 0.234641 -0.768406
-0.569575 0.336287 -0.749997
0.537388 0.046354 0.842060
-0.924260 0.084586 0.372276
0.226630 0.646828 -0.728184
-0.928533 -0.284964 0.237952
-0.997086 0.075019 -0.013817
-0.893938 -0.393567 -0.214429
-0.317064 -0.489310 -0.812433
0.318580 0.799357 -0.509446
0.297245 -0.332382 0.895080
-0.004771 0.991634 0.128991
-0.507311 -0.742680 0.437106
0.460111 -0.414176 0.785338
-0.833819 -0.550302 0.043743
0.230346 -0.169462 0.958240
-0.949330 0.145173 -0.278742
0.688234 -0.522827 0.502977
-0.880452 0.244193 -0.406416
-0.142115 0.961288 -0.236067
-0.366179 0.681767 -0.633330
0.701249 -0.704153 0.111437
0.235891 -0.580137 0.779613
0.088512 0.724374 -0.683702
-0.059505 0.994420 0.087110
-0.019693 0.585600 -0.810361
-0.305404 -0.925271 0.224948
-0.346091 -0.517386 -0.782645
0.078890 0.522876 -0.848751
0.674185 0.004129 0.738551
0.011277 0.007913 0.999905
-0.385303 -0.868471 -0.311930
-0.817535 0.022274 -0.575448
-0.799538 0.118040 -0.588903
-0.289160 -0.877238 -0.383197
-0.283870 -0.875467 0.391121
0.481657 -0.852419 0.203442
0.110007 0.916929 0.383587
0.328625 0.722687 0.608054
0.746841 0.362046 0.557809
-0.708710 -0.332851 -0.622045
0.907464 -0.183254 0.378058
0.962335 -0.177273 0.206119
0.907153 0.049952 0.417825
0.643315 -0.429174 0.633999
-0.555748 -0.200814 -0.806733
-0.389771 0.844855 -0.366467
-0.554177 0.162816 -0.816320
0.185349 -0.964393 0.188661
-0.377139 0.623943 -0.684442
0.694282 0.538270 0.477743
0.881118 0.404226 0.245423
0.116181 -0.239174 0.964001
-0.002789 0.644610 0.764506
-0.909635 -0.290993 -0.296456
-0.782444 0.402256 0.475365
-0.556597 -0.817108 0.150114
-0.835386 0.310934 -0.453266
-0.369885 0.728692 -0.576361
-0.456461 0.685208 -0.567568
-0.025598 -0.229861 0.972887
0.359828 -0.200534 0.911213
0.126066 -0.542521 0.830529
0.196175 0.977612 0.076096
-0.691369 0.401404 -0.600736
-0.405917 -0.913823 0.012644
0.265923 -0.064171 0.961856
0.711764 -0.611182 0.346193
-0.501676 -0.863769 0.047163
-0.089592 0.597419 -0.796909
0.781151 -0.484637 0.393611
0.110800 0.635593 -0.764032
-0.460546 -0.859986 -0.219821
0.057106 0.528740 -0.846860
-0.166351 -0.830733 -0.531235
0.026845 0.628470 -0.777370
0.108711 0.143000 -0.983734
-0.145984 0.217256 -0.965137
-0.942455 0.165314 0.290601
-0.719817 -0.349607 0.599699
-0.685100 -0.581638 0.438561
-0.884536 -0.282118 -0.371490
-0.989153 0.096758 -0.110521
0.650986 0.660114 0.374790
0.573637 -0.366380 0.732602
0.514565 -0.129350 0.847639
0.368645 -0.200005 0.907799
-0.826224 -0.128815 -0.548416
-0.311377 -0.717538 0.623043
0.119800 0.989749 0.077747
0.025857 0.990930 -0.131870
0.449136 0.756435 0.475481
-0.312114 0.897338 0.312040
-0.336633 -0.466652 0.817872
0.161668 0.770504 0.616594
-0.925201 -0.246328 -0.288663
0.802216 -0.189634 0.566117
0.915743 -0.319993 0.242940
0.498360 -0.820877 0.278923
0.749192 -0.636483 0.183302
-0.040347 -0.988619 0.144933
0.695731 0.418003 0.584150
-0.788104 0.139261 -0.599582
-0.727850 -0.001517 -0.685735
-0.716647 -0.560460 -0.415093
-0.866569 0.053338 -0.496198
-0.498510 0.322535 -0.804648
0.178191 0.848673 -0.497998
0.365159 -0.570286 0.735821
0.218046 0.316940 0.923041
0.868642 -0.429947 0.246182
-0.831251 -0.247297 -0.497861
0.168030 0.694553 -0.699545
0.746858 -0.585725 0.314849
-0.022510 0.670932 -0.741177
-0.065860 0.557080 -0.827843
-0.035216 -0.205473 -0.978029
-0.123392 -0.763457 0.633962
-0.070716 0.983699 -0.165336
0.177351 0.128240 -0.975757
0.171663 0.496867 -0.850679
-0.686664 -0.276680 0.672265
-0.352795 -0.494498 0.794360
-0.724787 0.618745 0.303047
-0.702688 0.553115 -0.447541
-0.481200 -0.387944 0.786095
-0.741690 0.320761 -0.589074
-0.952406 -0.159110 0.260013
0.484736 0.167152 0.858540
-0.551508 -0.519484 0.652667
-0.543514 0.549263 0.634746
-0.493240 0.421560 0.760922
0.055699 -0.889485 -0.453557
-0.437517 0.290459 0.851007
-0.043612 0.689524 0.722948
-0.487895 -0.803416 -0.341293
0.148842 -0.274869 0.949891
0.094246 0.994059 0.054453
-0.818946 0.016176 -0.573642
0.086406 0.494338 0.864965
0.000600 -0.799724 0.600368
-0.847173 -0.526431 -0.071891
0.576077 -0.346586 0.740279
-0.640504 -0.321151 -0.697579
-0.377233 -0.048536 -0.924846
0.348695 0.928565 -0.127194
0.740037 0.659476 -0.132048
-0.368524 -0.903553 0.218591
-0.269177 -0.959855 0.078884
-0.668011 0.205788 -0.715131
0.348794 0.329064 0.877530
0.658382 -0.559205 0.503810
-0.393177 -0.638652 0.661465
-0.483146 0.826931 -0.287673
-0.213020 -0.967775 0.134290
0.633324 -0.286470 0.718913
-0.137657 0.963601 -0.229179
0.146422 -0.982546 -0.114737
0.211021 0.667610 -0.713980
-0.767278 0.373592 -0.521261
-0.815309 -0.537585 -0.215113
0.014412 -0.752612 0.658306
0.092693 0.695271 -0.712745
0.222758 -0.707833 -0.670336
0.204806 -0.869406 -0.449653
-0.016001 0.521851 -0.852887
-0.182797 0.389953 -0.902509
-0.119883 -0.766059 0.631492
-0.794812 -0.397485 -0.458562
-0.009172 0.093256 -0.995600
-0.588154 0.607705 0.533638
-0.892527 -0.449096 -0.041327
-0.655532 0.754726 -0.025819
-0.926303 -0.149886 0.345683
-0.909482 -0.404705 -0.095166
-0.941865 -0.316991 -0.111391
-0.803041 0.595867 0.008189
-0.733365 0.131788 -0.666939
-0.310962 -0.037459 0.949684
-0.220128 0.789308 0.573180
-0.843335 0.323451 -0.429145
-0.825425 -0.063341 -0.560947
0.265367 0.701883 0.661015
0.076164 0.706929 -0.703171
0.348470 0.822194 0.450074
0.516799 0.136160 0.845209
0.275726 0.587150 0.761072
0.740577 0.068128 0.668509
0.053435 0.973474 0.222469
-0.044780 0.995146 -0.087627
0.892038 -0.092745 0.442341
-0.649337 0.582254 -0.489226
0.909599 -0.360479 0.206600
0.828949 -0.522366 0.199942
0.338912 0.489374 0.803525
0.380417 -0.885668 0.266222
0.891136 -0.453718 0.004064
0.470391 -0.828844 0.302903
0.902908 -0.394738 0.170115
0.792536 -0.388998 0.469646
0.118346 0.949253 -0.291397
-0.607794 -0.039023 -0.793135
-0.428302 0.699199 -0.572431
-0.628735 0.116680 -0.768816
-0.270154 -0.092276 -0.958385
-0.052813 0.506300 -0.860739
-0.908139 -0.041943 -0.416563
-0.441317 0.076569 -0.894079
0.109474 -0.259031 0.959645
0.679628 -0.575009 0.455489
-0.771743 0.389794 -0.502467
0.513446 -0.319111 0.796581
-0.197230 0.934419 -0.296582
0.360616 -0.073941 0.929779
0.322386 -0.382021 0.866099
0.206307 -0.073037 0.975758
-0.707935 0.580039 -0.402967
0.100188 0.604032 -0.790638
-0.795252 0.319818 -0.515064
-0.089951 -0.729627 0.677903
-0.250829 -0.332589 0.909104
-0.667554 -0.697931 0.259352
-0.052707 -0.699054 0.713124
-0.515270 -0.785677 -0.342357
-0.548393 -0.366813 0.751474
-0.698242 0.370989 0.612230
-0.848715 -0.480922 0.219995
-0.177502 0.657866 0.731919
-0.306030 -0.372109 0.876288
0.008830 0.841170 0.540698
-0.062217 -0.846219 0.529191
-0.818501 0.353616 -0.452783
-0.519114 -0.751122 0.407844
-0.332076 0.856998 -0.394056
-0.832604 -0.545979 -0.093155
-0.893549 0.309588 -0.325155
-0.780193 0.460220 0.423670
0.076165 0.986614 0.144197
-0.784843 -0.205705 0.584557
0.074708 0.996064 0.047702
-0.855839 0.039237 -0.515752
-0.866051 0.019625 -0.499570
0.041763 0.994347 -0.097621
0.050510 0.544162 -0.837459
0.006853 0.860937 0.508665
0.313544 0.874523 0.370000
0.360586 0.768620 0.528396
0.057661 0.800080 0.597116
0.092994 -0.307157 0.947105
0.144283 -0.981753 -0.123873
0.965041 -0.221223 0.140557
0.971212 -0.238106 0.007246
0.916100 -0.349408 0.196659
0.941569 -0.194295 0.275132
0.737827 0.642025 0.208366
0.902447 -0.350539 0.250422
0.910281 -0.361698 0.201405
0.438562 -0.860089 0.260597
-0.439390 -0.898194 -0.013594
0.779808 -0.090593 0.619429
-0.417183 -0.264030 -0.869624
0.679181 0.719445 -0.145300
0.224675 0.951198 -0.211529
-0.845232 0.446243 -0.294023
-0.552565 0.432622 -0.712397
-0.284487 0.203452 -0.936843
-0.591600 -0.048037 -0.804799
-0.462717 -0.667689 -0.583167
-0.052937 0.705162 -0.707067
-0.167660 0.975316 0.143696
-0.039846 0.673600 -0.738022
-0.651953 -0.758040 -0.018257
-0.190441 0.390264 -0.900792
-0.403792 -0.154534 -0.901704
-0.741245 -0.156491 0.652737
-0.613678 -0.783514 0.097491
-0.690397 -0.651270 -0.314960
-0.592472 0.755816 -0.278780
-0.696752 -0.667746 -0.262016
-0.689296 0.617215 -0.379363
-0.331428 0.924223 0.189651
-0.897044 0.308208 0.316732
0.477050 -0.638486 -0.603953
-0.955513 0.068937 -0.286781
0.404518 0.221922 0.887196
0.502486 -0.414010 0.759014
0.654395 0.451215 0.606773
0.298615 -0.780811 0.548783
-0.855574 -0.222606 -0.467375
-0.106474 -0.939327 -0.326081
0.437129 0.679911 -0.588760
0.126662 0.782847 -0.609186
-0.792181 -0.610219 0.009071
-0.987431 -0.129791 -0.090193
-0.460773 -0.721546 -0.516778
-0.861704 0.460017 -0.214129
-0.838334 -0.380305 -0.390594
0.926856 -0.356653 0.117199
0.213566 0.635760 -0.741754
0.748205 0.643084 -0.163193
-0.358477 -0.439730 -0.823488
-0.133323 0.985955 -0.100584
0.579148 -0.550195 0.601559
-0.327102 -0.021441 -0.944746
0.289805 -0.951176 0.106199
-0.050834 0.718710 0.693450
0.184823 -0.090271 0.978617
0.109200 0.152095 0.982315
-0.853956 0.393880 -0.340027
0.824243 -0.421516 -0.378085
-0.385788 -0.612245 0.690162
-0.596695 -0.721993 -0.350259
0.091545 0.799042 -0.594266
0.213174 -0.915008 -0.342515
0.096668 0.992013 0.081030
-0.099380 -0.263961 0.959400
0.129203 0.307854 -0.942620
-0.350435 -0.732937 0.583094
-0.145223 -0.905211 0.399378
-0.267904 -0.761483 -0.590229
-0.471403 0.288757 0.833306
-0.715414 -0.665526 0.212740
-0.948421 0.242216 0.204522
0.164084 -0.750295 0.640417
-0.322643 -0.610897 0.722984
-0.692289 -0.655483 -0.301792
-0.643529 -0.758511 -0.102622
0.162069 -0.969712 -0.182734
0.449907 -0.884126 -0.126111
-0.791826 -0.397239 0.463911
0.629564 -0.542862 -0.555833
0.248874 -0.968536 -0.000462
-0.883528 0.288392 -0.369063
-0.856316 0.028538 -0.515662
-0.216254 0.134050 -0.967091
-0.914226 -0.146227 -0.377901
-0.210295 0.417175 0.884161
-0.008237 0.700091 -0.714006
-0.717631 -0.341097 -0.607172
-0.398687 -0.859769 -0.319134
-0.014517 -0.937903 0.346593
0.335246 0.896920 0.288350
-0.920457 -0.199342 -0.336187
0.065726 0.995375 0.070061
-0.581653 0.010148 -0.813374
-0.415433 0.713497 -0.564214
-0.120910 0.991282 -0.052346
-0.666824 -0.703101 -0.246970
0.817244 -0.572965 -0.061831
0.501520 0.864702 0.027720
-0.887596 0.396619 -0.234235
0.855045 -0.347773 0.384646
-0.178638 0.690853 0.700579
0.836405 -0.337174 0.432135
-0.594160 0.446524 -0.669022
0.336010 -0.416079 0.844971
0.725405 -0.378700 -0.574782
0.493150 -0.848424 -0.192302
0.192321 0.785012 -0.588871
-0.431986 0.468321 -0.770755
-0.266852 -0.100124 -0.958522
0.343927 0.831383 -0.436481
-0.066897 0.658945 -0.749210
0.232463 -0.683605 -0.691842
-0.233411 -0.406613 0.883281
-0.088523 -0.777156 0.623050
-0.292534 0.943032 -0.158475
-0.199366 0.501962 -0.841598
-0.007883 0.160193 -0.987054
-0.027082 -0.932404 0.360401
-0.361639 0.190536 -0.912641
-0.123398 -0.245284 -0.961566
-0.413250 0.189459 0.890691
-0.716955 0.016750 0.696918
0.659124 0.592094 0.463660
-0.964083 0.104682 -0.244102
-0.864094 -0.294550 -0.408145
-0.242228 -0.890530 0.385073
0.543801 0.367761 0.754342
0.070515 -0.993215 -0.092477
0.063749 0.981638 0.179788
0.542488 -0.610070 -0.577513
-0.336339 0.924238 0.180721
0.394639 -0.714821 -0.577314
0.585091 -0.782685 -0.212303
0.732469 -0.332458 0.594105
0.572404 -0.768422 0.286151
0.671308 -0.665622 0.326025
0.118788 -0.647219 0.752992
-0.150931 0.944253 0.292585
-0.643789 -0.520722 0.560700
0.021311 0.248447 0.968411
-0.778967 -0.094297 -0.619935
-0.753592 -0.358901 -0.550717
-0.659343 -0.112216 -0.743421
-0.812511 -0.562299 -0.153770
0.145997 0.988264 -0.044936
0.820303 -0.466807 0.330444
-0.919628 -0.360060 -0.156975
-0.916483 -0.147537 -0.371875
-0.673063 0.068031 -0.736450
0.147288 0.988636 -0.030092
0.846806 -0.440751 0.297756
0.804317 -0.493301 0.331252
0.583915 0.572842 0.575235
-0.283905 0.138372 -0.948816
0.230071 0.937002 -0.262860
-0.921782 0.104798 -0.373278
0.652523 -0.741551 -0.155935
0.117928 -0.049660 0.991780
0.056420 0.704811 -0.707148
0.001397 0.248654 -0.968591
0.031263 0.735718 -0.676566
-0.002387 0.605396 -0.795921
-0.065435 -0.695721 -0.715326
-0.167910 0.189686 -0.967381
-0.226367 -0.335504 0.914437
-0.084921 -0.284487 0.954911
-0.037429 0.205828 -0.977872
-0.110831 0.713859 -0.691464
0.023419 -0.937228 0.347931
-0.377357 0.458028 -0.804868
0.122318 -0.843587 -0.522876
-0.478174 0.385347 0.789213
-0.313560 -0.160812 0.935852
-0.414035 -0.228734 0.881054
-0.634521 0.678622 0.369940
-0.132670 0.222847 0.965784
-0.478548 -0.562486 0.674241
0.450269 0.695296 0.560198
0.796861 -0.352608 0.490591
-0.154596 -0.681948 -0.714875
0.046780 0.990770 0.127229
-0.048502 -0.762238 -0.645478
0.746547 -0.091367 0.659029
0.036100 0.138735 -0.989671
-0.506645 -0.861509 0.033382
0.457225 -0.696706 0.552763
0.321990 0.031842 0.946207
-0.338254 0.426400 0.838908
-0.362847 -0.597339 0.715212
0.422657 0.383260 0.821263
-0.691181 -0.669370 0.272419
0.004399 0.801879 0.597470
-0.776137 -0.612662 -0.149185
0.197532 0.980256 0.008857
-0.983653 -0.129918 -0.124692
-0.595933 -0.613941 -0.517629
-0.677654 -0.720611 0.146647
-0.923324 -0.377004 0.073085
0.370545 -0.921316 0.117781
-0.877239 -0.461224 -0.133134
-0.146109 0.965226 -0.216775
-0.846384 -0.360242 -0.392249
0.511951 0.853438 0.097724
0.879221 -0.363753 0.307658
0.930037 -0.254224 0.265332
-0.837682 0.533379 0.117457
-0.068940 -0.020295 -0.997414
0.061064 0.016070 -0.998004
0.499010 0.865860 0.035719
0.037602 -0.245533 0.968659
-0.494872 -0.794831 0.351206
-0.960183 0.034774 -0.277201
-0.688702 -0.363592 -0.627288
-0.147593 0.902735 0.404085
-0.171551 0.346339 -0.922290
-0.078590 0.496357 -0.864554
-0.132697 0.081600 -0.987792
0.354816 -0.902461 -0.244273
-0.481147 0.733671 0.479817
-0.136614 0.939231 0.314932
-0.362126 -0.709519 0.604522
-0.145640 0.893044 -0.425749
0.754500 0.285104 0.591138
0.708233 0.459903 0.535626
-0.189137 0.936003 0.296859
0.167725 0.958230 0.231653
0.664399 0.719623 0.201783
0.563211 -0.823159 0.072130
-0.157569 0.330325 -0.930622
-0.455914 -0.874060 0.167817
0.001345 0.996173 0.087396
-0.832120 0.020123 -0.554231
0.490189 0.866981 -0.089770
-0.978369 0.198373 0.058667
-0.958098 -0.119904 -0.260136
-0.182667 -0.962591 0.200129
-0.922418 -0.379518 -0.071491
0.206161 0.974443 -0.089206
-0.977759 0.189754 -0.089337
0.375052 0.924471 0.068487
-0.819211 -0.573357 0.012486
-0.889448 -0.443113 -0.111954
-0.879505 -0.315524 0.356252
-0.063843 0.892259 -0.446988
-0.932327 -0.054812 -0.357439
0.886810 -0.363832 0.284947
0.923966 -0.380634 -0.037481
-0.445352 0.457366 -0.769726
0.920616 -0.340432 -0.191241
0.644173 0.001420 0.764879
-0.229067 -0.936014 0.267220
0.354529 0.876910 -0.324559
-0.152650 0.423616 0.892887
0.031723 -0.454680 0.890090
-0.361373 0.105609 0.926421
-0.078251 -0.224872 0.971241
-0.176285 -0.917433 0.356708
-0.433926 -0.890821 0.134707
-0.030058 0.279837 -0.959577
-0.016525 0.657945 -0.752884
0.137030 0.729820 0.669766
0.183791 0.174604 -0.967334
0.086536 -0.444240 0.891719
-0.295185 -0.892355 0.341423
-0.589721 -0.807217 0.025105
-0.340444 0.795663 -0.501018
-0.687168 -0.669000 -0.283264
0.188903 -0.916241 0.353296
0.350504 -0.531422 -0.771192
-0.820103 -0.347369 -0.454714
-0.779302 -0.191677 -0.596614
-0.653415 -0.647049 -0.392908
-0.002073 0.467489 0.883997
-0.344777 0.017540 0.938521
-0.169460 -0.314847 0.933892
-0.311688 -0.819318 0.481216
-0.180257 0.738983 0.649162
-0.123900 -0.945165 -0.302179
-0.836995 0.325984 -0.439516
0.219952 0.743547 0.631474
-0.242925 -0.203088 0.948548
0.079975 -0.954141 -0.288476
0.860973 0.167227 0.480376
-0.313115 0.395005 0.863672
-0.715851 -0.125545 0.686874
-0.933790 0.264059 0.241472
-0.982319 -0.133539 0.131209
0.062908 0.685707 0.725154
0.938768 0.292464 0.182153
-0.640291 0.450886 0.621876
-0.959720 -0.192090 -0.205032
0.090962 0.989344 0.113690
-0.739864 0.585377 0.331566
-0.996197 -0.087065 0.003383
-0.993938 -0.060379 -0.091875
-0.726635 -0.664982 0.172628
-0.360287 0.245965 0.899830
0.373311 -0.787193 0.490883
-0.955589 0.269921 0.118293
-0.556232 0.165910 0.814297
-0.903969 -0.289648 0.314555
-0.165668 -0.632061 0.757003
0.216736 0.257407 0.941683
0.012664 0.998045 -0.061208
-0.957293 0.232717 -0.171561
-0.660676 -0.743595 0.102829
-0.055686 0.917856 -0.392989
0.635640 -0.750646 -0.180258
-0.932367 0.348008 -0.097888
0.110790 -0.826957 0.551243
-0.919927 0.308952 -0.241420
-0.942553 0.156394 -0.295187
-0.802824 -0.595534 -0.028518
-0.160245 -0.983159 0.087859
-0.835497 -0.549465 -0.005761
-0.975299 -0.158233 -0.154121
-0.616022 0.632756 -0.469186
-0.949447 -0.313179 -0.021643
0.855204 -0.417031 0.307753
-0.929124 0.223375 0.294674
-0.664467 0.592655 -0.455241
-0.391041 -0.898653 0.198771
0.048172 0.130032 -0.990339
0.458790 0.458474 0.761126
-0.091703 -0.615013 0.783166
-0.053043 0.204991 -0.977326
0.266556 0.837340 -0.477294
0.428892 -0.473518 0.769307
0.454407 -0.663562 0.594306
-0.334822 0.940958 0.049912
0.312505 -0.945462 0.091886
-0.369800 0.547830 -0.750420
-0.473275 -0.857688 -0.200953
0.562624 -0.802634 -0.198072
-0.728164 0.508885 -0.459145
-0.605584 -0.378961 -0.699754
0.509242 0.160952 0.845439
0.351094 0.075933 0.933256
0.268477 0.635978 0.723499
0.045421 -0.948257 -0.314239
-0.757135 0.642331 -0.118984
0.198444 0.498187 0.844055
-0.110592 -0.957265 0.267233
-0.001882 -0.992442 0.122698
0.947528 0.290575 0.133257
-0.259304 0.762940 0.592186
-0.438979 -0.627944 0.642638
0.034013 0.925761 -0.376577
-0.677623 -0.605013 0.418075
0.972476 -0.001476 0.232999
-0.376535 -0.760710 0.528717
-0.013935 -0.922522 -0.385692
0.739498 0.353900 0.572624
-0.995333 -0.094920 -0.017363
-0.313810 0.919492 0.236766
0.317766 0.920970 0.225475
-0.084709 -0.552892 0.828936
-0.807147 0.573769 -0.138935
-0.965312 0.197516 -0.170766
-0.031271 0.949891 -0.311014
-0.960919 0.026530 -0.275554
-0.949132 0.308734 -0.061902
-0.834984 -0.518649 0.183860
0.528069 -0.075213 0.845864
-0.186030 -0.847683 0.496816
0.100296 -0.994956 0.001639
0.869101 -0.393849 0.299242
0.616343 -0.711312 0.337870
-0.558823 0.441403 -0.702054
-0.959363 0.274704 -0.064505
-0.914405 0.373473 -0.156142
0.747277 0.624161 -0.228036
0.583478 0.706734 0.400099
-0.959371 -0.275217 -0.062159
0.082854 0.966022 -0.244818
-0.269309 -0.927378 0.259696
-0.948950 0.232655 -0.212992
-0.508515 -0.829614 0.230550
-0.930401 0.228687 -0.286453
-0.640390 0.728095 -0.244497
-0.275145 0.481784 -0.831974
0.071595 0.064517 -0.995345
0.192600 -0.231968 0.953465
0.078821 -0.046647 0.995797
0.399476 -0.221636 0.889549
-0.023971 0.065907 0.997538
0.261786 -0.372967 0.890148
-0.041496 0.252720 -0.966649
-0.287504 0.363369 -0.886174
-0.588842 -0.794512 -0.148380
-0.719015 -0.152070 -0.678153
0.100744 0.681146 0.725183
0.221170 -0.390787 -0.893515
-0.078592 0.883569 0.461660
-0.103949 0.330470 -0.938075
-0.070143 0.785107 -0.615375
-0.656908 0.630394 -0.413612
-0.093620 -0.995596 0.004852
-0.347693 -0.891072 -0.291719
-0.530928 0.169591 -0.830274
0.096801 0.054294 0.993822
0.233052 -0.540691 0.808294
0.696817 0.374471 0.611733
0.878011 0.145940 0.455848
0.093524 -0.969330 0.227270
0.042708 -0.142636 0.988853
-0.159889 0.914987 0.370453
0.229756 -0.497265 0.836624
0.295672 0.802572 0.518127
0.339441 0.773939 0.534601
-0.546195 0.732424 -0.406480
-0.365746 -0.757265 -0.541091
-0.190145 -0.181333 0.964865
-0.217891 -0.679658 0.700420
-0.892161 0.093775 -0.441876
-0.980346 0.172234 -0.096214
-0.803966 -0.527650 -0.274270
0.955289 0.203399 0.214598
-0.410177 -0.775687 0.479650
-0.281998 0.602949 -0.746277
-0.488473 -0.871387 0.045586
-0.167943 0.746275 -0.644103
0.043687 -0.932245 -0.359181
0.762005 -0.459852 -0.455943
0.616034 -0.564714 -0.549181
-0.927866 0.323322 -0.185817
0.690625 0.499649 0.522865
-0.910741 0.337752 -0.237644
-0.959004 0.243743 -0.144572
0.528867 -0.835781 0.147545
0.142825 0.984578 0.101030
-0.934599 0.340027 -0.104433
-0.848956 -0.481163 -0.218530
0.505178 -0.799080 0.325987
-0.071998 -0.933544 0.351157
-0.657988 0.183757 0.730264
0.249077 -0.878312 0.408079
-0.759476 -0.571885 -0.310069
-0.931406 -0.055834 -0.359673
-0.920774 -0.024576 -0.389323
-0.640234 -0.765925 0.058819
-0.000666 0.242122 -0.970246
-0.769435 -0.577721 -0.272413
-0.071077 0.225362 -0.971679
0.163866 -0.354101 0.920739
0.473673 -0.029497 0.880206
0.048257 0.850136 -0.524347
-0.722999 -0.640614 -0.258623
-0.673717 -0.018653 -0.738754
0.291432 -0.426570 0.856216
0.421223 0.464928 -0.778725
-0.234448 0.801210 -0.550542
0.637433 -0.516321 0.571918
0.397489 -0.841528 0.365832
-0.065214 0.965801 -0.250951
-0.241799 0.346414 -0.906383
-0.565646 0.705063 -0.427704
0.106952 -0.988228 0.109390
-0.407079 0.546379 -0.731954
0.299769 -0.597702 -0.743566
-0.180378 0.208318 -0.961284
-0.473169 -0.815244 -0.333898
0.833081 0.416180 0.364376
0.926719 0.307020 0.216636
-0.253649 -0.966952 -0.025822
0.338748 0.444669 0.829168
0.741710 -0.203500 0.639104
-0.782534 0.077723 -0.617738
-0.777739 0.467753 -0.419916
0.047734 -0.940031 -0.337732
0.315970 -0.863193 0.393777
-0.024017 0.141646 0.989626
-0.170210 -0.906269 -0.386918
0.060323 0.550141 0.832890
0.176524 -0.603798 0.777347
-0.722459 -0.437744 -0.535195
-0.086226 0.970261 -0.226182
0.144383 0.656341 0.740520
-0.809608 0.491280 -0.321215
-0.212243 -0.806756 0.551451
-0.263298 -0.878153 0.399401
0.564565 -0.115297 0.817296
0.131571 0.711778 0.689972
-0.845466 0.525945 -0.092566
-0.314365 -0.947627 0.056370
0.122779 0.834667 -0.536895
-0.251081 0.285358 -0.924948
0.049703 -0.998764 -0.000569
0.210263 -0.914106 0.346698
0.240039 -0.518923 0.820427
0.330395 -0.914495 0.233535
0.321850 -0.232364 0.917834
0.581582 -0.738680 -0.340756
0.655436 -0.304334 0.691220
0.884603 -0.366661 -0.288163
0.651977 -0.607349 -0.453930
0.776132 -0.335728 0.533766
-0.940017 0.251136 -0.230864
0.742997 -0.554009 0.375538
-0.883329 0.448725 0.135559
-0.908158 0.361457 -0.211184
-0.879446 0.351390 -0.321093
-0.884187 0.299812 -0.358226
0.137045 0.174610 -0.975054
0.023087 0.620910 -0.783542
-0.114776 0.375225 -0.919800
-0.021093 0.169932 -0.985230
-0.615678 0.767087 -0.180328
-0.903540 -0.158210 -0.398226
0.257339 0.043293 0.965351
0.425165 -0.195522 0.883745
0.552668 -0.214831 0.805237
-0.172829 0.580975 -0.795360
-0.113464 0.441190 -0.890212
-0.034585 -0.530532 -0.846959
-0.297342 0.824522 -0.481406
0.328607 -0.624232 0.708768
-0.278893 0.677951 -0.680148
0.589777 -0.698922 -0.404562
-0.723415 0.347371 -0.596661
-0.327988 0.301408 -0.895308
-0.234110 0.069786 -0.969702
-0.332397 -0.399046 -0.854561
0.632380 0.034453 0.773892
0.874705 0.366124 0.317561
0.936037 0.201495 0.288505
0.746696 0.595990 0.295366
0.493833 -0.385570 0.779400
0.329973 0.434454 0.838074
0.442378 0.568509 0.693613
-0.962600 0.258039 -0.082568
-0.677157 -0.520117 -0.520516
0.131549 0.832760 0.537779
0.405163 -0.382224 0.830511
-0.081812 -0.753667 0.652145
0.612908 -0.330978 0.717493
-0.741064 -0.669219 0.054497
0.347523 0.830574 0.435171
0.556484 0.117803 0.822465
0.215259 0.223655 0.950601
-0.165109 -0.960248 -0.225084
-0.124407 0.371754 -0.919958
-0.408753 0.287797 -0.866080
0.803604 -0.530517 0.269764
0.476000 0.410267 0.777885
0.325776 0.119922 0.937811
0.171786 0.887669 0.427240
0.474131 -0.204273 0.856430
0.696024 -0.706994 -0.125342
0.810616 -0.380943 -0.444729
0.781811 -0.338479 0.523645
0.827970 -0.560753 -0.004683
-0.930115 0.274750 -0.243718
-0.948564 0.241038 -0.205250
0.840277 -0.476561 0.258505
0.809412 -0.564576 0.161575
-0.104577 0.977639 -0.182443
-0.908246 0.283189 -0.308047
-0.896876 0.255353 -0.361122
-0.745738 0.173401 -0.643278
-0.658661 -0.642166 -0.392159
0.249788 0.966557 0.058090
-0.721266 -0.211899 -0.659450
0.071131 0.101457 0.992294
0.265676 -0.767766 0.583054
-0.548228 -0.039834 -0.835380
-0.393895 0.272694 -0.877772
-0.133957 -0.910436 0.391358
-0.313232 0.494040 -0.811055
-0.572385 -0.816428 0.076290
-0.048355 -0.210340 -0.976432
-0.647051 -0.744094 -0.166277
0.427001 -0.109030 -0.897654
0.441953 -0.540912 0.715606
0.016756 0.760765 0.648811
0.158024 -0.240338 -0.957740
-0.286572 0.554274 -0.781446
0.515756 -0.596909 0.614569
0.487495 -0.798690 -0.352766
-0.339499 0.087437 -0.936534
-0.218272 -0.702588 -0.677294
0.805776 0.458141 0.375274
-0.203276 0.975561 -0.083425
-0.596004 -0.167854 0.785241
0.315994 0.348666 0.882372
0.375386 0.771943 0.513019
0.137965 -0.907362 0.397065
-0.081362 -0.995334 0.051878
0.350090 0.787102 0.507846
0.163981 -0.973782 -0.157670
0.174673 -0.950756 -0.256034
0.364145 0.679371 0.637066
0.138006 -0.422874 0.895618
-0.050133 -0.809744 0.584637
0.229209 0.820604 0.523519
0.805669 -0.084016 0.586378
0.722588 0.005819 0.691254
0.102910 -0.683075 0.723062
0.453726 0.657174 0.601876
0.148591 -0.848529 0.507858
-0.191725 -0.970196 0.148189
0.391940 -0.049248 0.918672
0.221009 -0.832378 -0.508234
-0.194696 0.639188 -0.743998
0.028039 0.995994 0.084909
0.147603 -0.243766 0.958536
0.917142 -0.325129 -0.230526
-0.101754 0.992963 -0.060578
-0.468790 0.797328 -0.380137
0.821150 -0.537754 0.191136
0.768743 -0.350036 0.535266
-0.870432 0.480365 -0.107693
0.821730 -0.529234 0.211356
0.779370 -0.625921 -0.028380
0.131836 0.960280 -0.245929
0.693204 -0.489493 0.529022
-0.092809 0.015023 -0.995571
-0.224958 0.088731 -0.970320
0.821162 -0.251631 0.512226
0.220496 -0.847119 0.483498
-0.844063 0.174671 -0.507000
-0.370998 -0.928575 0.010469
-0.486821 0.202961 -0.849595
-0.553528 0.023494 -0.832499
0.444486 -0.273682 0.852954
0.416898 -0.699650 0.580246
0.147445 -0.011820 -0.989000
-0.375421 0.570682 -0.730329
0.214407 -0.327918 -0.920054
-0.530320 0.847173 0.032550
0.419791 -0.766259 0.486439
-0.544738 0.545840 -0.636647
-0.446443 -0.888151 -0.108976
0.065836 0.090790 -0.993692
0.444902 -0.415207 0.793514
-0.476392 -0.824454 -0.305493
0.613652 0.088735 0.784575
0.035187 0.587830 0.808219
0.208657 0.686555 0.696495
-0.751531 -0.386573 0.534568
-0.420323 0.871752 -0.251747
-0.895482 -0.075852 -0.438587
0.486730 0.739247 0.465412
-0.270380 -0.873242 -0.405391
-0.818654 -0.562117 0.117599
0.713828 -0.594434 0.370267
0.825964 0.388073 0.408881
0.090669 0.361884 0.927804
0.763766 0.258644 0.591409
0.094895 0.549712 -0.829947
0.203837 -0.875529 -0.438063
0.144548 0.738748 0.658299
-0.125271 0.076779 0.989147
-0.776159 -0.609389 0.161929
-0.682225 -0.647929 0.338759
-0.942504 0.145592 0.300816
-0.924818 -0.374592 0.066282
-0.935505 -0.091145 0.341355
-0.935349 -0.286106 -0.208003
-0.271784 0.224904 -0.935709
0.714719 -0.404450 0.570611
0.779849 -0.143474 0.609303
0.283304 -0.819636 0.497931
-0.452027 -0.439445 -0.776247
-0.492976 0.129440 -0.860361
0.328932 0.419822 0.845904
-0.301516 0.416378 0.857740
-0.690388 -0.356119 -0.629718
0.065126 0.905303 -0.419745
0.258520 -0.564350 0.784013
0.642825 -0.180004 0.744563
0.564314 -0.230287 0.792791
-0.167525 0.748741 -0.641344
0.168728 -0.224292 -0.959804
-0.759504 0.013040 -0.650371
-0.723847 -0.542079 -0.426845
-0.130795 0.502219 0.854792
-0.432454 0.538175 -0.723430
-0.086093 -0.774054 -0.627239
-0.851778 0.460015 -0.250721
-0.248991 -0.759687 0.600732
-0.462603 -0.248037 -0.851162
-0.139256 -0.715146 -0.684963
-0.071386 -0.454524 -0.887869
0.312922 -0.084766 -0.945989
0.043224 -0.224897 -0.973423
0.484203 0.476534 0.733801
-0.454034 -0.765149 -0.456508
0.584384 0.534956 0.610178
-0.109090 0.992669 -0.052039
-0.277438 -0.877625 -0.390900
-0.092472 0.901318 -0.423172
-0.986229 0.134735 -0.095909
0.472802 0.645003 0.600358
-0.479676 -0.835238 -0.268865
-0.426856 -0.856507 -0.290153
0.566254 0.111790 0.816615
0.107545 0.228766 0.967523
0.132185 0.873608 -0.468333
-0.837017 0.439992 -0.325284
-0.244458 -0.942357 -0.228480
0.928922 -0.005573 0.370235
0.388036 0.822458 0.415921
-0.134424 0.578775 -0.804332
-0.676565 -0.660060 -0.326467
0.091801 0.400068 0.911876
0.508404 0.433385 -0.744112
0.034962 0.996631 0.074195
-0.535569 0.837754 0.106461
0.098162 0.976342 -0.192666
0.308522 -0.743025 0.593909
-0.264236 0.191666 -0.945221
-0.711231 0.412964 -0.568869
-0.043925 0.702684 -0.710145
0.633070 -0.224647 0.740781
-0.270645 -0.932880 -0.237668
-0.071001 -0.940075 -0.333494
0.380526 -0.350922 0.855601
-0.076387 -0.483362 0.872082
-0.318160 0.500190 -0.805347
-0.204362 -0.938753 0.277450
-0.603498 0.525200 -0.599963
0.202071 -0.636064 0.744708
-0.699151 0.060541 -0.712406
0.250546 0.904826 -0.344262
-0.575509 0.817362 -0.026640
-0.602434 0.761351 0.239620
-0.043748 -0.344985 0.937588
-0.402440 -0.879054 0.255550
0.339945 -0.218039 -0.914820
0.024932 -0.510264 -0.859656
-0.278878 -0.925809 -0.255156
-0.530751 0.457006 -0.713757
-0.709431 0.010834 -0.704691
-0.665029 0.509284 0.546229
-0.988559 0.089377 0.121502
-0.801735 0.023913 0.597201
-0.132993 -0.712287 0.689173
0.566958 -0.249317 0.785111
-0.032324 -0.888252 0.458218
0.578255 0.627845 0.520992
-0.405260 -0.910078 0.086732
0.098262 0.994799 -0.026826
0.544165 0.547295 0.635887
-0.106348 0.513987 -0.851180
-0.659337 0.358022 -0.661131
0.544744 0.693235 0.471889
0.755503 -0.151148 0.637472
0.316300 -0.828589 0.461946
0.835692 0.301155 0.459266
-0.376132 -0.827084 -0.417680
0.628515 0.763144 -0.150269
-0.834147 0.402470 0.377117
-0.834994 -0.324109 0.444677
0.008443 0.993497 -0.113546
-0.857706 0.478000 0.189357
-0.825484 0.461476 -0.324986
-0.270923 -0.930912 0.244956
-0.404333 -0.908598 0.104716
-0.984616 -0.033304 -0.171529
-0.862008 -0.019091 -0.506535
-0.736266 -0.662873 -0.136055
0.106685 0.964851 -0.240169
-0.402813 0.117527 -0.907706
0.431438 -0.229934 0.872348
-0.540332 0.117181 -0.833253
0.351588 0.935663 0.030353
0.550064 -0.305368 0.777290
-0.700728 0.687769 -0.189617
0.124841 -0.988383 -0.086687
0.242406 0.193402 0.950702
-0.110330 0.362926 0.925263
-0.380252 0.161929 -0.910597
0.464615 -0.036628 -0.884755
-0.003381 0.122022 -0.992522
-0.575376 0.378785 -0.724889
-0.072419 -0.667797 0.740812
-0.301503 -0.516078 0.801723
0.418168 -0.054091 -0.906758
-0.334229 0.296812 -0.894535
0.171851 -0.246205 -0.953861
-0.706352 0.657630 -0.261896
-0.576766 0.088286 -0.812125
-0.596153 0.069211 0.799882
-0.474276 0.697525 0.537141
-0.804555 -0.175865 0.567242
-0.988727 0.143942 -0.041235
-0.959240 -0.271831 0.077247
-0.487736 0.870045 0.071663
-0.360886 -0.824431 -0.435976
0.157557 0.987261 0.022185
0.727642 0.416306 0.545184
0.065196 -0.813822 -0.577446
0.656803 0.544765 -0.521383
0.221298 0.946381 0.235349
-0.090382 -0.964322 -0.248827
0.298287 0.760156 0.577223
-0.096394 -0.417716 0.903450
-0.540982 -0.826787 -0.154145
0.712877 0.625575 0.316957
0.838080 0.045437 0.543652
0.854226 0.462771 0.236939
-0.115725 -0.946787 -0.300335
-0.756034 -0.482337 -0.442451
0.818596 0.430781 -0.379906
-0.854362 0.056706 0.516575
-0.957234 0.073554 0.279808
-0.539431 -0.754644 0.373533
-0.118737 -0.248820 0.961244
-0.802485 0.246106 -0.543552
-0.275558 -0.942040 0.191386
-0.623480 0.571383 -0.533661
0.023577 -0.983083 0.181636
-0.885249 0.452477 -0.107696
-0.391108 -0.913631 0.110967
-0.678081 -0.617799 -0.398160
-0.451067 -0.349047 -0.821404
0.286678 -0.385170 0.877189
0.367193 -0.300997 0.880096
0.621956 -0.097208 0.776995
0.042479 0.947885 -0.315768
-0.076398 0.079114 -0.993934
-0.144933 0.778542 -0.610628
-0.507524 -0.746695 0.429960
-0.253138 -0.954854 -0.155483
-0.112302 0.345960 0.931504
-0.135562 0.348581 -0.927424
-0.601327 0.506525 -0.617931
-0.340005 0.524886 -0.780315
-0.072970 -0.295885 0.952432
-0.224433 -0.568436 0.791524
-0.280056 0.555483 -0.782948
-0.379195 -0.862154 -0.336009
-0.338585 0.316077 -0.886259
-0.678123 0.613883 0.404099
-0.286851 -0.443169 -0.849304
-0.758519 -0.299308 0.578847
-0.879029 -0.473607 -0.054818
-0.957956 -0.258922 -0.123608
-0.802995 0.582787 -0.124731
-0.961717 0.175492 -0.210482
0.406907 0.082314 0.909753
-0.554431 0.150655 0.818480
-0.336401 -0.938512 0.077655
-0.362756 -0.546137 -0.755078
0.875622 -0.011833 0.482853
0.627258 -0.595517 0.501904
0.924797 0.309970 0.220609
0.804435 0.199763 -0.559445
0.375530 -0.702295 0.604781
-0.672773 -0.738954 -0.036390
-0.708628 -0.587785 0.390327
0.728005 0.605998 0.320585
-0.860020 -0.478016 -0.178510
-0.486478 0.399738 -0.776884
0.761772 0.513356 0.395183
0.768868 -0.477931 0.424762
0.858786 0.173441 0.482084
-0.384429 0.815180 -0.433238
-0.609068 -0.758453 -0.231917
-0.963014 -0.268543 0.022093
-0.631782 -0.335872 0.698599
-0.604823 0.328325 0.725529
-0.942958 0.130165 0.306409
0.131490 0.982061 -0.135151
-0.611703 0.468777 -0.637234
-0.123873 0.961708 -0.244487
-0.825082 0.555985 -0.100601
-0.901814 0.430533 0.037054
0.080301 -0.979260 0.186015
-0.127991 -0.989078 0.073102
-0.597040 0.178316 -0.782142
-0.847685 0.386221 -0.363680
-0.370847 -0.913940 -0.164884
0.160346 0.960323 -0.228187
-0.150405 0.582535 -0.798769
-0.340377 0.272832 -0.899837
-0.545617 0.155076 -0.823562
-0.463442 -0.294731 -0.835676
0.428988 0.800381 0.418759
0.498950 -0.225091 0.836889
-0.018522 0.978395 -0.205915
0.553879 -0.183121 0.812210
-0.600062 0.198717 -0.774879
-0.646567 0.747158 -0.153966
-0.324533 -0.734856 -0.595538
-0.279879 -0.018737 -0.959853
-0.309966 0.563060 -0.766084
-0.645164 0.763973 0.010371
0.168563 -0.379344 -0.909771
-0.211313 -0.899813 0.381684
-0.751807 0.595006 0.284172
-0.217466 -0.587754 -0.779265
-0.202738 0.625157 -0.753709
-0.237051 0.431154 0.870582
-0.254469 -0.118692 0.959770
-0.483154 -0.235362 0.843307
-0.872442 -0.477828 0.102599
-0.515739 -0.573267 0.636693
0.064535 0.997743 0.018576
-0.852190 -0.522518 -0.027342
-0.844886 -0.511841 -0.155523
-0.925660 -0.377803 -0.020451
-0.960742 -0.168910 0.220101
0.745992 0.537550 -0.393110
0.898541 0.067799 0.433622
0.850004 0.315751 0.421657
0.789631 0.425603 0.441978
0.699335 0.246608 0.670907
-0.151392 -0.366174 0.918149
0.023324 -0.990357 0.136560
0.634343 0.676329 0.374416
-0.805356 -0.492739 -0.329561
0.737018 0.548358 0.395105
0.780294 0.021417 0.625047
-0.860724 -0.485718 0.152420
-0.548733 -0.652323 0.522844
0.223141 0.339934 0.913593
0.870810 0.118146 0.477212
-0.860612 0.137373 0.490383
-0.603021 0.447955 -0.660077
-0.236217 -0.361841 0.901816
-0.849359 0.446463 0.281533
-0.228222 -0.860792 0.454919
0.260144 0.223245 0.939407
-0.049414 0.991619 0.119374
-0.206675 -0.938236 0.277487
-0.814225 0.465128 0.347410
-0.136078 -0.989872 0.040447
-0.917667 0.391231 0.069465
-0.831829 -0.473439 0.289683
-0.906693 0.225363 -0.356539
0.221916 0.947492 -0.230245
-0.546730 0.363201 -0.754435
0.252635 -0.399369 0.881294
-0.641488 0.631501 -0.435545
0.564380 -0.581861 0.585588
-0.654580 0.056399 -0.753886
-0.379713 0.919689 0.099952
-0.380044 0.693292 -0.612301
0.075241 -0.031448 0.996669
-0.120883 0.412044 -0.903110
-0.418047 0.437210 0.796294
-0.877210 0.445827 -0.178159
-0.111865 -0.435378 -0.893270
-0.216879 0.462046 -0.859929
-0.361237 -0.383415 0.850000
-0.208423 -0.305928 0.928961
-0.755388 0.503859 0.418946
-0.057781 0.566152 -0.822273
-0.007848 -0.093149 0.995621
-0.224669 0.934074 0.277543
-0.073703 0.975134 -0.209000
0.063074 0.907659 -0.414941
0.303584 0.890377 0.339213
-0.769583 -0.248495 0.588211
0.141204 -0.986186 0.086591
0.751362 0.431773 -0.499026
0.519237 0.264399 0.812703
0.859772 0.282764 0.425250
-0.323468 -0.820644 0.471075
0.906004 0.313354 0.284546
-0.795162 -0.574358 -0.194502
-0.734196 -0.628565 -0.256636
0.531627 0.480463 0.697516
-0.033554 -0.608623 0.792750
-0.692844 -0.705305 0.150040
-0.808841 -0.587524 -0.024306
-0.818931 -0.544699 -0.180707
-0.503399 0.828697 0.244644
0.143970 0.580381 0.801518
-0.850223 -0.332379 -0.408222
-0.301628 0.902895 -0.306270
-0.197001 -0.259155 0.945531
0.061300 -0.663320 0.745821
-0.982910 0.168169 0.074874
-0.148638 -0.928623 0.339951
-0.985343 -0.130761 0.109545
-0.183666 -0.937615 0.295204
0.009135 -0.957606 -0.287937
0.322237 0.893658 -0.312311
0.789065 -0.563551 -0.244514
0.462172 -0.862844 0.204685
0.458215 -0.871185 0.176282
0.758298 -0.633716 0.152933
0.085930 -0.884750 0.458077
-0.170594 -0.984944 -0.027975
-0.336208 0.284773 -0.897702
-0.051966 0.907819 -0.416129
0.315370 -0.393250 0.863653
0.425312 -0.884191 0.193176
-0.092030 -0.724891 -0.682689
0.551682 -0.778026 -0.300537
-0.672083 -0.033226 -0.739730
-0.560807 -0.090971 -0.822934
0.136101 -0.544218 -0.827830
-0.066222 -0.584229 0.808883
-0.187258 -0.306579 -0.933244
-0.121390 0.192640 0.973732
-0.384709 0.542944 -0.746466
-0.377688 0.452612 -0.807771
-0.333462 0.494831 -0.802462
-0.231145 0.141375 -0.962593
-0.003074 -0.502233 0.864727
-0.454474 -0.163112 -0.875699
-0.631047 -0.486358 -0.604347
-0.375626 -0.175862 -0.909933
-0.391741 0.501686 -0.771265
0.525500 0.117019 0.842708
-0.906916 -0.412653 0.084975
0.748892 0.496312 -0.439131
-0.790797 -0.611574 -0.024838
0.304464 0.930058 -0.205654
0.770055 -0.040661 0.636680
0.926470 0.250578 0.280829
0.835922 0.385939 0.390237
0.461516 -0.465692 0.755072
-0.441275 0.789566 0.426453
-0.864707 -0.467336 -0.184063
-0.378426 -0.816341 0.436326
0.891701 0.125401 0.434906
-0.786523 -0.527336 -0.321402
0.479897 -0.097514 0.871888
-0.291068 0.883057 0.368090
-0.767746 0.121626 0.629105
-0.437813 -0.099128 0.893585
0.025858 0.997432 -0.066784
-0.080324 -0.996637 0.016235
0.434112 -0.067758 -0.898307
-0.006625 0.984727 -0.173977
-0.163731 -0.326646 0.930857
0.589195 0.797614 -0.129079
0.302249 0.945565 -0.120633
-0.125482 -0.517935 0.846167
-0.313893 0.237430 -0.919292
0.410272 0.909030 0.073084
-0.170782 0.113289 -0.978774
-0.226724 -0.140849 -0.963721
-0.345682 0.503478 -0.791842
-0.075068 -0.531183 -0.843925
0.202430 0.298251 0.932775
-0.206169 -0.055676 -0.976931
-0.460460 -0.885642 -0.060118
-0.381697 0.808941 0.447126
0.196520 0.238292 0.951103
-0.328275 0.522980 -0.786592
-0.531001 0.151261 -0.833761
0.217566 0.785794 -0.578959
-0.321399 0.415226 -0.851052
0.048435 0.165026 -0.985099
-0.414607 -0.833199 -0.365897
-0.418776 0.742665 -0.522567
-0.327430 -0.708286 -0.625397
-0.296218 0.149409 -0.943362
0.069797 -0.103744 0.992152
0.936723 0.196398 0.289787
0.401074 -0.591139 0.699782
-0.441494 -0.711121 0.547166
-0.635128 -0.509841 0.580236
0.488043 0.756498 0.435345
0.995908 -0.087394 -0.023021
0.806279 0.591449 0.010106
0.057322 -0.931359 0.359562
0.479236 0.866173 -0.141698
0.923841 0.283623 -0.257053
0.852502 0.126682 -0.507141
0.195337 -0.783131 -0.590381
0.586971 -0.327711 0.740318
-0.180873 0.346788 0.920338
0.808975 0.080165 0.582351
-0.188555 0.982049 0.005126
-0.685627 -0.686483 0.242191
0.489875 0.201425 0.848204
0.131695 -0.587171 0.798678
0.865710 0.265112 0.424573
0.291267 0.188274 0.937932
-0.084606 -0.711691 0.697379
-0.521268 -0.826453 0.212730
-0.671638 0.631389 0.387622
0.151024 0.426836 0.891629
-0.133657 -0.958263 0.252721
0.807309 0.159573 -0.568146
0.227689 -0.738061 -0.635156
0.270296 0.865201 -0.422336
0.809283 -0.293758 0.508692
0.977873 -0.022758 -0.207956
0.551721 -0.468306 0.690140
0.301153 0.953106 0.029913
-0.114160 -0.981893 0.151176
-0.211752 -0.847127 -0.487377
0.198619 -0.235183 -0.951441
0.371382 0.763764 -0.527958
0.132494 0.614488 -0.777721
-0.361507 0.867844 -0.340823
-0.440351 -0.712722 0.546003
0.220607 -0.800970 -0.556578
-0.651323 -0.138266 -0.746097
-0.217603 0.913139 -0.344712
-0.271358 0.514195 -0.813614
-0.149835 0.283876 -0.947082
-0.454565 0.774502 -0.439907
0.053453 -0.660103 0.749271
-0.013240 -0.999912 -0.000860
0.189494 0.158858 -0.968946
-0.089979 0.983732 0.155481
-0.288805 -0.427258 -0.856763
-0.307774 -0.055622 -0.949832
-0.010018 -0.945378 -0.325821
0.057517 -0.772343 -0.632597
0.145253 0.152275 0.977606
-0.025326 -0.299575 0.953737
-0.161734 -0.661614 0.732194
0.825601 -0.029804 0.563467
-0.251074 -0.936521 0.244726
0.896065 0.429547 0.112063
-0.498894 0.814442 -0.296291
-0.703067 -0.217987 0.676889
-0.419283 -0.302700 0.855905
-0.977194 -0.146352 0.153863
-0.213768 -0.963071 -0.163697
0.820066 0.351654 0.451477
-0.118077 -0.852044 0.509979
-0.112302 0.991501 0.065677
-0.335849 0.844608 0.416946
-0.924383 0.290408 0.247344
0.766158 0.098784 0.635015
-0.922103 0.021318 0.386358
-0.996388 -0.001931 -0.084894
-0.671633 0.728568 -0.134526
-0.871248 0.087894 -0.482910
0.952301 0.135753 0.273303
0.648977 0.302046 0.698281
0.046423 -0.836470 0.546043
-0.088920 0.995103 0.043165
0.941288 -0.308935 -0.136148
0.695146 -0.129180 0.707166
-0.166607 -0.539565 -0.825295
-0.125320 0.879536 -0.459033
0.332723 -0.457273 0.824740
-0.599562 -0.126508 -0.790267
-0.676329 -0.311530 0.667479
-0.366386 -0.304526 -0.879219
-0.612404 0.209037 -0.762407
-0.409556 -0.872097 0.267788
-0.170588 -0.985309 -0.008137
-0.198885 -0.860191 -0.469592
-0.119144 0.978331 0.169329
-0.373590 0.801497 -0.466939
-0.481845 0.410595 -0.774104
0.412135 -0.626282 -0.661752
-0.105517 -0.566983 -0.816943
-0.321452 0.477635 -0.817639
0.432759 -0.773537 -0.462990
0.134187 -0.425434 -0.894986
-0.050915 -0.526286 -0.848782
-0.015585 0.858212 0.513059
0.453780 0.719948 0.525127
0.335820 -0.807515 0.484917
0.507501 0.852891 0.122556
0.149226 -0.675340 0.722252
-0.842158 0.043071 0.537508
-0.983050 0.183299 0.003856
0.524894 -0.823300 -0.216018
-0.601280 -0.595216 0.533086
-0.968010 0.017339 -0.250311
-0.884436 -0.436705 -0.164507
0.114120 0.726088 0.678065
0.738880 0.152874 0.656267
-0.559358 -0.792304 0.243665
0.251072 -0.342481 0.905356
0.841902 0.450333 0.297323
0.866169 0.303120 0.397328
-0.364058 0.930594 0.038159
-0.835124 0.549481 -0.025260
-0.864626 -0.356696 -0.353820
-0.814708 -0.161906 -0.556810
-0.598793 -0.800903 -0.001248
-0.842623 -0.336091 -0.420748
0.563362 0.273634 0.779582
-0.605893 -0.792658 -0.067725
0.009718 -0.925107 0.379582
0.159473 0.947965 -0.275554
-0.421275 -0.240225 -0.874539
-0.314923 -0.289328 -0.903943
-0.156225 -0.089236 -0.983682
0.173112 0.761025 -0.625199
0.007684 -0.426742 -0.904341
0.686760 -0.620264 -0.378990
-0.568442 -0.576610 0.586851
-0.574826 0.303143 0.760052
-0.526944 -0.139102 -0.838440
-0.280836 0.808532 -0.517114
-0.320461 -0.933803 -0.159113
-0.253545 -0.625724 -0.737688
-0.385703 0.653896 -0.650887
-0.030033 -0.531335 0.846629
-0.456832 0.470976 -0.754643
-0.335676 0.440217 -0.832785
-0.242901 0.413991 -0.877275
-0.236562 -0.235494 -0.942646
-0.443667 0.036495 -0.895449
-0.030651 0.429463 -0.902564
-0.223273 0.964626 0.140166
-0.113411 -0.658433 -0.744046
-0.136894 0.492030 -0.859748
0.147490 -0.034973 -0.988445
0.016086 -0.830825 0.556302
0.512453 -0.479269 0.712526
-0.694760 0.326512 0.640858
-0.854228 0.416357 0.311354
-0.868811 0.465384 0.169068
-0.982321 0.050985 0.180128
-0.482731 -0.874384 -0.049230
-0.929612 -0.030692 -0.367260
-0.813734 -0.157355 -0.559532
-0.919614 0.145710 0.364800
0.674766 0.070369 0.734670
0.843980 0.335448 0.418535
0.738370 -0.075402 0.670167
0.220982 0.903248 0.367845
0.224432 -0.893380 0.389232
0.370840 -0.706864 0.602346
0.576149 -0.548778 0.605719
-0.963291 -0.250582 0.096325
-0.884555 -0.148886 -0.442036
-0.906465 -0.092089 -0.412118
-0.879114 -0.402737 -0.254876
-0.215383 0.970375 0.109468
-0.796172 -0.321948 -0.512308
0.877647 -0.224163 0.423659
-0.045206 -0.981291 0.187147
-0.795187 -0.236314 -0.558420
0.112077 -0.954553 -0.276166
0.931262 -0.184502 0.314182
-0.560963 0.758626 -0.331372
0.124767 -0.978325 -0.165265
0.440949 0.791111 -0.423919
-0.107876 0.715418 -0.690319
-0.196702 0.245973 -0.949108
0.920054 -0.143076 0.364733
0.774968 0.455472 -0.438144
0.779310 0.626301 -0.020559
0.724700 -0.477375 0.496914
0.043532 -0.984744 0.168474
-0.324162 -0.071439 -0.943300
0.514267 0.489919 0.703924
0.587047 0.231711 0.775684
-0.148405 0.943935 -0.294893
0.347151 -0.888340 0.300562
0.059891 -0.238292 -0.969345
-0.231319 0.245518 -0.941388
-0.063079 -0.899876 -0.431561
0.416903 0.487121 -0.767402
-0.032764 -0.950158 0.310043
-0.155865 0.937071 -0.312418
0.126000 -0.016886 0.991886
0.046654 0.882341 0.468293
0.017853 -0.334166 0.942345
0.020551 -0.482128 0.875860
-0.089977 -0.884267 0.458232
0.351424 0.930766 0.100872
-0.221216 0.972844 0.068109
0.457655 -0.854325 0.246334
0.579147 -0.509918 0.636060
-0.229475 -0.589443 0.774531
-0.272122 -0.467795 0.840902
-0.777329 0.505788 0.374084
-0.784935 -0.601451 -0.148773
-0.832784 0.035600 -0.552453
-0.808183 0.439101 0.392467
-0.887195 -0.296869 -0.353206
-0.998282 -0.019927 -0.055091
-0.821829 -0.420836 -0.384050
-0.934745 -0.204852 -0.290324
-0.987468 -0.155257 -0.028326
0.748678 0.295068 0.593646
0.844454 -0.157873 0.511834
-0.156987 0.832743 0.530937
0.453023 -0.685955 0.569417
0.298860 0.944412 0.137000
0.945493 0.215969 0.243723
-0.581253 -0.291455 -0.759736
-0.649264 -0.161803 -0.743153
-0.487346 -0.687819 -0.537958
-0.112365 0.992946 0.037840
-0.269458 -0.493028 -0.827234
-0.023791 0.976050 0.216243
-0.128696 0.991649 0.008381
0.132550 -0.544617 0.828144
0.509187 0.172086 0.843277
0.031944 0.345136 0.938009
0.442847 0.752269 -0.487829
0.182822 0.232947 -0.955150
-0.522159 0.364931 0.770828
0.213705 -0.530688 -0.820183
-0.431694 0.894608 0.115399
0.800513 -0.596352 -0.059533
-0.658560 0.751413 0.040946
0.836301 0.135196 0.531340
0.816771 -0.009376 0.576885
-0.405037 -0.380405 0.831407
-0.161518 -0.850631 0.500338
-0.411288 0.678494 -0.608677
0.217280 -0.149509 -0.964592
0.086005 0.267631 -0.959675
-0.187289 -0.742795 -0.642789
0.956758 0.246403 -0.154597
0.661391 0.741892 0.110267
-0.145972 0.701700 -0.697359
-0.584160 -0.765912 0.268581
0.813050 -0.291728 0.503830
-0.585729 0.351863 0.730147
-0.308374 0.836002 -0.453880
0.097043 -0.988729 0.114009
0.072756 -0.972808 -0.219887
-0.054212 0.805244 0.590460
-0.298671 0.567259 -0.767472
-0.083429 0.124323 -0.988728
0.533645 -0.276623 -0.799189
-0.058671 0.420960 -0.905180
0.824270 0.379057 -0.420589
-0.274806 0.959902 0.055416
-0.223325 -0.174701 -0.958961
0.036109 0.416271 -0.908523
0.327456 0.932731 -0.150947
-0.138185 -0.928612 0.344362
0.207534 -0.973661 0.094408
0.464208 0.884613 0.044386
0.887502 0.241808 0.392261
-0.797016 0.234719 0.556482
-0.116966 -0.657080 0.744691
-0.784577 0.523411 0.332385
-0.340800 -0.182599 0.922233
-0.367991 -0.662365 0.652576
-0.805559 -0.151970 -0.572695
-0.923768 0.207432 -0.321908
-0.771932 -0.179379 -0.609872
-0.789107 -0.543296 -0.286600
0.939587 0.212974 0.267989
0.797176 0.476563 0.370673
0.874925 0.215917 0.433459
0.931227 0.227555 0.284667
0.942206 0.250528 0.222450
0.824597 -0.524938 0.210901
0.986082 0.163486 -0.030247
0.138382 0.028114 0.989980
0.990780 -0.019900 0.134011
-0.143527 -0.901344 0.408631
0.847322 0.305542 0.434385
0.997782 0.064864 0.014935
0.931339 0.327245 0.159742
-0.017025 -0.999612 -0.022047
0.479939 -0.473942 0.738267
-0.170481 -0.736108 -0.655043
-0.070716 -0.913414 0.400842
0.077653 -0.977728 0.194981
0.432824 0.502971 -0.748120
0.522152 0.339762 -0.782253
-0.697521 -0.138234 -0.703104
0.377734 -0.096873 0.920833
0.375764 -0.508969 -0.774436
0.129026 0.944817 0.301118
-0.074721 -0.996534 -0.036568
-0.188215 0.948899 -0.253310
-0.229525 0.448521 -0.863798
0.597752 -0.525405 0.605510
-0.081402 0.810733 -0.579729
0.512604 -0.851652 -0.109202
0.472820 -0.868346 0.149721
0.516441 0.709115 0.480046
-0.153989 0.794759 -0.587065
0.384417 0.360212 -0.849983
-0.373417 0.432077 -0.820896
-0.016446 -0.682344 -0.730846
0.047706 0.002471 -0.998858
-0.054482 -0.709590 -0.702505
0.366270 0.448742 0.815155
-0.393225 0.913142 0.107447
-0.800651 0.587204 -0.118955
0.045601 -0.983667 0.174124
-0.185078 -0.465623 0.865414
-0.052096 -0.581633 0.811781
0.406543 -0.201948 0.891033
-0.418697 -0.145861 0.896335
-0.354080 -0.242704 0.903173
-0.765513 0.626543 -0.146405
-0.366098 -0.790926 0.490315
-0.870363 -0.192483 0.453232
-0.705499 -0.703924 -0.082225
-0.828039 -0.259123 -0.497199
-0.813655 -0.179271 -0.553016
-0.861898 -0.305488 -0.404733
0.775800 0.093416 0.624026
0.770060 0.016001 0.637770
0.940693 0.018756 0.338741
0.860253 -0.017126 0.509580
-0.323546 0.913746 0.245735
0.978146 0.207778 0.007649
0.494579 0.727114 0.476127
0.954320 -0.271012 0.125801
0.160958 0.985544 0.052867
-0.019049 0.985785 -0.166925
0.588065 0.672804 0.448904
0.949294 0.290657 0.119833
0.188004 0.673621 0.714765
-0.444708 -0.499799 -0.743260
0.119668 0.987592 -0.101690
-0.129213 -0.127517 0.983384
-0.218659 0.763513 0.607648
-0.530641 0.703704 0.472463
-0.533796 0.840435 0.093440
0.815729 -0.555486 -0.161313
-0.591100 0.806178 -0.026051
0.712370 0.168374 0.681307
0.055240 -0.211224 0.975876
0.103410 -0.661930 0.742398
0.928630 -0.315457 0.195274
0.925066 0.225332 0.305742
0.446671 -0.673165 -0.589351
-0.188956 -0.300027 -0.935029
0.212307 -0.172826 -0.961799
-0.425941 -0.508150 -0.748570
-0.686176 -0.087019 -0.722212
0.435043 0.261290 0.861664
0.227545 -0.006115 0.973748
-0.362471 -0.905725 0.219720
-0.333021 0.831870 -0.443948
-0.912712 0.303345 0.273750
-0.275210 0.075093 -0.958447
-0.523513 0.031377 -0.851440
-0.658681 0.093089 -0.746642
-0.073359 0.344996 0.935733
0.332602 0.763991 0.552896
0.235137 -0.856107 -0.460208
0.542388 -0.152602 0.826152
0.819350 -0.509396 0.263025
-0.186824 -0.928360 -0.321316
0.094555 0.961031 -0.259768
0.535351 0.341945 0.772317
0.211701 0.673991 -0.707756
0.834208 0.018675 -0.551133
-0.334907 -0.925122 -0.178849
0.594282 -0.065500 -0.801585
0.185874 0.492629 0.850157
0.132442 -0.397528 0.907982
0.442229 0.863757 0.241573
-0.406801 -0.547375 0.731364
-0.871764 -0.293539 0.392253
-0.936973 0.291353 -0.192861
-0.892375 0.303924 0.333614
0.118055 -0.962444 0.244467
-0.154187 -0.722772 0.673667
-0.075963 -0.809490 0.582199
-0.795508 -0.403170 -0.452350
-0.534858 -0.810096 -0.240147
0.967323 -0.043144 0.249848
-0.519783 0.843346 -0.136357
0.939598 0.254612 0.228755
0.958597 -0.044643 0.281246
-0.104932 0.458709 0.882369
0.417584 0.150787 0.896040
0.586418 0.582688 0.562662
0.290453 0.106829 0.950907
-0.113264 -0.620551 0.775943
0.024863 -0.621768 -0.782807
-0.177948 -0.707980 -0.683447
-0.225198 -0.809535 0.542162
0.079574 -0.884648 -0.459418
-0.601418 0.794748 0.081684
-0.666145 -0.666566 -0.334574
0.664335 -0.046428 0.745991
-0.203826 0.973867 0.100190
-0.417496 0.860185 -0.292881
-0.616615 0.746631 -0.249658
0.751376 0.411539 0.515819
0.486713 0.057914 0.871640
-0.426614 0.585866 -0.689030
0.357618 -0.928901 0.096185
-0.379959 0.517198 -0.766901
0.119722 -0.332093 -0.935618
-0.337288 -0.760966 0.554226
-0.606353 0.064699 0.792559
-0.739368 -0.068741 0.669784
-0.856736 0.316596 0.407150
-0.870782 -0.248394 0.424310
-0.782102 -0.089433 -0.616699
-0.078822 -0.994266 -0.072263
0.939643 0.065537 0.335822
0.024566 0.937848 -0.346175
0.640004 -0.555068 0.531314
0.637270 -0.427799 0.640996
-0.737763 -0.430818 -0.519712
0.472587 -0.854224 0.216710
-0.107634 -0.460706 -0.881002
0.582585 0.549101 0.599235
0.894492 -0.193573 -0.403005
0.520334 -0.643850 -0.560991
-0.504903 0.857911 -0.095193
-0.280882 0.959508 0.021230
-0.041438 0.025511 0.998815
0.532174 0.403054 0.744539
-0.325236 -0.780088 0.534494
-0.993067 -0.117470 -0.004369
-0.292081 0.941049 0.170631
-0.900589 0.428170 0.074900
0.479784 0.876163 0.046325
-0.011904 -0.139795 0.990109
-0.980886 0.194306 0.010370
0.818738 0.512769 0.258333
-0.579325 0.814856 -0.019799
-0.993370 0.113005 0.021111
0.031137 -0.619810 0.784134
-0.957415 0.215901 -0.191686
-0.880713 -0.277221 -0.384050
-0.855778 -0.179936 -0.485042
-0.978471 -0.053958 -0.199207
-0.891747 -0.368786 -0.262268
-0.231863 0.919989 0.316007
-0.116119 0.993132 0.014330
-0.010841 -0.514212 -0.857594
-0.927519 -0.281697 0.245674
-0.137295 -0.985985 0.094787
-0.280546 0.485787 0.827832
-0.228627 0.934040 0.274407
-0.786390 -0.039540 -0.616464
0.597136 0.106426 0.795049
0.548977 -0.074890 0.832476
-0.001056 0.073720 -0.997278
0.518244 -0.734833 0.437543
0.330161 -0.700178 -0.633044
0.682539 0.599945 0.417380
0.698594 0.360778 0.617905
0.668829 -0.347320 0.657294
0.057928 0.750456 -0.658377
0.955828 0.119667 -0.268464
-0.320492 -0.011084 0.947186
-0.026275 0.212513 0.976805
-0.052210 -0.515467 0.855318
0.931505 0.254499 0.259863
-0.996863 -0.029606 -0.073394
0.107084 -0.895066 -0.432885
0.814983 0.550804 0.180049
0.860019 0.119272 0.496127
0.633415 0.754521 0.171708
0.802935 0.097701 0.588005
0.804343 -0.205748 0.557404
-0.476216 0.631792 -0.611602
-0.717218 0.151352 -0.680214
0.371764 0.238896 -0.897062
0.081409 0.523749 -0.847974
-0.270910 0.677775 -0.683541
0.204725 0.449310 -0.869602
-0.112053 -0.895992 -0.429700
0.051449 -0.152098 -0.987025
0.238791 0.767186 0.595318
0.125542 -0.644456 0.754265
0.528575 0.847087 0.055251
-0.209085 -0.534919 0.818624
0.342245 0.930811 0.128295
0.053356 -0.839723 0.540387
0.493918 0.869471 0.008116
0.883316 0.159499 0.440810
0.991479 0.117445 -0.056359
0.895281 -0.186504 -0.404585
-0.581208 0.810871 -0.068452
-0.957296 0.165450 -0.237088
-0.598513 -0.800972 0.015035
-0.883642 0.329606 -0.332471
-0.578365 -0.746625 -0.328703
-0.938094 -0.338749 -0.072305
-0.940519 -0.283610 -0.187054
-0.823892 -0.382077 0.418591
0.016834 0.482734 0.875605
-0.072788 -0.814570 0.575480
0.074456 -0.950967 0.300198
-0.331311 -0.725380 -0.603372
-0.166656 0.969555 0.179412
-0.914360 -0.085095 -0.395860
-0.764019 -0.366232 -0.531177
-0.761679 -0.175268 -0.623800
-0.722363 -0.418230 0.550704
-0.135627 0.962571 0.234653
0.546598 0.132380 0.826865
0.863590 0.010820 -0.504078
0.581856 0.467792 0.665293
-0.920181 0.381086 -0.089663
-0.039569 0.138261 0.989605
-0.948036 -0.100657 -0.301822
0.109451 -0.812869 0.572070
-0.904467 0.329364 -0.271032
-0.842658 0.241125 -0.481443
-0.059900 -0.958666 0.278156
-0.915190 0.001008 -0.403020
-0.798624 0.298222 -0.522745
-0.667562 0.404243 -0.625258
0.023010 -0.999365 -0.027194
-0.058112 -0.992065 -0.111491
0.911190 0.108472 0.397450
0.985226 0.077542 0.152701
0.722548 0.203822 0.660591
-0.070624 0.986495 0.147783
0.484381 -0.038278 0.874019
0.551883 -0.368734 0.747971
0.613590 -0.543858 0.572474
0.654927 0.656264 0.374686
-0.720873 -0.604156 -0.339615
-0.530577 0.324413 -0.783099
-0.421100 0.516457 -0.745619
-0.066963 -0.514522 -0.854858
-0.435672 0.816470 -0.378902
0.141482 0.075114 -0.987087
0.266651 0.937328 0.224306
0.567842 0.823030 0.013345
0.385880 -0.696271 0.605229
0.281070 -0.520183 0.806479
0.715457 -0.354953 0.601772
0.642992 0.764719 -0.042023
0.827109 0.484866 0.284246
-0.032655 -0.757603 0.651899
0.945442 -0.167305 -0.279552
0.621059 -0.606408 0.496544
-0.813549 0.476359 -0.333497
0.241622 -0.381336 0.892301
0.723044 0.504400 0.472004
-0.925642 0.141675 -0.350877
-0.118133 -0.905440 0.407705
-0.167316 -0.849560 -0.500253
-0.984563 -0.151315 -0.087974
-0.979334 -0.163290 0.119338
-0.884751 -0.449940 -0.121531
-0.999879 0.015000 -0.004003
0.061205 -0.690366 -0.720867
-0.992784 0.113318 -0.039236
-0.922969 -0.359762 -0.136746
-0.122238 -0.713670 0.689734
-0.986921 0.076076 -0.142122
-0.149577 -0.751269 -0.642824
-0.662827 -0.008440 0.748725
0.267092 -0.539979 0.798176
-0.945694 -0.185409 -0.266994
-0.327162 -0.794995 -0.510831
-0.142741 0.985684 -0.089735
0.223404 -0.933323 -0.281067
-0.136223 -0.771500 -0.621475
-0.033467 0.999423 0.005870
-0.138167 0.512019 0.847789
-0.041870 0.838635 -0.543081
0.079245 -0.995102 0.059088
-0.924904 -0.355993 0.133497
-0.784055 -0.203884 -0.586250
-0.507773 0.069449 -0.858687
0.131383 0.991095 0.021650
-0.515432 -0.594857 -0.616826
0.032959 -0.999379 -0.012457
0.204155 0.548506 -0.810840
0.513232 0.182219 0.838683
-0.534058 -0.742111 -0.405035
-0.537374 0.823367 -0.182473
0.319431 -0.196659 0.926978
-0.397153 0.880537 -0.258698
-0.637535 0.749812 -0.177005
0.534188 0.296774 0.791561
0.131663 -0.967260 0.216965
-0.715666 0.343052 -0.608390
-0.867222 0.070767 -0.492867
-0.817493 0.257997 -0.514920
0.680329 0.059264 0.730507
0.111737 0.952226 -0.284221
-0.733998 0.021947 -0.678796
-0.146432 -0.298581 -0.943084
0.400505 -0.785409 0.471941
-0.052984 -0.988218 -0.143589
-0.379536 -0.817852 -0.432517
0.182697 0.550266 -0.814757
-0.337533 0.572956 -0.746855
-0.131381 -0.733152 0.667254
-0.061924 -0.050914 0.996781
-0.214616 -0.621744 0.753243
0.643220 -0.369464 0.670645
-0.422613 -0.884920 0.195741
-0.409223 -0.899362 0.153896
-0.303763 -0.952040 0.036728
0.227806 0.973507 0.019701
0.238562 -0.933356 0.268206
0.933569 -0.150256 -0.325379
0.882004 -0.035847 -0.469877
0.894911 -0.327567 -0.303041
0.063768 0.957254 0.282133
0.883904 -0.350276 0.309873
0.927827 0.112879 0.355522
-0.063675 -0.783078 0.618655
-0.691500 0.581534 -0.428540
-0.920241 0.184164 -0.345313
-0.956167 0.246731 -0.157699
-0.814660 -0.421486 -0.398346
-0.522624 -0.637790 -0.565764
0.123313 -0.642877 -0.755978
-0.131234 0.514209 0.847565
-0.388254 0.452752 0.802667
0.119267 -0.965552 0.231269
-0.621268 0.493497 0.608676
-0.099221 0.964519 0.244660
-0.776380 -0.520649 0.355189
-0.336239 0.639456 0.691404
-0.110302 -0.667563 -0.736338
-0.075824 0.299057 -0.951218
0.068979 0.587375 0.806370
-0.252325 -0.963056 -0.094100
-0.438860 -0.897859 0.035386
-0.388692 0.744699 0.542533
0.221828 0.970445 -0.095016
-0.682402 -0.704251 0.195853
-0.527368 0.023017 -0.849325
0.206603 -0.974566 0.086813
0.598239 0.138772 0.789210
0.662376 0.286630 0.692172
0.014779 0.890487 -0.454769
0.218655 0.903952 -0.367507
0.523138 0.380337 0.762674
0.122721 -0.624680 0.771178
-0.526730 -0.441438 -0.726421
0.632224 0.254932 0.731644
0.680853 0.170405 0.712321
0.946545 0.056564 0.317574
0.885229 0.230634 0.403952
0.940014 0.082057 0.331121
0.991812 -0.015660 0.126746
0.976701 0.114526 0.181491
-0.444107 0.761610 -0.471932
-0.414158 -0.824133 -0.386365
-0.883273 0.096079 -0.458909
-0.843338 0.093677 -0.529155
-0.761210 0.417757 -0.496022
0.324262 -0.631992 0.703875
0.736570 0.289878 0.611093
-0.791265 -0.466944 -0.394795
-0.766687 0.179471 -0.616426
-0.496292 -0.751374 -0.434893
0.671797 0.590739 0.446896
0.646599 0.023530 0.762467
0.679345 -0.293331 0.672642
-0.317043 0.834925 -0.449872
-0.770863 0.185477 -0.609401
-0.434842 0.852808 -0.289189
0.223118 -0.973507 -0.050022
0.436654 0.817865 -0.374740
-0.085532 -0.778642 -0.621611
0.246717 -0.667985 -0.702087
0.383857 0.757593 -0.527927
-0.690685 0.101431 -0.716007
0.098785 -0.017865 -0.994948
-0.254196 0.532188 -0.807565
-0.626699 0.778359 0.037494
-0.755017 -0.655687 -0.004902
0.008986 0.324903 -0.945705
0.176069 0.133363 -0.975302
0.102817 0.114605 -0.988076
-0.323008 -0.474258 -0.818990
0.239815 0.660817 0.711203
-0.380354 -0.868648 0.317461
0.768997 0.458273 0.445678
0.399216 -0.346406 0.848899
-0.014674 0.835548 0.549222
-0.075842 0.976921 0.199685
0.269539 0.957621 0.101543
0.641937 0.766601 -0.015464
0.643727 -0.657412 0.391695
0.945339 -0.309321 0.103219
0.492093 0.858427 0.144732
0.828038 0.556849 0.065366
0.093211 -0.748742 0.656276
0.992583 -0.110607 -0.050453
-0.435902 0.824009 0.361938
-0.163336 0.970817 0.175603
0.028340 -0.775436 0.630789
-0.024129 -0.931480 0.362990
0.800722 0.473030 0.367542
0.951506 -0.152171 0.267358
0.518129 0.745008 0.420126
-0.049109 0.994701 -0.090317
0.246111 -0.047359 0.968084
-0.022638 -0.998074 0.057758
0.045752 -0.617486 -0.785250
-0.429285 0.505426 -0.748504
-0.466510 0.533720 -0.705345
0.587416 -0.537586 -0.604933
-0.366344 0.229219 0.901804
-0.152502 -0.521423 0.839560
-0.275584 -0.724772 0.631474
0.316283 -0.411839 0.854608
-0.422220 -0.885770 -0.192721
-0.105821 -0.074340 0.991602
-0.215506 0.335624 0.917014
-0.533996 -0.047662 -0.844142
0.006441 0.993938 -0.109753
-0.543363 -0.822742 -0.166888
-0.695472 -0.339405 -0.633343
-0.191712 0.940722 0.279802
0.376716 -0.749396 0.544510
0.749970 0.456074 0.479105
0.684473 0.122764 0.718627
0.760529 0.524670 0.382514
0.070376 -0.987951 0.137838
-0.175214 -0.970802 -0.163841
-0.715088 0.383674 -0.584332
-0.710618 0.046842 -0.702017
-0.748467 0.013908 -0.663026
-0.687703 0.211759 -0.694423
0.273903 -0.712907 0.645555
-0.769981 -0.046346 -0.636381
0.458930 0.605922 0.649802
0.075860 -0.745646 -0.662010
-0.079739 0.373954 -0.924013
-0.098123 -0.993124 0.063845
0.046035 0.483007 -0.874406
-0.362314 0.557229 -0.747144
-0.359028 -0.537381 0.763100
0.309228 0.596971 -0.740273
-0.354655 -0.651839 0.670317
-0.403551 0.670479 -0.622579
-0.334520 -0.941410 -0.042939
-0.061125 -0.109418 -0.992115
-0.073947 -0.267442 -0.960732
-0.261813 -0.934558 0.240945
0.110064 -0.488879 0.865380
0.700885 0.713012 0.019344
0.886232 0.413537 -0.208758
0.988051 -0.033625 -0.150413
0.958913 -0.068525 -0.275299
0.982137 0.038199 -0.184249
-0.202798 -0.966241 0.158903
0.533389 0.683548 0.498256
-0.859068 -0.247719 0.447926
-0.843769 -0.475585 0.248743
0.452065 0.584559 0.673741
-0.606577 -0.794174 -0.036769
0.365542 -0.486926 -0.793273
-0.072190 0.843716 -0.531913
0.354113 -0.447060 -0.821426
0.104779 -0.299288 0.948392
0.197265 -0.893086 0.404331
0.122712 -0.867623 -0.481843
-0.031474 0.999492 0.005031
-0.195398 -0.216363 0.956560
-0.542267 0.458325 0.704191
-0.260115 -0.742127 0.617728
-0.555085 -0.292956 0.778497
-0.155093 0.680880 0.715786
-0.131737 0.977492 0.164786
-0.589805 -0.729568 0.346208
-0.679838 -0.118867 -0.723665
0.341864 0.919550 0.193794
0.061612 0.492833 -0.867940
-0.589420 -0.295446 -0.751861
-0.708728 -0.440583 -0.550991
0.043823 -0.764388 0.643266
0.643770 0.325785 0.692405
0.114368 -0.395168 0.911462
0.490314 0.587099 0.644133
-0.639527 0.204199 -0.741154
-0.337276 0.801810 -0.493301
-0.701242 0.118188 -0.703058
-0.501526 -0.761130 -0.411282
-0.744361 -0.409255 -0.527671
-0.581299 0.072489 -0.810455
-0.584168 0.388056 -0.712854
-0.546876 0.344949 -0.762848
0.714100 0.406512 0.569920
0.586118 0.052683 0.808511
0.586257 0.808974 0.043169
0.516647 -0.836845 0.181013
0.239071 0.953130 -0.185438
0.573264 -0.110603 0.811872
0.541613 -0.238055 0.806216
0.109173 0.389203 -0.914660
-0.411174 -0.900584 -0.141014
-0.763451 0.124834 -0.633686
-0.517865 -0.739832 -0.429492
-0.403978 0.701870 -0.586669
-0.246065 -0.443171 -0.862004
0.138306 0.466270 0.873764
0.070463 -0.849243 0.523279
0.971750 0.229287 0.055948
-0.314401 -0.937407 0.149736
0.949311 -0.244300 0.197804
-0.287645 -0.954697 0.076246
-0.286474 -0.934479 0.211381
-0.081915 0.863423 0.497786
-0.023790 -0.998974 0.038533
-0.912203 -0.331506 0.240809
-0.863614 0.367083 0.345574
0.121172 -0.955331 0.269556
-0.074808 0.874300 -0.479587
-0.081114 -0.525392 -0.846985
0.320975 0.803310 -0.501666
0.019782 0.574558 -0.818225
0.243946 -0.426050 -0.871190
0.134408 0.568436 -0.811674
-0.349101 0.439831 0.827452
-0.098932 0.803113 0.587556
-0.056046 -0.908841 0.413361
-0.562386 0.430263 0.706113
0.235588 0.968831 0.076575
-0.084107 0.996139 -0.025156
-0.237129 0.968305 -0.078459
-0.073725 0.807211 0.585640
-0.746083 -0.301442 -0.593711
-0.514596 -0.019357 -0.857214
-0.520609 0.131316 -0.843637
0.302552 0.604419 -0.736980
-0.543979 -0.367537 -0.754323
-0.727544 -0.491808 -0.478334
-0.849503 -0.398623 -0.345608
-0.690606 -0.345448 -0.635397
-0.378599 -0.790103 -0.482079
-0.011187 0.414718 -0.909881
0.675596 -0.039164 0.736231
0.380174 -0.757374 0.530897
0.769934 0.243543 0.589820
-0.119465 -0.984952 0.124893
-0.807778 -0.444274 -0.387447
-0.776287 -0.270860 -0.569221
0.721025 0.263113 0.641010
-0.612507 -0.528500 -0.587812
-0.919152 -0.284415 -0.272522
0.568389 -0.195383 0.799224
0.205766 -0.962095 0.178980
0.510798 0.616218 0.599467
-0.692221 0.183266 -0.698029
-0.579788 -0.260905 -0.771864
-0.654701 -0.564472 -0.502730
-0.490593 0.511086 -0.705769
-0.203403 -0.967740 -0.148684
0.534291 0.315384 -0.784261
0.451209 -0.873177 -0.184316
0.177420 0.407984 -0.895584
0.242090 0.271292 -0.931554
0.595359 -0.763654 -0.249761
0.218778 -0.634043 0.741704
0.253370 -0.489341 0.834475
-0.275957 0.948896 0.153113
-0.120429 -0.563676 0.817170
-0.211390 -0.757353 0.617843
-0.074436 0.187677 -0.979406
0.052137 0.134633 -0.989523
0.058665 0.015122 -0.998163
0.179548 -0.352771 0.918322
0.031463 0.481404 0.875934
-0.909667 0.175501 0.376437
-0.887294 0.013545 0.461006
0.399549 -0.258227 0.879590
-0.883396 0.175000 0.434725
-0.670517 -0.735160 -0.099738
0.489050 0.773119 0.403879
-0.033130 -0.825852 0.562913
0.515395 0.514588 -0.685250
0.302492 0.756825 -0.579408
0.512258 0.338059 0.789498
0.142033 0.160446 0.976772
0.249738 -0.672461 0.696726
0.308004 0.500283 0.809228
-0.106534 0.543437 0.832662
0.037198 0.997180 0.065176
-0.273098 -0.646141 0.712685
-0.356725 -0.325881 0.875528
-0.239967 -0.709389 0.662709
-0.087648 0.813571 -0.574822
-0.175169 -0.946815 0.269922
-0.268538 0.722636 -0.636934
-0.046337 0.671788 0.739293
-0.356734 -0.914696 0.189925
-0.068658 0.490551 -0.868703
-0.581301 0.097348 -0.807844
-0.495239 -0.257585 -0.829692
0.676381 0.633003 -0.376584
0.745422 0.244867 -0.619989
0.782607 0.119156 -0.611006
0.145095 -0.614054 0.775812
0.810359 0.046447 0.584090
0.728295 0.224784 0.647347
0.818578 0.191337 0.541590
0.798121 0.155123 0.582185
-0.393092 -0.919496 -0.002336
-0.785051 -0.256323 -0.563909
-0.614519 0.714695 -0.334032
0.014340 -0.999857 -0.008933
0.316653 0.685695 0.655403
0.195986 0.328670 0.923886
0.113689 -0.982310 -0.148801
-0.477249 0.293429 -0.828331
-0.661428 -0.171626 -0.730108
-0.281306 -0.833862 -0.474911
-0.672316 -0.504412 -0.541812
0.944362 0.132392 -0.301087
0.567911 -0.266424 0.778778
-0.684253 -0.303069 -0.663285
0.610458 -0.143846 0.778877
0.143104 0.364468 -0.920154
0.210365 0.921204 -0.327307
-0.665344 0.399290 -0.630781
0.457107 0.428716 -0.779266
0.556280 0.121766 -0.822025
-0.156652 0.987523 0.016064
0.451503 -0.213101 -0.866449
-0.453511 0.760939 -0.464004
-0.215843 -0.949985 -0.225701
-0.018792 -0.510689 0.859560
-0.122692 0.988360 -0.089953
-0.157655 -0.059616 -0.985693
-0.393585 -0.709553 -0.584488
-0.613999 0.233764 -0.753896
-0.223589 0.109540 -0.968509
0.194310 0.157587 0.968199
-0.284251 0.865948 0.411505
0.127853 -0.986201 0.105177
-0.918131 -0.015720 0.395965
-0.655088 -0.457972 0.600934
-0.656637 0.685283 0.314985
-0.790693 0.526699 0.312077
-0.909301 0.280944 0.306988
0.575891 0.600260 0.555011
-0.938668 0.264521 0.221205
-0.321654 -0.795645 -0.513310
-0.131467 0.878044 -0.460168
-0.294386 -0.926921 -0.232710
-0.410682 -0.483998 -0.772714
-0.573683 -0.608680 -0.548085
0.858619 0.319313 0.401014
0.936074 0.261100 0.235779
0.000498 0.999286 -0.037786
0.708528 0.491414 0.506459
0.641461 0.177862 0.746252
-0.034914 0.539619 -0.841185
-0.104551 -0.993071 0.053662
-0.271190 -0.962504 -0.006479
0.311786 -0.943513 -0.112131
-0.708362 -0.059672 -0.703323
-0.089873 -0.913931 -0.395795
-0.029675 0.773815 -0.632716
-0.825684 -0.137162 -0.547204
0.692902 0.590885 -0.413210
-0.799400 -0.243838 -0.549093
0.171983 0.568772 -0.804313
-0.347358 0.176796 -0.920916
-0.423511 0.855678 0.297412
0.541351 -0.148771 0.827530
0.643708 -0.414639 0.643206
0.789825 0.248913 0.560553
-0.442327 0.880367 0.171176
-0.599036 -0.800718 -0.002551
0.649397 0.275949 0.708615
-0.938805 -0.200624 -0.279992
-0.908441 -0.311049 -0.279255
0.043764 -0.238723 0.970101
0.551911 -0.291001 0.781481
0.296118 -0.898306 0.324593
-0.674008 0.651210 -0.348769
-0.628270 0.008334 -0.777951
-0.100341 -0.945383 -0.310133
-0.572143 0.314811 -0.757328
0.690914 0.249170 0.678640
-0.108818 -0.911552 -0.396525
0.646280 -0.218605 -0.731118
0.560066 -0.372154 0.740153
0.110447 0.975922 -0.188090
0.543524 0.261106 0.797750
-0.357628 -0.328371 -0.874228
-0.103308 0.994175 0.030714
-0.161955 -0.960746 -0.225249
-0.304510 0.396141 -0.866225
-0.173660 -0.783186 0.597044
0.000540 -0.168278 -0.985739
-0.160406 0.724795 0.670031
0.210925 -0.941574 0.262581
-0.357939 0.894013 0.269483
-0.641214 0.765306 0.056128
-0.771571 0.126131 0.623514
-0.602294 -0.281203 0.747105
-0.868056 0.216140 0.446948
-0.679615 0.228644 0.697026
0.093402 -0.533399 0.840691
-0.832289 0.338063 0.439326
-0.673181 -0.727589 0.132066
-0.503523 -0.809509 -0.301926
0.203284 -0.557977 0.804573
-0.588313 0.734234 0.338804
0.590832 0.434738 0.679647
0.463736 0.749157 0.472983
0.799736 -0.026809 0.599753
0.683570 0.672406 -0.283906
0.576576 0.235922 0.782241
0.783643 0.451401 0.426779
0.927184 0.365060 0.084027
0.743724 0.575074 0.340829
0.976559 0.192072 0.097160
0.950540 0.066516 0.303398
-0.036496 0.996114 0.080161
-0.812788 -0.534864 -0.230858
-0.093550 0.995063 0.033138
-0.138595 -0.776590 0.614573
0.181713 -0.977618 0.106031
0.756590 -0.566319 0.326886
0.278640 -0.959896 0.030968
0.057815 0.436993 0.897605
-0.176534 0.862525 0.474222
-0.200163 -0.969588 0.140833
0.762563 -0.415328 0.495984
0.978992 -0.065592 0.193058
0.971786 0.079738 0.221978
0.937793 0.326895 -0.116974
0.927731 -0.349713 -0.130441
-0.054888 0.985914 -0.157990
-0.072795 0.850491 -0.520927
0.757172 -0.652211 -0.036212
0.363783 -0.879540 -0.306709
-0.061154 0.494484 -0.867033
-0.566371 -0.302934 -0.766456
-0.350491 -0.575355 -0.739001
-0.787765 -0.173582 -0.591012
-0.794195 -0.114166 -0.596842
-0.579878 -0.145317 -0.801639
0.666420 -0.727827 0.161716
-0.074182 -0.710296 0.699983
-0.410489 -0.898190 -0.157333
0.817807 0.177397 0.547469
0.728429 0.183380 0.660123
0.155421 -0.218331 0.963419
0.827036 0.220773 0.516982
-0.760916 -0.522661 -0.384489
-0.518217 -0.748630 -0.413526
-0.961153 -0.248990 -0.119120
-0.751930 -0.501455 -0.427953
-0.671446 -0.504954 -0.542385
0.351571 0.452775 0.819386
0.089231 -0.953900 -0.286553
-0.500622 0.069359 -0.862883
-0.331906 -0.040958 -0.942423
-0.439897 0.139230 -0.887190
-0.825934 -0.183102 -0.533204
-0.360112 0.452335 -0.815912
0.640974 0.091274 0.762117
0.912627 0.364871 -0.184340
0.817076 0.240710 -0.523875
-0.293915 0.864520 -0.407700
-0.124411 -0.794706 0.594109
0.195070 -0.516894 0.833528
-0.317469 0.073533 -0.945413
0.363157 -0.901398 0.235794
-0.205784 -0.248721 -0.946462
-0.286114 -0.775547 -0.562730
0.328552 -0.109982 0.938061
0.516039 -0.817060 0.257132
-0.366641 0.072218 0.927555
-0.175410 -0.160788 0.971277
-0.493810 0.839795 0.225601
-0.571303 0.473607 0.670305
-0.057689 -0.668164 0.741774
-0.478041 0.690703 0.542593
-0.557046 -0.830481 -0.001000
-0.474894 0.690330 0.545820
-0.138015 0.970819 0.196117
0.624870 0.543385 0.560598
-0.259144 0.965587 -0.022066
0.168551 0.466737 -0.868186
0.208789 0.874505 -0.437776
0.681683 -0.020053 0.731373
-0.124313 0.421030 0.898488
0.736902 0.528454 0.421558
0.075643 -0.916271 0.393351
0.105055 -0.982750 0.152202
0.846326 -0.527285 -0.075520
0.513737 -0.188263 -0.837037
0.863262 0.244603 -0.441530
0.915855 0.209448 -0.342552
-0.013743 0.919165 0.393632
0.952881 0.070744 -0.294980
0.955957 0.218195 -0.196310
0.486800 -0.589593 0.644521
0.937022 0.006237 -0.349216
0.984307 -0.063686 0.164569
-0.115263 -0.456009 -0.882480
-0.007616 0.530216 -0.847829
-0.187437 -0.513584 0.837316
0.337142 -0.796412 0.502058
-0.464960 0.820508 0.332534
0.917664 0.306515 0.252865
0.556879 0.047275 0.829247
0.518168 0.268192 0.812142
-0.081317 -0.987479 -0.135174
-0.218253 -0.769145 -0.600651
-0.589677 -0.590320 -0.551183
0.942009 -0.032570 0.334004
0.803412 -0.454122 -0.385101
0.181182 -0.972913 -0.143572
-0.639822 -0.111266 -0.760426
0.644252 0.726803 0.238110
0.627041 0.612224 0.481664
0.606856 -0.105369 0.787796
0.625448 -0.315333 0.713709
0.604189 -0.362175 0.709778
0.935149 -0.296770 -0.193452
0.279537 0.932710 0.227842
-0.759806 0.207927 -0.616005
-0.272011 -0.535969 -0.799217
0.440532 -0.633988 0.635602
0.065264 0.463977 0.883440
0.429250 -0.902822 0.025652
0.158805 -0.510211 0.845260
-0.317538 0.222334 0.921812
-0.025355 0.998627 0.045833
0.317788 -0.942503 0.103437
-0.594436 -0.672944 -0.440219
-0.057639 -0.811387 -0.581661
0.768585 -0.419666 0.482864
0.236582 0.804218 -0.545217
0.077411 0.965194 -0.249817
0.433920 -0.648578 0.625348
-0.139772 -0.490527 0.860143
0.129635 0.898764 0.418830
-0.416329 -0.656246 0.629295
-0.006409 0.998359 0.056898
-0.649856 0.585419 0.484739
0.790173 0.575616 0.210458
0.761455 0.469023 0.447442
0.265804 -0.761422 0.591256
0.050991 0.998034 0.036436
0.033127 0.846437 -0.531457
0.662534 0.274971 0.696735
0.581129 -0.149423 -0.799976
0.891466 0.080794 -0.445825
0.898618 0.344803 -0.271288
0.661620 -0.748612 -0.042889
0.859956 -0.075120 -0.504809
0.932401 0.257468 -0.253652
0.063164 0.636742 0.768485
0.844770 -0.501518 -0.186663
0.881634 -0.450448 -0.140775
-0.409704 0.908312 -0.084335
0.246050 0.548216 -0.799324
0.623282 -0.516328 -0.587303
-0.692632 -0.183487 -0.697562
-0.412412 -0.092183 -0.906322
-0.559482 -0.292058 -0.775681
0.472900 0.060973 0.879004
0.992308 0.003369 0.123746
-0.607223 0.710860 -0.354907
0.504121 -0.500146 0.704071
0.235005 -0.970725 -0.049659
0.147149 -0.890727 -0.430061
0.648930 0.307533 0.695927
0.588904 -0.284967 0.756297
0.571505 0.267592 0.775742
-0.151299 -0.896530 -0.416345
-0.459231 -0.686241 0.564075
-0.571972 -0.097400 -0.814470
-0.673376 -0.001237 -0.739299
-0.449837 -0.338279 -0.826568
-0.396619 0.318651 -0.860903
0.522929 -0.677359 0.517427
-0.114583 0.806283 0.580327
0.500120 -0.850705 0.161808
-0.177296 -0.904695 0.387418
0.552619 -0.816648 0.166430
-0.333738 0.873103 0.355400
0.026657 -0.886511 0.461939
0.252217 -0.622266 0.741061
0.135624 0.961088 0.240659
0.621611 0.685941 0.378265
-0.294090 0.886895 -0.356271
-0.591087 0.210152 -0.778750
-0.224726 0.226990 -0.947615
-0.806730 -0.532901 -0.255349
-0.715928 -0.564520 -0.410809
0.377500 -0.007416 0.925980
0.011401 0.998553 0.052552
0.805793 0.451196 0.383561
-0.550042 -0.824867 0.130567
0.951097 -0.281210 -0.127811
-0.098724 0.891161 0.442816
-0.228709 0.867515 -0.441713
-0.616169 -0.685069 0.388608
0.950271 -0.283998 0.127789
-0.161664 0.211760 -0.963858
0.719303 -0.661205 -0.213098
0.273652 -0.584385 -0.763943
0.042267 -0.340960 -0.939127
-0.341285 0.934496 0.101199
-0.096673 0.295270 -0.950510
-0.032539 -0.445114 0.894883
0.153648 0.173358 0.972800
0.264129 -0.964205 0.023322
-0.434527 -0.856543 0.278423
0.935049 0.352355 -0.039099
-0.163687 -0.557649 -0.813778
-0.531926 0.846782 -0.003930
-0.604872 -0.661924 -0.442704
0.071085 0.540645 0.838243
-0.871425 0.488597 -0.043502
0.159129 0.747713 0.644673
0.134663 -0.965766 -0.221723
-0.746132 -0.061501 -0.662951
-0.351156 0.202943 -0.914059
0.475338 0.766248 0.432340
0.516627 0.679805 0.520540
0.646348 -0.300192 0.701512
-0.697541 0.399090 -0.595116
-0.229794 0.952282 -0.200882
-0.586841 0.457344 -0.668173
0.465092 -0.346182 0.814769
-0.221301 -0.941268 -0.255030
0.460477 -0.729654 0.505535
0.013257 -0.742702 -0.669490
-0.609422 0.224409 -0.760425
-0.084892 -0.756765 -0.648152
-0.608069 0.476914 -0.634669
-0.004306 0.405173 0.914230
0.660213 -0.749364 0.050720
-0.081213 0.981081 0.175739
0.388413 -0.906139 0.167477
-0.303376 0.610301 0.731775
0.128599 0.976403 -0.173493
0.215283 0.937376 0.273823
0.654343 0.075818 0.752387
0.187834 -0.735234 0.651267
0.606478 0.673162 0.423129
-0.102618 -0.989246 0.104223
0.736938 0.481946 0.473973
0.792190 0.283779 0.540282
-0.880989 -0.423128 -0.211709
0.454484 0.490086 0.743815
0.633703 0.048854 0.772032
-0.184013 -0.503078 0.844424
0.928126 0.165682 0.333364
0.263218 0.795431 0.545900
0.901340 0.328217 0.282594
0.978881 0.005441 -0.204359
0.785524 -0.616518 0.053459
0.952884 -0.018314 -0.302780
0.001862 0.878070 -0.478528
0.973041 -0.057766 -0.223282
0.969404 -0.074182 -0.233992
-0.088666 -0.870916 0.483367
-0.124467 0.991169 0.045747
-0.227290 -0.962032 0.151110
-0.039849 0.341840 -0.938913
-0.269513 0.884224 0.381459
0.337414 -0.137449 0.931268
0.598688 0.573959 0.558698
0.701713 0.666322 -0.252216
0.479081 -0.544024 0.688854
-0.092050 0.094323 0.991277
-0.114265 -0.634511 -0.764421
0.079015 -0.406816 -0.910086
0.271618 -0.177372 -0.945919
0.354129 -0.903373 0.241886
-0.021776 0.531215 0.846957
0.084098 0.107395 0.990653
-0.905006 0.359185 -0.227925
-0.532071 -0.019729 -0.846470
0.228505 -0.902620 -0.364778
-0.821494 0.186403 -0.538889
-0.681945 -0.418945 -0.599530
-0.036230 0.210094 -0.977010
-0.121516 -0.854594 -0.504879
-0.910077 0.145512 -0.388055
-0.915810 -0.030840 -0.400426
-0.922904 -0.257886 -0.285909
0.594207 0.432418 0.678184
0.677171 0.108361 0.727803
-0.195789 -0.891478 -0.408574
-0.091473 -0.990856 -0.099179
-0.507551 0.145498 -0.849248
-0.682372 0.082445 -0.726341
-0.688567 0.188796 -0.700166
-0.527674 -0.339198 -0.778784
-0.382903 -0.678412 -0.627010
0.515477 -0.846537 0.132882
0.264420 -0.363019 0.893476
0.347277 0.904525 -0.247453
-0.232165 -0.971356 0.050666
0.011632 -0.757666 0.652539
0.035710 0.961481 0.272541
0.665109 0.146700 0.732195
-0.010121 0.997482 0.070191
-0.592736 -0.609514 -0.526456
0.644260 0.648832 0.404903
-0.703841 -0.397578 -0.588676
-0.871849 -0.377984 -0.311459
0.545448 0.582378 0.602762
-0.896881 -0.385471 -0.216833
-0.841020 -0.477129 -0.255015
-0.760159 -0.405199 -0.507910
-0.499522 -0.654072 -0.568039
0.943103 -0.189979 0.272882
0.974360 0.201824 0.099445
0.893617 0.260181 0.365724
0.933456 -0.277060 0.227810
-0.014549 0.999893 -0.001627
0.992024 -0.033157 -0.121609
0.863884 -0.499741 0.062952
-0.781013 -0.287046 0.554638
-0.045766 0.948058 0.314789
-0.452727 -0.403955 0.794896
-0.107551 0.986081 -0.126796
-0.189548 -0.977119 -0.096490
-0.396368 -0.307753 -0.864974
0.702550 0.258969 0.662841
-0.412427 0.885164 0.215381
0.743766 0.655861 0.129068
-0.398923 0.916393 -0.032932
-0.108051 -0.286725 0.951900
-0.061184 -0.745962 -0.663172
0.691193 0.701434 -0.173905
0.109722 -0.258298 -0.959814
-0.574195 0.814674 -0.081278
-0.837604 0.544025 -0.049569
-0.827816 0.539543 0.153667
0.321776 -0.292831 0.900394
-0.896783 0.394632 0.200115
-0.321958 0.901020 0.290698
-0.162637 0.249325 0.954665
0.227533 -0.961258 -0.155599
-0.348339 0.865551 0.359835
-0.956711 0.227664 -0.181310
-0.928333 0.357920 -0.100455
-0.488763 -0.323552 -0.810201
-0.655883 0.746202 -0.114016
-0.934423 0.097560 -0.342542
-0.207133 0.927582 -0.310948
-0.920769 -0.150199 -0.360034
-0.407576 -0.680737 -0.608670
0.346139 0.779000 0.522826
0.574650 -0.010412 0.818333
-0.296604 0.916167 -0.269562
-0.400460 0.739337 -0.541306
-0.161209 -0.957315 -0.239916
-0.565856 0.023682 -0.824164
0.700155 -0.706651 0.102118
-0.703536 0.137754 -0.697181
-0.523034 0.729968 -0.439979
-0.602372 -0.163431 -0.781305
-0.149477 -0.552736 -0.819841
-0.128663 0.938799 0.319535
0.216672 -0.306301 0.926948
-0.626313 0.338668 0.702166
0.614939 -0.540253 0.574436
0.585818 -0.286527 0.758102
-0.571617 0.607366 0.551688
0.921599 -0.192208 0.337211
0.179252 -0.744884 0.642664
-0.762051 0.635601 0.123650
0.804690 -0.583875 -0.107534
-0.371033 -0.913820 -0.165128
0.133398 0.821854 0.553860
0.473380 0.635571 0.609886
-0.302021 0.928874 -0.214420
-0.660265 -0.045932 -0.749627
-0.487839 0.247004 -0.837259
-0.787596 -0.597256 0.151582
-0.487127 -0.800062 -0.350154
0.377044 -0.876483 -0.299358
-0.674763 -0.572458 -0.465818
0.345549 -0.815862 -0.463643
0.548629 -0.202358 0.811207
-0.221122 -0.769630 -0.598979
-0.842886 -0.364859 0.395502
-0.080049 0.473073 -0.877379
-0.079652 -0.139183 -0.987058
0.684749 0.257574 0.681744
-0.185551 -0.665436 0.723025
0.360992 0.502722 0.785466
0.431131 0.378859 0.818897
-0.454867 0.268972 -0.848970
-0.900335 0.314446 -0.300866
-0.949536 0.078635 -0.303641
0.620202 0.074573 0.780889
0.005098 0.875454 0.483274
0.138036 0.981623 0.131769
-0.144642 0.978045 -0.150023
0.332243 -0.359789 -0.871875
-0.072272 -0.975076 -0.209772
-0.420077 0.786202 -0.453235
-0.687620 -0.293716 -0.664010
0.565722 -0.615655 -0.548569
-0.770088 0.090994 -0.631415
-0.481100 -0.439717 -0.758414
0.147082 0.100048 0.984051
0.293822 -0.402576 0.866949
0.382684 -0.826804 0.412247
0.453163 -0.880407 0.139739
-0.344355 -0.234042 0.909200
-0.939802 0.144204 0.309802
0.278531 0.880504 -0.383579
0.282884 -0.800656 0.528135
0.101239 -0.984981 0.139866
-0.157444 -0.944353 -0.288806
0.297785 -0.538179 0.788472
-0.483625 -0.748285 -0.454066
-0.023559 0.985779 0.166386
0.267928 -0.838207 0.474998
-0.740694 -0.612373 -0.276355
-0.534657 0.185678 -0.824419
-0.113841 -0.861061 -0.495595
-0.695512 -0.642317 -0.322013
0.288630 0.784576 0.548756
0.064553 -0.860632 -0.505119
0.260068 0.613379 0.745742
-0.041066 0.993074 0.110079
-0.290139 0.796831 -0.529981
-0.488454 -0.865362 0.112076
0.772705 0.590338 0.233298
-0.148997 0.968352 0.200237
0.038164 -0.032799 0.998733
-0.337582 0.927683 -0.159507
0.147580 -0.950707 -0.272721
-0.137811 -0.329137 -0.934172
0.139149 -0.436057 -0.889096
0.117903 -0.807003 0.578657
-0.184152 0.468690 0.863955
0.752546 0.395887 0.526258
-0.110198 -0.986760 0.119004
-0.003502 -0.979573 -0.201058
-0.057521 0.488874 -0.870456
0.694716 0.313680 0.647282
-0.311081 -0.039935 -0.949544
-0.401621 -0.312168 -0.860959
-0.646965 0.689064 -0.326538
-0.961015 0.096381 -0.259153
-0.982047 -0.137288 -0.129369
-0.961432 -0.265981 -0.070019
-0.757031 0.330621 -0.563555
-0.955016 0.066489 -0.289006
-0.813643 0.116713 -0.569529
-0.799452 0.093518 -0.593406
-0.797563 -0.307556 -0.518944
0.559091 -0.175577 0.810302
-0.264328 -0.070394 -0.961860
-0.228896 -0.474759 -0.849830
0.337194 0.711991 0.615929
-0.360919 0.825845 -0.433264
-0.244396 0.760514 -0.601573
-0.053842 0.996483 0.064202
-0.531315 0.186557 -0.826378
0.664900 -0.692159 -0.280755
0.275318 -0.960524 -0.039915
-0.687912 0.082885 -0.721046
-0.045148 0.800728 0.597324
0.035166 0.547812 0.835862
-0.688237 0.335058 0.643479
-0.752101 -0.092829 0.652478
-0.888089 0.037931 0.458105
0.231395 -0.956825 0.175903
-0.845590 0.429639 0.316841
-0.944565 0.284267 0.164284
0.703408 -0.705981 0.082513
0.363861 -0.376686 0.851888
-0.879902 -0.279268 0.384425
-0.843454 0.533682 0.061388
0.322162 0.866412 -0.381500
-0.911230 0.399917 0.098622
-0.194356 -0.793376 0.576871
0.098399 0.740148 0.665206
-0.589062 0.704615 0.395631
0.783857 0.204245 0.586389
0.591095 -0.497076 0.635234
0.242556 0.778554 0.578810
0.576710 -0.802862 0.151059
-0.527270 0.284966 -0.800487
-0.220684 -0.751478 -0.621756
0.327674 0.408051 0.852130
-0.552111 -0.800505 -0.233163
-0.863890 -0.473447 -0.171875
-0.882439 -0.088047 0.462115
-0.873682 -0.123014 0.470689
0.070704 0.439391 -0.895509
0.715798 0.338738 0.610648
0.803125 0.594806 0.034584
-0.148058 0.109116 0.982941
0.627970 0.778229 -0.003526
0.296329 -0.763909 -0.573265
-0.357562 -0.354621 -0.863940
-0.145081 0.987668 -0.058851
0.311111 0.195588 0.930030
0.545272 -0.675685 0.496113
0.325809 -0.945036 0.027475
0.175222 -0.962473 -0.207225
0.647151 0.503468 0.572464
-0.010376 0.999881 -0.011412
0.262746 0.357549 -0.896171
0.604325 0.355152 0.713203
-0.171728 -0.598725 -0.782328
-0.286398 0.696599 -0.657819
0.407558 0.484039 0.774340
-0.875648 -0.382058 -0.295421
-0.843438 -0.192676 -0.501486
-0.329620 -0.850546 -0.409783
-0.522396 0.602062 -0.603841
-0.095652 0.985991 0.136651
-0.404750 -0.761275 -0.506594
-0.674161 0.313657 -0.668675
-0.305526 -0.338524 0.889975
-0.722012 0.597360 0.349083
0.431735 -0.566068 0.702262
0.103284 0.991855 0.074544
-0.630279 -0.570424 0.526655
0.498035 -0.594517 0.631277
0.567627 0.269743 0.777842
0.151703 0.796156 0.585765
0.784613 -0.598852 -0.160497
0.653405 0.086915 0.752003
0.708032 -0.442278 0.550528
0.557013 0.148013 0.817208
-0.005467 0.999794 -0.019534
0.155202 -0.847206 -0.508090
-0.227788 0.885436 -0.405113
-0.519631 -0.036972 -0.853590
0.679966 -0.654831 -0.329914
0.176695 0.819423 0.545275
-0.434960 -0.896440 0.084889
-0.112828 -0.851052 -0.512816
0.286261 -0.920489 -0.265996
0.534070 0.152485 0.831575
0.179733 -0.319549 0.930368
0.050255 0.992519 0.111267
-0.107496 0.857337 0.503406
-0.907392 -0.018361 0.419883
-0.968944 -0.031076 0.245322
-0.891764 -0.314943 0.324911
-0.968617 -0.224983 0.105655
-0.936778 -0.206065 0.282815
-0.997931 0.063752 0.008288
-0.624902 -0.748797 0.220908
-0.071352 0.994168 -0.080865
-0.524454 -0.850639 0.036887
-0.167191 0.924751 -0.341881
0.160549 0.326172 -0.931577
0.233155 0.531377 -0.814418
-0.999892 0.014703 -0.000600
-0.641683 -0.740742 -0.198858
0.194420 0.522362 -0.830264
-0.150610 -0.858402 -0.490369
-0.329179 -0.579823 -0.745283
0.004109 0.103339 -0.994638
0.185616 -0.406831 -0.894447
-0.523949 -0.809955 0.263534
-0.714349 -0.620068 -0.324379
-0.011443 -0.275197 0.961320
0.091081 -0.105704 0.990218
0.237385 -0.458107 0.856613
0.465073 -0.863452 0.195339
0.041145 -0.910616 -0.411200
-0.645297 -0.600762 -0.471885
0.747143 0.149864 0.647547
0.603456 0.563507 0.564182
0.511229 -0.825225 0.240100
0.065794 0.966840 0.246763
-0.402799 0.277320 -0.872265
-0.908114 -0.403634 -0.111396
-0.495797 -0.853419 -0.160812
0.025538 -0.956664 -0.290073
0.149045 -0.586832 -0.795873
-0.414648 -0.822260 -0.389814
-0.997628 -0.060170 -0.033428
-0.905635 0.011497 -0.423902
-0.086001 0.659235 -0.747003
-0.481994 0.274612 -0.832028
0.105481 0.884700 0.454071
0.495754 0.210952 0.842453
0.464448 -0.266432 0.844572
-0.716283 -0.157292 -0.679851
-0.063050 0.994301 -0.085967
-0.194333 0.980927 0.004030
-0.469361 0.643405 -0.604756
-0.341819 -0.215100 -0.914818
-0.077461 -0.979477 -0.186079
-0.621390 0.284035 -0.730205
-0.626666 -0.074099 -0.775757
0.038323 -0.677946 0.734112
0.071606 0.941362 0.329713
-0.408863 -0.726028 0.552914
0.108849 -0.662190 0.741388
0.260429 0.916324 0.304181
-0.155939 0.879032 0.450540
0.843949 -0.502115 0.188760
-0.638249 0.418127 -0.646381
0.573166 -0.228934 0.786810
-0.241290 -0.747170 0.619286
-0.167684 0.985547 -0.024065
-0.086128 0.956026 -0.280351
-0.876698 -0.037669 0.479565
-0.970799 -0.119402 0.208070
-0.943853 -0.289070 0.159939
-0.979345 -0.129543 0.155250
-0.132224 0.987413 0.086786
-0.628184 -0.665332 0.403383
-0.288886 -0.918166 0.271137
-0.041565 0.973401 0.225308
-0.609499 -0.721992 0.327473
-0.028694 0.999521 0.011617
-0.981296 0.142075 -0.129893
-0.986752 -0.154743 0.048738
0.325076 0.451725 -0.830825
-0.242690 0.879902 -0.408503
-0.952160 0.304869 -0.021120
-0.992365 0.087196 0.087231
-0.062061 -0.975332 -0.211840
-0.992321 0.097878 -0.075625
-0.725762 -0.499841 -0.472682
-0.964653 -0.099171 -0.244151
-0.599857 -0.191904 -0.776752
-0.161102 0.931826 0.325186
0.032888 -0.815920 0.577229
-0.406565 -0.045192 -0.912504
-0.537022 -0.791876 -0.290759
0.628988 0.372509 0.682357
-0.163724 0.075249 0.983632
-0.080157 0.992979 0.086988
-0.077963 0.991219 -0.106802
0.713915 0.696844 0.068807
-0.677904 -0.658085 0.327674
0.017268 0.987216 0.158450
0.714786 0.071940 0.695634
-0.642488 -0.599025 -0.477889
-0.034512 0.926505 0.374697
0.489966 0.597867 0.634419
-0.140082 -0.238258 -0.961046
-0.295491 0.107276 -0.949303
-0.471777 0.740580 -0.478506
-0.735468 0.514002 -0.441462
-0.431468 -0.742460 -0.512434
-0.497246 0.565327 -0.658143
-0.131371 -0.712609 -0.689151
0.299637 -0.190317 0.934878
0.370077 -0.096512 0.923974
0.602436 -0.649381 0.464085
-0.171711 -0.947170 -0.270894
-0.374622 0.843430 -0.385078
-0.481832 0.235909 -0.843911
-0.176680 0.971401 -0.158634
-0.668468 0.174802 -0.722907
-0.684944 0.192933 -0.702587
-0.590805 0.651125 -0.476431
-0.672754 -0.164445 -0.721360
0.216690 -0.250535 0.943545
0.337856 0.490383 0.803354
0.294195 0.878175 0.377171
0.378032 0.910227 -0.169052
0.736378 -0.657926 0.157735
0.649439 -0.737395 -0.185680
0.230264 -0.056556 0.971483
0.322865 -0.683375 0.654796
0.259816 -0.965634 0.006844
0.127333 0.977254 0.169591
0.576645 -0.635514 0.513423
-0.128448 0.873733 0.469140
0.744026 -0.598243 -0.297543
-0.229989 0.703678 -0.672267
-0.568038 0.162887 -0.806722
-0.737494 0.208384 -0.642400
-0.313306 -0.798023 -0.514781
0.469966 0.741018 0.479609
-0.958457 -0.144751 0.245781
-0.824855 -0.417225 0.381495
-0.017682 0.998110 -0.058853
-0.991858 -0.009346 0.127008
-0.622060 -0.489521 0.611074
-0.986872 -0.155369 0.044100
-0.936419 -0.192727 0.293216
-0.996822 -0.068734 0.040266
-0.928800 -0.074574 0.363001
0.001269 -0.934603 0.355690
-0.936253 0.105193 0.335207
-0.855560 0.158920 0.492709
-0.012403 -0.970338 0.241433
-0.160907 -0.977388 0.137196
0.157410 -0.980924 0.114060
0.260805 0.570880 -0.778509
0.251953 0.242254 -0.936927
0.088985 0.499611 -0.861667
-0.282540 0.952055 -0.117315
-0.246205 0.058382 -0.967458
0.342321 -0.019332 -0.939384
0.246531 -0.164665 -0.955043
-0.632984 -0.764334 -0.122982
-0.772852 -0.605462 -0.190042
0.310046 -0.092148 0.946245
0.199237 -0.890276 0.409527
0.625660 0.779790 -0.021839
-0.602751 -0.752490 0.265425
0.722113 0.605644 0.334288
0.052774 0.883816 0.464848
-0.447262 -0.725704 -0.522792
0.690189 0.204301 0.694190
0.159930 -0.986081 0.045456
-0.601389 0.568987 -0.560879
0.485187 0.465144 0.740428
0.166303 -0.953117 -0.252807
0.701717 0.299898 0.646262
0.134511 -0.952216 -0.274209
-0.076081 0.182985 -0.980167
0.115107 0.818038 0.563529
-0.575253 -0.746341 -0.334753
-0.443710 -0.513622 -0.734380
0.601317 0.166806 0.781405
-0.062864 0.986450 -0.151539
-0.300444 -0.076730 -0.950708
-0.257259 -0.699040 -0.667204
-0.650160 0.191887 -0.735167
-0.424353 0.449812 0.785871
-0.385176 0.120759 0.914908
0.157154 -0.838831 0.521216
0.091309 -0.995347 0.030769
-0.067356 -0.966881 -0.246179
-0.315317 0.445017 0.838174
0.106564 -0.969996 -0.218523
-0.096446 0.983953 0.150114
0.275555 0.704448 0.654081
0.554937 0.658206 0.508733
-0.533586 0.388882 -0.751037
-0.742752 0.407880 -0.530993
0.699014 0.668921 0.252831
-0.840670 -0.074054 0.536460
-0.636154 -0.451659 0.625550
0.099339 0.374069 0.922065
0.098006 0.919290 0.381183
-0.468097 -0.756622 0.456517
0.048649 -0.910752 0.410078
-0.564901 -0.822520 0.065941
0.037542 -0.875202 0.482298
0.284250 -0.946654 0.151814
0.315839 -0.941725 0.115760
0.448195 -0.879084 0.162272
-0.032827 0.999349 0.014984
-0.103611 0.971825 -0.211708
-0.420297 0.190783 -0.887104
-0.038139 -0.718192 -0.694799
-0.249688 0.857428 -0.449970
-0.086097 -0.131465 -0.987575
-0.193103 -0.966327 -0.170070
-0.358212 -0.885638 0.295517
-0.111319 0.955909 0.271745
0.120400 0.099820 0.987694
-0.684758 -0.693795 0.223057
-0.038125 0.993463 -0.107600
0.699235 0.672525 0.242447
-0.536468 -0.575287 -0.617452
0.677416 -0.353339 0.645181
0.548610 0.560224 0.620625
0.057424 -0.283834 -0.957152
-0.229054 0.107105 -0.967503
0.766878 0.487556 0.417358
0.554053 0.379060 0.741174
0.630185 0.457337 0.627463
0.252501 0.882609 -0.396541
0.791864 0.046815 0.608900
0.393589 -0.733027 -0.554760
0.208242 -0.689457 -0.693747
-0.082455 0.466808 -0.880506
-0.172921 -0.975614 -0.135189
0.332815 0.361977 0.870751
0.482965 -0.413012 0.772118
-0.370357 -0.262074 -0.891153
-0.481973 0.273491 -0.832409
-0.714670 0.341376 -0.610499
-0.690124 0.170689 0.703274
0.385683 0.918412 0.088131
-0.188407 0.380051 0.905574
0.382996 0.922422 0.049505
0.442463 0.795184 -0.414619
0.225166 -0.874016 -0.430577
0.165217 -0.829622 -0.533320
0.810672 0.576086 0.104576
0.292871 0.839295 0.458050
-0.094541 -0.888602 -0.448830
-0.942394 -0.102875 0.318294
-0.823386 -0.081897 0.561541
0.917384 0.397562 -0.018748
-0.887109 0.160986 0.432575
-0.876495 -0.403261 0.262940
0.914299 0.399474 0.066912
-0.063873 0.852544 0.518738
-0.281086 0.293186 -0.913801
0.732476 0.503270 -0.458474
0.587356 -0.375361 0.717019
-0.054326 -0.982886 0.176023
0.685304 0.418737 0.595834
-0.659458 -0.718288 0.221761
-0.682590 -0.577135 -0.448316
-0.646666 -0.634117 -0.423932
-0.039030 0.998771 0.030563
0.513902 -0.670310 0.535340
0.178549 -0.974571 -0.135394
0.040608 -0.276234 -0.960232
-0.496661 0.520098 -0.694857
0.567301 0.518577 0.639725
0.436229 0.884957 -0.162960
0.142621 -0.552252 -0.821387
0.278176 0.853466 -0.440698
0.276280 -0.953572 -0.119877
0.377803 0.619297 -0.688285
0.248899 0.182227 -0.951232
0.668783 -0.420336 -0.613226
-0.210346 -0.743385 -0.634927
0.511604 -0.090821 0.854408
0.542005 -0.009820 0.840318
0.559395 0.330014 0.760374
0.037519 -0.863195 -0.503475
-0.187171 0.921233 -0.341024
-0.347790 0.773203 -0.530282
0.418138 0.235474 0.877332
0.033401 -0.464557 0.884913
0.645188 0.731297 -0.221218
0.479502 0.764747 -0.430394
-0.012002 0.732759 0.680383
-0.258142 0.879774 0.399200
-0.080156 0.985925 -0.146720
0.249806 0.887239 0.387819
0.954357 0.232246 0.187789
-0.080410 -0.905435 -0.416800
0.892972 0.376447 0.246756
0.341360 0.904306 -0.256329
-0.372856 -0.521876 0.767218
-0.889696 -0.100674 0.445316
0.018393 -0.607943 0.793768
-0.421809 -0.858072 -0.292897
-0.434007 0.883136 -0.178069
0.910763 0.392120 -0.129434
0.162799 -0.855419 0.491685
0.327844 -0.802466 0.498565
-0.030016 0.860867 -0.507944
0.847857 0.446967 0.285236
0.001171 0.941647 0.336599
0.402651 -0.543781 0.736325
0.261043 -0.938898 0.224336
0.862003 -0.134957 0.488607
0.113699 -0.983290 0.142174
0.134524 -0.990178 0.038085
0.229872 -0.933454 0.275359
0.389732 -0.839109 0.379480
-0.481177 -0.011699 -0.876546
0.188863 -0.980603 0.052426
0.463553 0.275187 -0.842253
0.626321 0.281281 -0.727051
0.062262 -0.988809 0.135572
0.348655 -0.707114 0.615166
0.717469 -0.422985 0.553464
0.239735 -0.315432 0.918167
0.019248 0.999217 0.034573
0.565081 0.313462 0.763168
-0.054707 -0.921222 0.385172
-0.001108 0.999193 -0.040145
-0.568415 -0.780010 0.261703
0.771987 0.631262 0.074459
-0.464209 -0.879322 -0.106316
-0.217844 -0.943852 0.248371
0.750809 0.621254 0.224343
0.049103 0.931861 0.359476
0.763942 0.418531 0.491146
0.638814 0.102465 0.762507
0.260807 0.394848 0.880951
0.846638 -0.250562 0.469493
0.874245 0.176231 0.452371
0.685937 -0.723814 0.074721
0.145145 0.985807 -0.084361
0.776098 0.358261 0.518961
0.797738 -0.585003 -0.146241
-0.481367 0.781736 -0.396452
0.456737 -0.711476 -0.534035
-0.278539 0.770204 -0.573761
0.355798 -0.608603 -0.709232
0.567724 -0.381665 0.729398
0.471717 0.065494 0.879314
0.836069 0.410192 0.364321
0.243019 -0.944853 0.219530
0.292148 -0.331932 -0.896923
0.033676 -0.998430 0.044768
0.561648 0.188274 0.805671
0.209765 -0.779273 0.590535
-0.198728 0.975771 -0.091526
-0.407387 0.691085 -0.597024
-0.391299 -0.516445 -0.761689
-0.201395 0.979476 -0.008112
-0.821064 -0.506963 -0.262380
-0.612884 0.781386 -0.117511
-0.627436 0.224975 -0.745460
-0.725949 -0.178394 -0.664209
-0.394999 -0.642851 -0.656291
0.072660 0.014693 0.997248
-0.375792 -0.210914 0.902383
0.585414 0.714698 0.382750
0.693443 0.707284 -0.137426
0.609041 0.793138 -0.001490
0.158821 -0.076763 0.984319
0.120737 -0.876768 0.465512
-0.151540 -0.931751 -0.329964
0.318111 -0.948034 0.006048
0.890595 -0.076450 0.448325
0.968195 0.216900 -0.124714
0.255106 -0.882615 0.394856
0.930815 0.357582 -0.075618
0.903189 0.367013 0.222600
0.118772 -0.908220 0.401286
0.925747 0.377308 0.025102
-0.047909 -0.643288 0.764124
-0.004194 0.989457 0.144767
-0.048622 0.995410 -0.082427
-0.159064 0.962940 -0.217817
-0.123894 0.978188 0.166731
0.362271 -0.567244 0.739591
-0.189459 -0.981070 -0.040099
-0.381298 -0.858371 -0.343236
0.539811 0.773828 0.331354
-0.597323 -0.538647 -0.594193
0.046220 0.981734 0.184561
-0.344905 0.181760 -0.920871
0.969059 -0.119902 0.215752
0.214657 -0.504347 -0.836395
-0.380978 0.677258 -0.629427
0.844299 0.468599 0.259951
0.610805 -0.789428 0.061001
0.392922 -0.553920 -0.734020
0.395205 -0.565200 -0.724128
0.719173 -0.690698 0.075670
0.547530 -0.326333 -0.770531
-0.029246 -0.167050 0.985515
0.306467 -0.931407 -0.196363
0.157240 0.378299 -0.912231
-0.008956 -0.720563 -0.693332
-0.207149 0.849879 0.484556
0.162078 0.298944 0.940406
0.810486 -0.268807 0.520437
-0.164040 0.180626 -0.969776
-0.231356 -0.047221 -0.971722
-0.079783 0.695520 0.714063
0.743791 -0.334046 0.578955
-0.202030 -0.363459 -0.909440
-0.330574 0.936815 -0.114450
-0.685729 -0.719417 -0.110521
0.217750 -0.492525 0.842617
-0.870892 -0.011943 -0.491330
0.029964 -0.696018 0.717399
-0.134643 -0.917995 0.373036
0.725426 0.483403 0.489978
0.584617 0.393225 0.709646
-0.004173 0.038344 0.999256
0.615698 0.120857 0.778658
0.220963 0.051328 0.973930
0.409181 -0.434777 0.802209
0.467061 -0.542650 0.698130
0.737092 0.600550 -0.309895
0.164037 0.879008 0.447703
0.047103 -0.985433 -0.163413
0.231366 0.843184 0.485294
0.846263 0.290796 0.446405
0.605208 -0.535716 0.588839
0.980562 0.187220 -0.058714
0.968772 0.241130 -0.057764
0.862436 0.477935 0.166678
-0.321640 0.914309 0.246142
-0.026875 0.977566 -0.208910
-0.056975 0.873315 -0.483813
-0.015160 0.959973 0.279681
0.980798 -0.058628 0.186004
-0.902702 0.131215 -0.409770
-0.812949 -0.096961 -0.574206
-0.065824 0.985935 -0.153619
0.021445 0.977131 0.211556
0.248945 -0.814752 0.523647
0.503842 0.202785 0.839655
0.796688 0.531189 0.288319
0.374420 -0.788260 0.488320
-0.040801 0.999161 -0.003556
-0.606210 -0.623142 -0.494170
-0.608008 -0.524024 -0.596426
0.041921 -0.943129 -0.329773
-0.500594 -0.605538 -0.618651
-0.133845 -0.318049 -0.938579
-0.640697 0.401133 -0.654675
0.034889 -0.472163 -0.880821
0.983873 -0.060507 0.168324
0.289050 0.467207 -0.835564
0.993040 0.114557 0.027345
0.586691 0.324003 -0.742169
0.636509 -0.092875 -0.765657
0.544417 -0.742521 0.390222
0.155768 0.434981 -0.886864
0.171257 0.303985 -0.937157
0.156894 -0.084065 0.984031
0.560716 -0.040430 0.827021
0.035277 -0.336498 -0.941023
-0.352622 0.820514 -0.449905
-0.636917 -0.168219 -0.752355
-0.737559 0.205062 -0.643394
0.816590 0.537399 -0.210673
-0.424489 -0.858624 0.287358
0.272754 -0.264500 0.925011
-0.048344 -0.870047 -0.490592
0.391184 0.730055 0.560353
0.215625 0.411234 0.885659
0.271519 -0.037123 0.961717
0.151247 -0.558530 0.815579
-0.339075 0.698065 0.630662
-0.495485 0.108772 0.861779
0.222175 -0.936488 -0.271345
0.006962 -0.999695 0.023703
-0.040459 0.862156 -0.505025
0.058667 0.699674 -0.712049
-0.001544 0.952257 0.305292
-0.250915 0.476574 -0.842567
-0.252216 -0.942238 -0.220396
0.706019 -0.236083 0.667684
0.825522 -0.197643 0.528631
-0.223609 0.751563 0.620607
-0.839704 -0.520265 0.155632
0.683033 -0.590718 0.429556
0.918696 0.359169 0.164300
0.384821 -0.815177 0.432896
-0.176327 0.948786 0.262135
0.750532 0.296461 -0.590604
0.925020 0.378947 -0.027145
-0.793640 -0.590493 -0.146470
0.756151 0.522838 0.393544
0.343888 -0.257662 0.902968
0.405944 0.115544 0.906564
0.112012 -0.981046 0.158122
0.091520 0.926921 0.363925
-0.024261 -0.997261 0.069867
0.233298 -0.941702 0.242425
-0.545109 0.211272 -0.811308
-0.159722 0.981155 -0.108741
-0.363706 -0.930810 -0.036215
-0.007113 0.997651 -0.068128
-0.357588 -0.930865 -0.074968
-0.115675 -0.993212 0.012239
0.244667 0.425397 0.871307
0.098270 0.768196 0.632628
0.056563 0.581757 0.811393
-0.601590 0.502413 -0.621024
0.907844 -0.390191 0.153524
-0.453169 0.286638 -0.844083
-0.086666 0.836271 0.541424
-0.315022 0.945060 0.087306
0.255441 -0.359111 0.897658
0.440310 -0.480672 0.758341
-0.880685 -0.388754 -0.270676
0.035396 0.970364 -0.239042
-0.264090 0.946160 -0.187184
-0.464154 -0.400530 -0.790023
-0.235483 0.924185 0.300715
-0.000166 -0.999924 0.012337
-0.376222 0.914818 0.146852
0.663634 -0.292552 0.688479
0.792673 0.419119 0.442729
0.858290 0.511669 0.039162
0.959076 -0.131826 0.250591
0.766506 0.453695 0.454566
0.259039 -0.555940 0.789829
0.981130 0.188562 -0.042760
0.371714 0.259784 0.891258
-0.504012 -0.814982 -0.285966
-0.075555 0.990246 -0.117069
0.190465 0.685909 0.702319
-0.367580 0.715509 0.594080
-0.662548 -0.733138 -0.153424
-0.524813 -0.848139 -0.072327
0.700112 -0.224766 0.677734
-0.037445 0.965301 0.258441
-0.892140 -0.449267 -0.047380
0.533310 0.763461 0.364290
0.713860 0.587778 0.380685
0.023046 0.999471 -0.022956
-0.701578 -0.688454 -0.183901
-0.071073 0.949562 -0.305419
0.343875 -0.839181 0.421337
0.949829 0.298087 -0.094703
0.592258 -0.784964 0.181830
0.789665 0.477939 0.384711
0.242558 -0.958002 0.152960
-0.017597 0.999709 -0.016528
0.731138 0.612417 0.300636
0.154588 -0.977149 0.145882
-0.941354 -0.304556 -0.145250
-0.776012 0.321056 -0.542889
-0.981988 -0.166169 -0.089930
-0.869922 0.381828 -0.312160
-0.024705 0.703292 -0.710471
-0.880212 0.239600 -0.409657
-0.126750 0.987912 0.089246
0.692497 0.067125 0.718291
0.798054 0.498291 0.338845
0.294532 -0.901371 0.317459
0.936794 0.316747 0.148620
0.045085 -0.977898 0.204163
0.136551 -0.900903 0.411981
-0.201826 -0.913864 -0.352305
-0.241328 -0.851794 -0.464981
-0.406568 -0.749917 -0.521849
-0.494688 -0.567211 -0.658449
-0.633382 -0.540467 -0.553825
-0.141483 0.687541 0.712229
-0.052087 0.983312 0.174311
-0.228803 0.788671 -0.570655
0.546304 0.004889 0.837572
-0.149784 0.282727 -0.947433
0.156347 0.071398 -0.985118
0.354005 0.086947 0.931193
0.107010 0.630193 0.769029
-0.570123 0.244155 -0.784441
-0.958010 -0.237323 -0.160917
-0.151551 -0.834471 -0.529802
-0.635709 -0.252462 -0.729477
-0.214003 -0.622084 -0.753137
-0.731497 0.126262 -0.670052
-0.780231 -0.140933 -0.609407
-0.265373 -0.530688 -0.804952
-0.618120 -0.063986 -0.783475
0.947237 0.202967 0.248087
0.822470 0.001677 0.568806
0.997038 -0.002699 0.076868
0.950616 0.238109 -0.199080
0.624674 -0.048708 0.779365
0.931664 0.246329 -0.267066
0.982445 0.045756 -0.180854
0.966154 0.113370 -0.231721
-0.209840 -0.976605 -0.047017
0.218833 0.790331 0.572267
-0.369644 0.835290 0.407007
-0.695810 -0.133363 0.705735
0.344531 -0.233509 0.909270
0.008099 -0.766714 0.641938
0.332232 0.795183 0.507254
0.018108 0.307170 -0.951482
0.282239 -0.944317 -0.169133
-0.801533 -0.597346 0.026876
0.630604 -0.029388 0.775548
-0.313949 0.783934 0.535615
-0.429178 0.842727 -0.324989
-0.923916 -0.244412 0.294351
-0.932074 -0.215932 0.290880
-0.908329 -0.335883 0.249243
-0.867673 -0.497128 -0.002597
0.868806 0.012649 0.494992
-0.623390 -0.661373 -0.417097
0.937231 -0.329014 0.115531
0.922720 0.344056 -0.173818
0.878982 0.265836 -0.395881
0.984616 -0.174716 0.002458
-0.344812 -0.741696 -0.575318
0.987930 -0.119226 0.098892
-0.598122 -0.624782 -0.501893
0.039047 -0.992447 -0.116290
-0.939854 -0.227548 -0.254748
-0.107783 -0.899984 -0.422387
-0.661705 -0.301055 -0.686667
-0.198272 0.979245 0.042037
-0.567933 0.588545 -0.575384
-0.903318 -0.319644 -0.286086
-0.186283 -0.818632 0.543268
-0.051959 0.998230 -0.028947
0.789317 -0.309111 0.530499
0.876568 0.200422 0.437561
0.414521 -0.902845 0.114205
0.373153 -0.748876 0.547669
0.734983 0.452667 0.504869
-0.066054 0.992493 0.102925
-0.899992 0.328332 -0.286727
-0.411083 -0.473336 -0.779079
0.225307 -0.238792 -0.944571
-0.604688 0.572242 -0.553978
0.381392 -0.040473 -0.923527
-0.799318 0.365148 -0.477239
-0.087340 -0.928643 -0.360548
-0.743572 0.546765 -0.384901
-0.352747 0.068419 -0.933214
0.325559 0.814546 0.480131
0.338897 -0.022470 -0.940555
0.246988 -0.803927 -0.541016
0.427720 -0.385625 0.817526
0.872437 -0.385294 0.300668
0.052845 0.983807 -0.171266
-0.660595 -0.748959 -0.051726
0.025418 -0.773474 0.633319
0.682562 -0.243126 0.689202
0.347560 -0.550561 0.759002
-0.418753 0.533196 -0.735084
0.568182 -0.726578 0.386333
-0.737253 0.061186 -0.672841
0.203698 -0.939786 -0.274425
-0.633949 0.618271 -0.464596
-0.201027 -0.516483 -0.832366
0.382404 -0.613648 0.690799
0.003517 -0.956261 0.292495
0.008946 -0.874370 -0.485177
0.371929 0.523807 0.766352
-0.045903 0.960825 0.273329
0.231667 0.937245 -0.260582
0.400335 -0.785424 -0.472059
-0.523659 0.752389 0.399615
-0.901267 -0.326236 0.285110
0.064718 0.517764 0.853072
-0.917543 -0.203502 0.341616
0.236127 -0.888981 0.392373
0.795838 -0.287096 0.533121
-0.873616 -0.452489 0.179020
-0.724704 -0.523825 -0.447673
0.754507 -0.206524 0.622951
0.711780 -0.655335 0.252796
-0.338016 -0.160572 0.927341
0.067273 0.948060 0.310898
0.785977 -0.484774 0.383711
0.707721 0.637251 0.305027
-0.270729 -0.953559 -0.132027
0.717748 0.584499 0.378416
0.858406 0.288402 0.424221
-0.234751 0.969797 0.066223
-0.925924 -0.261282 -0.272755
-0.733449 0.004150 -0.679732
-0.134092 -0.918266 -0.372567
0.150080 0.879274 -0.452054
-0.689653 0.229765 -0.686722
0.799294 -0.450990 0.397160
0.100934 -0.957410 0.270514
0.311949 -0.937735 -0.152776
0.769310 0.396026 0.501324
0.085184 -0.925337 -0.369454
-0.124222 -0.877136 -0.463898
-0.626665 -0.517415 -0.582729
-0.353265 -0.502585 -0.789058
-0.723625 0.301314 -0.620948
-0.903325 -0.066446 -0.423780
-0.370289 0.597172 -0.711528
0.008590 -0.188840 0.981970
0.285059 -0.949257 -0.132862
0.545338 0.733335 0.405988
0.391230 -0.072648 0.917421
-0.175130 0.949458 -0.260497
-0.344199 -0.195602 -0.918295
0.152171 -0.958943 -0.239318
0.783795 -0.249319 0.568776
-0.033774 -0.026723 -0.999072
-0.764760 -0.078945 -0.639460
-0.011832 -0.774348 -0.632649
-0.508890 -0.198478 -0.837638
-0.485252 -0.076356 -0.871034
0.030011 0.971427 0.235435
0.077007 0.631586 0.771472
0.491178 0.210178 0.845322
-0.504042 -0.787112 0.355524
0.464999 -0.869234 -0.167954
-0.716958 0.397483 -0.572694
-0.668910 -0.738420 -0.085405
-0.883904 -0.394308 0.251467
-0.549764 -0.663082 0.508018
0.289543 -0.957122 0.009129
-0.633288 -0.649783 0.420391
-0.570763 -0.721397 0.392193
-0.497878 0.816150 0.293286
0.324004 0.740340 0.588998
-0.149276 0.984445 -0.092655
0.053946 -0.998064 0.030938
0.767549 0.582350 0.267836
-0.070597 0.995117 -0.068983
0.187568 -0.956966 0.221435
0.408452 -0.903447 0.130190
0.809874 -0.023521 0.586132
-0.105481 0.494971 -0.862483
0.261881 -0.964827 -0.022963
-0.838786 -0.012660 -0.544314
-0.746193 -0.237156 -0.622055
-0.024363 0.751401 -0.659396
-0.879457 -0.277753 -0.386535
-0.376048 -0.881856 0.284461
0.353033 -0.935080 0.031527
0.104233 0.046464 0.993467
-0.556559 -0.631490 -0.539872
0.153277 -0.820457 -0.550778
-0.273869 -0.687535 -0.672526
-0.015099 0.991649 0.128081
0.081364 -0.578549 -0.811579
-0.764297 0.616854 -0.187992
-0.919116 0.139435 -0.368488
-0.120089 -0.253946 -0.959734
-0.108017 0.994121 0.007479
-0.121026 -0.252559 0.959983
-0.606882 0.092685 -0.789369
0.701257 0.339532 0.626863
-0.476972 -0.074523 0.875753
0.176376 0.967674 0.180273
-0.089397 0.029823 0.995550
0.731197 -0.458948 0.504695
-0.034485 0.857016 0.514134
-0.151096 0.770507 0.619265
0.113855 -0.252612 -0.960846
-0.452581 0.891718 0.003071
-0.686870 0.050218 -0.725044
-0.742101 0.263977 -0.616118
0.306895 -0.759120 -0.574067
-0.483935 0.256449 -0.836684
-0.174191 0.370246 -0.912456
-0.403419 -0.046192 -0.913849
-0.648624 0.086898 -0.756132
-0.278586 0.915535 0.290147
-0.769265 0.156324 0.619511
0.091722 -0.604448 -0.791347
0.381844 -0.261241 0.886537
0.213659 0.966700 -0.140858
-0.077056 0.517385 0.852277
-0.391034 0.915375 -0.095815
0.401275 -0.915757 -0.019150
-0.065782 -0.721653 0.689122
0.069707 -0.861856 0.502340
-0.620124 0.715399 0.321948
0.053498 -0.884819 0.462854
-0.020697 -0.905523 0.423792
-0.310131 0.925062 0.219272
-0.604868 -0.705047 0.370192
0.808886 -0.426985 0.404211
0.104575 -0.827527 0.551601
-0.828522 -0.546342 -0.122730
0.235971 0.376830 0.895721
-0.555596 -0.528108 -0.642195
-0.088667 0.990339 -0.106616
-0.017899 0.980876 -0.193810
-0.086682 0.979827 -0.180071
-0.318219 0.068194 0.945562
0.865230 -0.136579 0.482413
0.595356 -0.749712 0.288933
0.865262 0.456627 0.206913
-0.092317 0.995419 0.024873
0.510396 -0.662864 0.547820
0.360157 0.764882 -0.534081
-0.849040 -0.156306 -0.504678
0.110973 0.602383 -0.790456
-0.757569 -0.073814 -0.648568
-0.103817 0.993646 -0.043465
0.579531 -0.390037 0.715552
0.281144 0.291511 0.914319
0.115631 0.207465 0.971385
0.017389 -0.893901 -0.447928
-0.259161 0.221943 -0.939988
-0.195157 0.035052 -0.980145
-0.156968 -0.130897 -0.978891
-0.010970 -0.196463 -0.980450
0.279647 -0.032380 0.959557
0.137772 -0.681712 -0.718532
-0.041326 0.998797 -0.026380
-0.452289 -0.107527 -0.885366
-0.070861 -0.347590 -0.934965
0.591173 -0.089748 0.801536
0.641391 -0.766161 0.040191
-0.041385 0.890799 0.452510
-0.127218 0.547814 -0.826871
0.470774 -0.860995 -0.192507
0.288035 -0.649997 -0.703235
-0.020388 -0.473484 -0.880567
0.004107 -0.721364 -0.692544
0.002113 -0.219650 -0.975576
-0.679280 -0.049533 -0.732206
-0.771862 -0.382923 0.507543
-0.302533 -0.120697 0.945466
0.292891 -0.287549 0.911883
0.190459 -0.956937 0.219083
-0.788678 0.396021 0.470271
0.281976 0.958657 -0.038303
0.218328 -0.886473 -0.408042
0.002060 0.247790 0.968812
0.127086 -0.762870 0.633939
-0.419601 0.704935 0.571841
-0.801161 0.470502 -0.369822
0.125926 -0.691924 0.710903
-0.061724 0.997269 0.040567
0.721256 -0.142693 0.677811
-0.121687 0.896664 0.425660
-0.483473 -0.841560 -0.240897
-0.560902 -0.675332 -0.478869
-0.448657 -0.536432 0.714806
-0.422744 -0.897540 0.125337
0.088293 0.968937 0.231010
-0.009095 0.999011 -0.043519
0.470808 -0.875902 0.105522
-0.293884 -0.948048 0.121810
0.229993 -0.965586 -0.121435
-0.323938 -0.814506 -0.481294
-0.794376 -0.214738 -0.568202
-0.511911 -0.623827 -0.590582
-0.261720 0.961892 -0.079160
0.001619 0.816637 -0.577149
-0.143704 0.984892 -0.096628
-0.197440 0.980313 0.001752
-0.088745 0.624465 0.775995
0.125047 0.788615 0.602038
0.228872 0.671815 0.704473
-0.118683 -0.886267 -0.447712
0.087551 -0.413675 -0.906205
-0.584920 0.365174 -0.724235
0.651818 0.246487 0.717201
-0.795069 0.154038 -0.586632
0.030634 -0.522755 -0.851932
0.388667 -0.894078 0.222625
0.751337 -0.509907 0.418912
-0.181038 -0.331262 0.926008
0.058773 -0.345285 0.936656
-0.138400 -0.265772 0.954050
-0.439038 -0.452341 0.776294
-0.207309 0.916229 -0.342852
0.721843 -0.437257 0.536422
0.152583 -0.707205 -0.690347
-0.759878 0.378751 -0.528330
-0.339944 -0.245792 -0.907758
0.012071 0.276013 -0.961078
0.346267 -0.579382 -0.737845
-0.568008 0.112375 -0.815315
-0.687083 0.347143 0.638285
-0.839011 -0.290994 0.459765
-0.888714 -0.341476 0.305912
-0.822045 0.179471 0.540400
0.318133 -0.599756 0.734223
-0.681249 -0.597816 0.422512
-0.701908 -0.259686 0.663241
0.045576 -0.759250 -0.649202
0.203224 0.977462 0.057169
0.574021 0.173979 0.800145
0.436979 -0.550113 0.711635
-0.014407 0.707141 0.706926
0.575367 -0.566698 0.589751
-0.141189 0.483454 0.863909
-0.199952 0.947074 0.251136
0.917283 0.159281 -0.364996
0.929339 0.279628 -0.241115
-0.016185 -0.950393 0.310630
-0.454036 -0.546144 0.703974
-0.245070 -0.834516 0.493482
-0.186071 -0.940836 0.283204
-0.071956 0.990067 -0.120790
-0.623742 -0.469217 -0.625125
-0.268098 -0.121062 0.955755
-0.012961 0.999909 -0.003629
-0.559924 -0.822951 -0.096112
-0.004156 0.999969 0.006708
-0.589315 -0.556592 -0.585588
0.937987 0.025289 0.345747
0.976674 -0.009520 0.214514
0.829513 -0.547089 0.112258
0.402285 -0.892099 -0.205733
0.360945 0.802679 -0.474789
0.980636 0.125408 0.150419
0.355664 -0.880631 -0.313038
-0.809635 -0.238281 -0.536389
-0.826759 -0.240351 -0.508627
-0.272464 0.621028 -0.734906
-0.630721 -0.052765 -0.774214
-0.424139 -0.905591 -0.003297
0.370125 -0.875648 -0.310240
0.088416 -0.938930 -0.332554
0.534832 -0.844955 0.002346
0.183167 0.372664 0.909710
0.087717 -0.698449 -0.710264
0.245905 -0.793853 -0.556173
0.263868 0.741511 0.616875
-0.054082 0.996955 0.056168
0.131227 0.983254 0.126459
-0.549760 0.749153 -0.369505
0.224936 0.974355 0.006081
-0.056558 -0.250811 -0.966382
-0.088178 0.611562 -0.786267
0.524754 0.346419 0.777578
0.068685 0.022774 0.997378
0.041086 -0.743230 0.667773
0.054982 -0.865448 -0.497973
0.347751 -0.874371 -0.338445
-0.957607 0.275605 0.083852
-0.906980 0.403086 0.122107
-0.828276 -0.036049 -0.559160
0.308071 -0.505952 -0.805671
-0.396420 0.466636 -0.790634
-0.525306 -0.310723 -0.792152
-0.416794 0.872567 0.254775
0.501951 -0.779522 -0.374686
-0.435375 0.822636 0.365675
0.118585 -0.567599 -0.814720
0.202059 -0.167973 -0.964861
-0.339864 0.509125 0.790749
-0.456157 0.135219 0.879566
-0.634021 -0.245235 0.733401
0.068580 -0.244808 0.967143
-0.332367 -0.166559 0.928327
-0.811080 -0.112176 0.574078
0.438788 -0.230604 0.868497
-0.964925 0.007182 0.262428
0.248294 -0.344915 0.905198
0.013640 0.998536 -0.052343
-0.979367 -0.062362 0.192226
0.404952 -0.910863 0.079645
0.231465 -0.784290 -0.575598
0.064621 -0.733689 -0.676405
0.668988 -0.091624 0.737604
0.826396 -0.347386 0.443163
0.192224 -0.399269 0.896457
0.369142 -0.908215 0.197179
0.956751 0.151963 -0.248064
0.798844 -0.526097 0.291668
0.647351 -0.697733 0.306767
-0.071170 0.996306 -0.048063
0.408031 -0.906353 0.109705
0.715198 -0.122553 0.688094
0.925795 0.098305 0.365021
0.288563 -0.911829 0.292060
-0.337994 0.361804 0.868825
-0.513210 -0.794831 -0.323821
-0.099475 0.991945 -0.078424
-0.703085 -0.411792 0.579740
-0.338708 -0.824336 0.453593
-0.692593 -0.651846 -0.308888
-0.797480 -0.526747 -0.294217
-0.709125 -0.530375 -0.464591
0.013505 0.999115 -0.039843
0.009074 0.996999 0.076878
0.488773 -0.848729 0.201890
0.980895 0.164058 0.104550
-0.151983 0.986898 0.054166
-0.424147 -0.818266 0.387994
0.330782 -0.827402 -0.453860
-0.436631 -0.510866 -0.740520
-0.609942 -0.254107 -0.750600
-0.596015 -0.114267 -0.794802
0.409276 -0.113612 0.905310
0.039472 -0.005510 0.999205
0.373525 -0.913502 -0.161222
0.263027 0.761071 0.592949
-0.506356 -0.430895 -0.746949
0.010635 0.964057 -0.265483
-0.235447 0.500522 -0.833092
-0.454960 -0.043748 -0.889437
0.417294 -0.080524 0.905197
0.601525 -0.635479 0.484081
0.710612 0.374804 0.595443
0.496173 -0.671646 0.550186
0.404485 -0.910592 0.084940
-0.949316 -0.212481 -0.231626
0.088034 0.540614 0.836652
-0.164656 0.805072 -0.569866
0.769243 -0.620901 0.150823
-0.211774 0.315968 -0.924833
-0.021245 0.512063 -0.858685
-0.061470 0.441978 -0.894917
0.507996 -0.558351 -0.655884
-0.356793 0.313303 -0.880080
0.025908 -0.271826 -0.961998
0.040007 0.111449 0.992965
-0.041993 0.659871 0.750205
-0.108079 0.936837 0.332649
0.298976 -0.370742 0.879297
0.488060 -0.654836 0.577051
0.213817 -0.647652 -0.731320
-0.123133 0.979169 -0.161452
0.992562 0.095618 0.075353
0.999485 -0.025198 0.019857
0.928251 -0.359479 0.095530
0.971432 0.161636 -0.173762
-0.913641 0.316646 -0.254942
0.589903 0.496852 0.636516
0.685586 0.092172 0.722133
0.610435 -0.275736 0.742522
-0.113516 0.976830 -0.181430
-0.739331 -0.544990 0.395442
0.178615 -0.490827 -0.852752
-0.610070 -0.713897 -0.343752
-0.196814 -0.463980 -0.863705
0.040227 0.998492 0.037363
0.554864 -0.746463 0.367312
0.411357 -0.748948 0.519483
0.972478 -0.109343 -0.205743
0.802855 -0.591297 -0.076103
0.042066 0.893266 -0.447556
0.321699 -0.915593 0.241247
0.930545 -0.357439 -0.079517
0.644910 -0.708710 -0.286044
-0.114129 0.391675 -0.912998
-0.323559 -0.078523 -0.942944
-0.033308 -0.428909 -0.902734
-0.364471 0.928586 -0.069925
0.133740 0.271858 0.952999
-0.271434 -0.613457 -0.741616
0.257523 0.952227 -0.164152
-0.085762 -0.872360 -0.481283
0.413239 0.664938 0.622166
0.498700 0.653753 0.569126
-0.619657 -0.673657 -0.402755
-0.365893 0.473977 -0.800917
0.101176 0.824401 0.556889
0.687864 0.293069 0.664044
-0.738135 -0.520093 -0.429722
-0.480916 -0.487605 -0.728671
-0.808700 -0.190834 -0.556405
0.064091 0.953442 -0.294686
0.089023 0.047299 -0.994906
-0.609010 0.789572 -0.075391
-0.620025 0.563641 -0.545782
-0.535067 0.760113 -0.368688
0.356835 -0.239631 0.902910
0.814460 -0.121774 0.567296
0.386690 0.260537 0.884642
0.591616 -0.160814 0.790019
-0.079338 0.995746 -0.046846
-0.659192 0.736898 -0.149823
-0.882535 0.289534 -0.370542
-0.281483 0.949612 0.137858
0.721909 -0.689889 0.053866
-0.685863 0.491059 -0.537077
-0.474882 0.577532 0.664036
0.333313 0.903536 0.269305
0.820323 0.009934 0.571815
-0.058694 -0.229558 0.971524
-0.341412 -0.901251 0.266805
0.813764 0.174583 -0.554354
0.191318 0.960133 0.203818
0.948120 0.312459 0.058633
-0.418286 -0.885634 -0.201714
0.058552 -0.925068 0.375261
0.993003 0.002122 0.118073
0.200095 -0.755041 -0.624400
0.028477 0.987175 0.157079
0.643496 0.007760 -0.765410
-0.038989 0.997890 -0.051910
-0.586610 0.166859 -0.792494
-0.248476 0.614488 -0.748775
-0.083383 0.987362 0.134772
-0.094618 0.728467 -0.678516
0.796342 -0.388932 0.463219
-0.669532 -0.683643 0.290448
0.376592 -0.653508 0.656587
-0.132463 -0.890234 0.435818
0.157231 0.823418 -0.545217
-0.181122 0.202837 -0.962316
0.274674 -0.947837 -0.161738
0.097917 0.078445 0.992098
0.047348 -0.977270 -0.206645
-0.201917 0.103224 -0.973948
-0.368670 0.041035 -0.928654
-0.079243 0.644882 -0.760163
0.347184 0.627163 -0.697230
0.327877 0.537055 -0.777218
0.389269 0.643190 -0.659376
0.562731 0.805745 -0.184684
0.095758 -0.153324 -0.983525
-0.286302 -0.308688 -0.907052
0.720330 0.171791 0.672021
0.849402 0.292998 0.438941
0.793910 0.372925 0.480244
0.744856 0.218474 0.630443
0.117544 0.920847 0.371785
-0.363288 0.127482 -0.922914
-0.545987 0.061328 -0.835546
-0.170603 0.921750 -0.348240
0.415503 -0.511733 0.751989
0.563930 -0.358361 0.744017
0.142832 -0.481569 -0.864691
0.109723 -0.204760 -0.972643
0.485906 -0.287967 -0.825209
-0.219746 0.445459 -0.867916
0.520445 -0.278392 0.807239
-0.056070 0.923144 0.380343
0.666804 -0.514895 0.538754
0.861281 -0.475495 0.179163
0.882986 0.366701 0.293029
0.434494 -0.365895 0.823004
0.370636 -0.080818 0.925255
0.354368 0.419813 0.835572
0.485402 -0.588391 -0.646669
-0.355641 0.921143 0.158162
-0.184076 0.978017 0.097968
-0.602828 0.711388 -0.361283
-0.826325 -0.398352 0.398125
-0.594422 -0.669540 0.445397
0.704511 -0.496567 0.507036
-0.392820 0.674674 -0.624906
0.510373 0.793204 0.332186
-0.131645 0.980105 -0.148536
-0.164937 0.947195 -0.274987
-0.139181 -0.610018 0.780068
0.354874 0.192511 -0.914879
-0.406899 -0.902483 0.141272
0.890857 0.363568 -0.272384
0.768996 0.249814 -0.588420
0.657672 -0.272455 -0.702307
-0.128439 0.987608 -0.090193
-0.382155 -0.661697 0.645069
0.037383 0.992085 0.119873
0.011086 0.990907 0.134092
0.840869 -0.453238 0.295829
-0.029903 0.997702 0.060802
0.839800 -0.103519 0.532935
0.684838 -0.440155 0.580742
0.256568 -0.917054 -0.305263
-0.572281 -0.713244 -0.404695
-0.518581 -0.684447 -0.512451
-0.151153 0.984632 -0.087483
0.468631 -0.283128 0.836794
0.260827 0.496931 0.827665
0.210985 0.270971 0.939181
-0.476421 -0.814840 -0.330240
-0.163431 -0.872318 -0.460816
0.391530 0.785915 0.478584
-0.617116 -0.511415 -0.598016
0.649811 -0.029313 -0.759530
0.016263 0.850608 0.525549
0.061722 -0.534854 -0.842687
0.904760 -0.088716 0.416581
0.782404 -0.621749 0.035678
0.555463 -0.787788 -0.266179
-0.291448 -0.938617 -0.184543
0.214970 0.975056 0.055254
-0.240540 0.248139 -0.938386
-0.008026 -0.745031 -0.666981
-0.407010 0.911673 0.056520
0.223811 -0.791055 -0.569333
0.722469 -0.689178 0.055429
-0.170562 0.053408 -0.983899
0.496892 -0.562432 -0.660885
-0.082564 0.559613 -0.824631
0.055608 -0.017713 -0.998296
0.284334 0.038595 0.957948
0.121819 0.664658 0.737150
0.786013 -0.418899 0.454649
0.645186 -0.350582 0.678843
0.588824 -0.798151 -0.127442
-0.560297 0.813727 -0.154648
0.255656 -0.642074 -0.722760
0.588599 -0.754541 -0.290205
-0.356493 0.904307 0.234822
0.215698 -0.960388 -0.176437
0.738063 -0.666128 -0.107410
-0.010873 0.949781 0.312726
0.661235 -0.744347 -0.093356
-0.449901 -0.891179 0.058216
-0.110494 -0.813546 0.570906
0.727596 0.065051 0.682914
0.347547 0.917076 0.195403
0.918752 -0.309363 -0.245336
-0.612068 -0.594342 0.521661
-0.147288 -0.855969 0.495605
-0.071337 0.997367 0.013079
-0.603061 -0.631651 0.487170
-0.493055 0.519552 -0.697827
0.034547 0.842114 -0.538192
0.481084 -0.583553 0.654235
-0.181175 0.982517 -0.042847
0.743484 -0.412720 0.526208
0.109723 0.642992 -0.757972
0.055302 0.156386 -0.986147
-0.368736 -0.929529 -0.002975
0.416133 -0.776013 0.473959
-0.020238 0.986265 -0.163926
0.656331 -0.648178 0.386128
0.254088 0.739906 0.622879
0.223827 0.970540 -0.089183
-0.098083 0.786211 -0.610124
-0.730495 -0.453642 -0.510477
0.064757 0.478942 -0.875455
0.191625 -0.884370 -0.425640
0.381168 0.758473 0.528611
0.285394 0.864419 -0.413920
0.878474 -0.473295 0.065387
0.917034 -0.302062 0.260398
0.237778 -0.941075 -0.240499
0.047662 0.290848 0.955581
0.482886 0.613694 0.624660
0.513285 -0.803977 -0.300267
-0.397623 -0.122599 -0.909321
0.112903 0.945280 -0.306104
-0.503669 -0.127576 -0.854425
0.408687 0.276756 -0.869702
0.474382 -0.744061 -0.470463
0.691359 -0.691906 0.208060
-0.428649 0.835753 0.343185
-0.416476 0.852748 -0.315227
0.122678 0.147302 -0.981454
0.457694 -0.735026 0.500253
0.471984 -0.373031 0.798798
-0.123860 -0.353815 0.927078
0.751792 -0.642427 -0.148647
0.248101 -0.781833 -0.571999
0.029813 0.994066 0.104613
-0.379172 0.895041 -0.234797
-0.520615 0.496200 -0.694799
-0.272159 -0.125012 0.954097
0.121688 -0.596009 0.793703
0.166729 -0.868706 0.466424
-0.604119 0.753485 -0.259424
-0.103473 -0.989603 0.099893
0.871536 0.038776 -0.488796
0.932654 0.279708 0.227861
0.937131 0.339393 -0.081220
-0.583909 -0.791744 0.179422
-0.273797 -0.589032 0.760313
-0.064758 -0.864908 0.497736
0.082337 -0.031675 -0.996101
-0.043991 -0.992093 0.117544
0.519617 0.340311 -0.783701
0.880086 -0.473811 0.030844
0.725958 0.126783 -0.675951
0.166102 0.844538 0.509084
-0.033021 0.997728 0.058719
-0.549645 -0.691547 -0.468671
-0.033632 0.822412 -0.567897
0.224188 0.531055 -0.817141
0.246064 -0.956496 -0.156743
-0.729448 -0.494563 -0.472560
-0.727361 0.151018 -0.669433
-0.394365 0.002179 -0.918951
0.974777 0.208511 0.079585
0.432736 0.651323 0.623312
0.645683 0.059307 0.761299
0.441806 0.870549 -0.216684
0.647425 0.741168 0.177514
-0.423122 0.313269 -0.850194
0.175340 -0.687592 -0.704608
-0.271928 -0.018472 -0.962140
0.553663 -0.453172 0.698636
0.150968 -0.167708 -0.974209
0.337733 -0.157761 -0.927927
0.026545 0.888683 0.457752
-0.187482 0.975139 0.118133
-0.318848 0.946577 -0.048255
0.412829 -0.847190 0.334428
0.656024 -0.729669 -0.192914
-0.584625 0.810926 0.024764
-0.173698 0.984601 -0.019748
-0.277711 0.443747 0.852036
-0.211858 0.749835 0.626788
-0.822679 -0.402377 0.401612
-0.130173 0.977406 0.166531
-0.639061 -0.485823 0.596303
-0.440848 0.738753 0.509801
0.204355 -0.973703 0.100707
-0.619352 0.518070 -0.589921
-0.537938 0.546360 0.641961
0.207165 -0.344725 0.915558
0.462225 -0.676972 0.572763
-0.192130 -0.958536 0.210464
0.860879 0.167446 0.480467
0.941434 0.236743 0.240115
0.273137 -0.952115 0.137378
0.065713 -0.191861 -0.979220
0.241176 -0.964819 -0.104684
0.648187 -0.413851 -0.639203
-0.172855 0.984811 -0.016387
-0.014251 0.966715 0.255459
-0.594638 0.388656 -0.703813
-0.820212 -0.571996 0.008556
-0.037844 0.998161 0.047345
0.840035 -0.208531 0.500856
0.464072 -0.852664 0.240001
-0.415724 -0.856403 -0.306183
0.396897 -0.146360 0.906119
-0.155709 0.975588 0.154864
-0.519365 -0.718523 -0.462585
0.320354 -0.943166 -0.088377
-0.514574 -0.646762 -0.562950
-0.675416 0.153971 -0.721184
-0.586692 -0.574080 -0.571161
-0.673084 -0.602326 -0.429139
0.475118 0.799614 0.367261
0.444273 0.048565 0.894574
0.740256 0.421883 0.523484
0.293988 -0.212574 0.931871
0.689064 -0.722654 -0.054425
-0.367991 0.235802 -0.899433
0.478561 -0.869740 -0.120547
0.793491 0.491262 0.359213
0.033648 0.984020 0.174847
0.118125 -0.145548 -0.982274
0.536006 -0.431521 0.725594
0.057863 0.975173 0.213753
0.102275 0.374113 0.921726
-0.057363 0.996294 -0.064086
-0.285114 -0.029933 0.958026
-0.042973 -0.481386 0.875455
0.236145 -0.552365 0.799455
-0.652173 -0.460108 0.602471
-0.012446 -0.848642 0.528821
0.375356 -0.912405 0.163173
-0.218398 0.968805 0.117133
-0.622407 0.729999 0.282332
-0.440774 0.755333 -0.484965
0.931274 -0.279594 -0.233574
0.626054 -0.049227 0.778225
0.959007 -0.065354 -0.275743
0.873489 0.017131 -0.486542
-0.189251 -0.806591 0.559996
0.909664 0.239569 -0.339291
-0.015334 0.865583 0.500530
0.097143 -0.898237 0.428641
-0.081976 0.995263 -0.052262
-0.273631 -0.698562 -0.661164
0.651956 -0.629094 -0.423313
0.766576 -0.378194 -0.518971
0.709456 -0.026284 -0.704259
-0.137558 -0.269914 0.953008
-0.749043 -0.534417 0.391578
-0.028716 0.997611 0.062831
0.081241 -0.986351 0.143216
-0.900792 -0.427351 0.077104
-0.718810 0.459433 -0.521760
-0.377236 -0.776681 -0.504440
-0.435497 0.493411 -0.752920
-0.199145 0.197198 -0.959924
0.561828 -0.659336 0.499625
0.188848 -0.188095 -0.963824
-0.011920 0.917733 -0.397020
0.205734 -0.642145 0.738460
0.828453 -0.450692 0.332479
0.830278 -0.522998 0.192646
0.418339 0.747977 -0.515289
0.160027 0.984696 0.069027
-0.157749 -0.837754 -0.522765
0.619244 0.014207 0.785070
0.525339 -0.531886 0.664166
-0.217804 -0.719664 -0.659276
0.309085 0.635764 0.707298
0.394553 0.842429 0.366935
0.500202 -0.761269 0.412634
-0.122996 -0.858793 -0.497339
-0.632455 0.560231 -0.534922
0.393464 -0.619674 -0.679110
0.386346 0.798455 0.461742
-0.382139 -0.740285 -0.553126
-0.715712 0.196783 -0.670099
-0.647089 -0.546188 -0.531935
0.839629 0.506213 0.196907
0.355246 0.745542 0.563886
0.385694 0.673848 0.630213
0.192102 -0.433322 -0.880528
0.730856 -0.491445 -0.473636
0.357546 0.576552 0.734676
0.574918 -0.192800 0.795171
-0.210911 -0.862937 -0.459190
0.609261 0.351177 0.710968
0.532026 0.725312 0.436888
0.246346 0.951090 0.186391
0.742000 -0.534045 0.405255
0.927793 -0.353380 0.119674
-0.219403 -0.221108 -0.950249
0.531172 -0.310804 -0.788198
0.488612 -0.538767 -0.686286
-0.042820 0.985550 -0.163883
0.041790 0.078724 -0.996020
0.425527 0.072608 0.902028
0.030758 0.999415 0.014979
0.004571 -0.901974 0.431766
0.013466 0.991187 -0.131785
-0.012293 -0.995723 -0.091566
-0.487475 0.699492 0.522570
-0.245826 -0.954980 0.166079
0.583312 -0.372863 -0.721610
0.781076 -0.115110 0.613734
-0.712943 0.303497 -0.632141
0.377511 -0.899745 -0.218963
0.837309 0.174905 -0.517997
0.999424 -0.029729 -0.016380
0.506717 -0.726168 0.464669
0.726683 0.103377 0.679151
0.768512 -0.141092 0.624085
0.759983 0.472628 0.446148
0.450814 -0.874328 0.179769
-0.036617 0.990505 0.132509
-0.275334 0.927914 -0.251328
0.286173 -0.078723 -0.954939
0.998509 0.053404 0.011279
0.601594 -0.049453 -0.797270
0.693618 -0.096490 -0.713851
-0.516209 -0.484615 0.706170
-0.901996 -0.253017 0.349837
-0.810596 -0.479906 0.335597
-0.072835 0.990427 0.117259
-0.544184 -0.838431 -0.029950
-0.228099 -0.809477 0.541034
-0.357490 -0.736158 0.574694
0.297883 -0.954376 0.020805
0.264175 -0.595741 -0.758488
0.059172 -0.478406 -0.876143
0.683219 0.390236 0.617193
0.283637 0.796373 0.534172
-0.732985 0.229894 -0.640220
0.232202 0.759337 0.607857
0.346648 0.820999 0.453646
-0.261663 -0.651820 -0.711802
0.767055 0.406583 0.496303
0.328951 -0.756049 0.565846
-0.561837 0.021311 -0.826973
-0.334811 0.275858 -0.901002
-0.093492 0.077342 -0.992611
0.278409 -0.630633 -0.724424
-0.011648 0.999681 0.022409
-0.085529 0.703461 -0.705569
-0.730216 -0.200155 -0.653240
-0.254612 0.966627 0.028383
0.652553 -0.443621 0.614308
0.812877 -0.405279 -0.418307
0.405160 -0.441045 0.800828
0.438784 -0.806384 0.396502
-0.053184 0.998560 -0.007052
0.252538 -0.403274 0.879542
0.487001 -0.556121 0.673468
0.320187 -0.905988 -0.276888
-0.418750 0.848943 -0.322405
-0.181215 -0.256720 0.949345
0.849533 -0.273499 0.451100
0.971286 0.051435 -0.232290
0.975196 0.216859 0.044321
0.950774 0.251134 0.181549
0.318023 -0.857027 0.405421
0.892178 0.337583 0.300094
0.430802 0.735358 0.523124
0.745320 -0.520187 -0.417018
0.906619 0.388013 0.165796
0.788190 0.084909 -0.609547
0.669424 0.089540 -0.737464
0.912000 0.265338 -0.312812
-0.312326 0.949909 -0.011228
-0.172902 -0.260777 0.949790
-0.676963 -0.327995 0.658894
-0.245558 -0.051765 0.967999
-0.149900 -0.005348 0.988687
-0.909346 -0.339557 0.240396
-0.956069 -0.259892 0.135599
-0.950105 -0.126289 0.285221
-0.662990 -0.582455 0.470309
-0.090069 0.994421 0.054898
-0.277461 -0.682850 0.675819
-0.985670 -0.049621 0.161220
0.260405 -0.809408 0.526354
-0.817885 -0.558036 0.140210
0.088460 0.630339 -0.771263
-0.207294 -0.956341 0.206010
-0.839990 0.178061 -0.512553
-0.069358 0.993778 0.087150
-0.363183 0.480419 -0.798308
-0.544926 -0.816507 -0.190717
-0.092647 -0.978365 -0.184980
0.003987 -0.895904 -0.444231
0.367592 -0.198148 -0.908633
0.372618 -0.564161 -0.736802
0.185050 -0.937364 -0.295135
0.302436 -0.790758 -0.532199
0.469037 0.692353 0.548317
0.537930 -0.453498 -0.710613
0.105073 -0.869065 -0.483411
-0.712478 -0.125879 -0.690312
0.328338 -0.597361 -0.731679
-0.608962 0.167220 -0.775372
-0.004842 -0.879219 -0.476394
-0.256692 -0.789313 -0.557759
0.811588 0.154186 0.563517
0.003388 0.214322 0.976757
0.619386 0.519666 0.588479
-0.216431 -0.508425 0.833463
0.386905 -0.921978 0.016153
0.145948 -0.667245 -0.730400
-0.091676 0.995697 0.013529
0.486697 -0.786577 -0.380031
0.234981 -0.544577 -0.805121
0.356976 -0.771531 -0.526601
0.011468 0.945073 -0.326657
0.118661 0.498541 -0.858706
0.294617 0.660411 0.690694
0.300191 0.145318 0.942745
0.529026 -0.503458 0.683127
0.513990 -0.614703 0.598293
-0.471065 0.661726 0.583281
-0.712529 0.422052 0.560512
0.210457 0.909289 0.359028
-0.182945 0.947967 0.260558
0.731951 0.681354 0.002230
0.089750 0.995311 -0.036063
0.745752 0.642223 0.177208
0.940129 -0.149743 0.306162
0.835827 -0.451000 0.313036
0.938515 0.332010 0.094649
0.968858 0.113657 -0.219990
0.947415 0.238481 -0.213380
0.916783 -0.005081 -0.399354
0.843625 -0.466437 -0.265957
0.616750 -0.704198 0.351746
0.501804 0.485625 -0.715794
0.101192 -0.994110 0.038790
-0.798064 0.182813 -0.574172
0.042107 -0.988443 -0.145625
0.465297 0.720518 -0.514152
-0.293163 0.556236 -0.777597
0.376573 -0.868005 -0.323667
0.137749 -0.923020 0.359249
-0.069293 0.749159 -0.658756
0.711916 -0.391034 -0.583324
0.674004 -0.488770 0.553915
0.266131 -0.930220 -0.252715
-0.755617 0.029210 -0.654362
-0.533943 0.280873 -0.797506
0.010723 -0.918751 -0.394691
0.033924 0.641981 0.765970
-0.124000 0.521453 0.844222
-0.097511 -0.664207 -0.741162
0.602280 0.583295 0.545001
0.379813 0.508444 0.772804
0.196452 0.142462 0.970109
0.152626 0.812282 0.562941
0.030422 0.996172 0.081948
-0.423105 0.824918 -0.374824
0.213678 0.943114 -0.254712
0.351949 -0.025158 -0.935681
0.286670 0.659119 -0.695257
-0.202425 0.510538 -0.835688
0.328434 -0.110758 -0.938011
0.460610 -0.470442 -0.752677
0.100776 -0.009884 -0.994860
0.335539 -0.457780 0.823317
0.199505 -0.762911 0.614950
0.174984 -0.670720 0.720775
-0.233876 0.971551 0.037284
0.004446 -0.145870 0.989294
0.293240 0.874439 0.386479
-0.232329 0.664797 0.709978
0.444964 -0.556735 0.701465
0.602339 -0.714903 0.355109
0.760358 0.643104 -0.090950
0.460377 -0.555586 -0.692370
-0.326444 -0.939860 0.100484
-0.142344 0.981668 -0.126753
-0.913721 0.096880 -0.394625
0.982964 0.132388 0.127495
0.966473 -0.255715 -0.023230
0.133986 0.984185 0.115878
0.314104 -0.100311 0.944074
-0.407428 -0.253624 0.877312
-0.077909 0.053429 0.995528
-0.010797 0.994001 0.108834
-0.461950 -0.849601 0.254518
0.424209 -0.040486 -0.904659
-0.027926 0.486322 -0.873333
-0.093620 -0.990564 -0.100088
0.420930 0.560394 -0.713286
0.748911 -0.661292 -0.042731
-0.464898 0.357128 -0.810141
0.415364 -0.231557 -0.879690
-0.045459 0.998963 -0.002502
0.506192 -0.853573 -0.123218
0.618329 -0.596466 -0.511759
0.824519 -0.349011 -0.445376
-0.331803 0.871584 0.360899
-0.419211 0.839877 -0.344774
0.735896 0.017464 0.676869
0.525073 -0.850059 0.041217
0.523210 -0.849577 0.066863
-0.547389 0.561001 -0.621003
-0.485525 0.414573 -0.769672
-0.695670 0.165572 -0.699020
0.263796 0.737159 0.622099
0.301634 0.839511 0.451928
-0.080748 -0.718727 -0.690588
0.074794 -0.816336 0.572713
0.384941 0.237637 0.891823
-0.371585 0.165322 -0.913561
0.314947 -0.523479 -0.791693
0.460716 -0.802509 -0.379104
0.154189 0.956465 0.247793
0.595630 -0.245970 -0.764672
-0.183322 -0.420726 -0.888472
0.381813 -0.502921 -0.775428
0.445654 0.304129 -0.841961
0.136825 0.865594 0.481691
0.508036 0.077637 0.857830
0.482828 -0.171524 0.858753
-0.142861 0.218096 0.965414
0.338632 -0.558516 0.757224
-0.197861 0.952807 0.230237
0.407861 0.912550 0.030037
0.615923 0.786162 0.050872
0.619780 -0.055136 0.782836
-0.811395 0.470362 -0.346984
-0.823739 0.224679 -0.520551
0.491232 0.691801 0.529247
0.011332 0.993916 -0.109557
0.041385 0.996360 -0.074531
0.073179 0.996278 -0.045554
-0.199578 -0.052904 0.978453
-0.747206 -0.527742 0.403945
-0.614770 -0.237180 0.752199
-0.040658 0.999017 -0.017676
0.924930 -0.372844 -0.074110
0.384437 0.652435 -0.653098
0.915209 -0.381532 -0.129711
0.003241 -0.815876 0.578218
-0.480456 -0.036580 -0.876256
0.514164 -0.709023 -0.482620
0.646371 0.515389 -0.562653
-0.006183 0.998566 0.053175
-0.257533 0.850918 -0.457837
-0.456121 0.889007 -0.040261
0.753652 -0.432254 -0.495141
-0.174373 0.984615 0.011300
0.730563 -0.555916 0.396529
-0.186786 0.828680 -0.527637
0.597913 0.289951 0.747280
0.173202 -0.590080 -0.788547
-0.787969 0.060773 -0.612708
-0.822176 -0.358645 -0.442040
0.324780 0.608548 0.724008
-0.611722 -0.021204 -0.790789
0.217483 0.550617 0.805929
0.316244 0.936784 -0.149754
0.670848 -0.113472 -0.732863
0.095707 -0.237928 -0.966556
0.624138 0.479838 -0.616609
0.236452 -0.801856 0.548742
0.531903 0.393940 0.749594
0.598545 0.312599 0.737581
0.043093 0.887969 0.457881
-0.472639 -0.877044 -0.086053
-0.200172 0.975731 0.088768
0.309236 -0.686216 0.658392
0.393342 0.897836 0.197922
0.661567 0.749472 -0.024930
0.563880 -0.780614 -0.269596
0.654593 0.755891 0.011663
-0.653603 -0.643684 0.398088
0.451253 0.841370 0.297433
-0.536485 -0.812827 0.226927
0.453694 0.848284 0.273086
-0.638273 0.615922 -0.461787
-0.846143 -0.317117 0.428345
-0.838324 -0.377399 0.393424
-0.774575 -0.589301 -0.229691
-0.801052 -0.484995 -0.350848
-0.204800 -0.516136 -0.831661
-0.292412 -0.655139 -0.696626
-0.754457 -0.636753 -0.159187
0.587441 -0.508372 -0.629659
0.981303 -0.191966 0.013880
0.605662 0.552494 -0.572647
0.987212 -0.131030 -0.090790
0.865579 -0.231812 -0.443888
-0.299934 -0.727548 0.617020
-0.181357 0.498665 -0.847610
0.509558 -0.027730 -0.859990
0.248534 -0.856320 0.452712
0.569062 -0.737353 -0.363977
0.736070 -0.628874 -0.250436
0.581411 -0.624322 -0.521712
0.514572 -0.653467 -0.555154
0.577700 -0.541630 -0.610655
0.021116 0.683174 -0.729950
-0.229046 0.096686 -0.968602
0.024173 0.076077 -0.996809
-0.717464 -0.085260 -0.691359
0.051043 0.754680 0.654104
-0.148486 -0.940874 -0.304480
0.033915 0.549269 0.834957
0.261058 0.672583 0.692445
-0.062328 -0.926848 -0.370227
0.436926 -0.893479 -0.103877
0.255181 0.216697 0.942298
0.460438 -0.713168 -0.528572
0.194708 0.845384 0.497407
-0.046268 -0.259564 -0.964617
0.182277 0.970758 0.156218
0.486111 0.122624 -0.865251
-0.330007 0.658499 -0.676368
0.672266 0.306021 -0.674099
-0.077631 0.322084 -0.943523
0.411971 -0.557206 0.720972
0.366926 -0.678354 0.636554
0.169489 -0.610124 0.773965
0.192586 0.703970 0.683620
-0.240194 0.969943 -0.038949
-0.663855 -0.710990 0.231926
0.273420 -0.746180 0.607006
0.236808 0.970496 0.045372
0.774453 0.617780 -0.136273
-0.649880 -0.717013 0.252087
0.860454 0.504926 -0.068324
0.693252 0.713529 -0.101380
-0.459330 0.888235 0.007414
-0.057299 0.991911 -0.113271
-0.603610 0.433511 -0.669121
-0.650866 0.579600 -0.490344
-0.862808 -0.235435 0.447361
0.438149 0.210448 0.873921
-0.707652 0.011351 0.706470
-0.284068 -0.958450 -0.026048
-0.468770 -0.743423 -0.477051
0.275123 -0.940572 -0.199077
-0.063838 -0.795503 -0.602578
0.048792 -0.671005 -0.739845
0.861595 0.030538 -0.506678
0.685515 -0.389248 -0.615269
0.940945 0.024257 -0.337689
0.602723 -0.592229 0.534780
0.729550 0.372322 -0.573702
-0.089976 0.994110 -0.060408
0.679460 -0.609523 0.408432
0.634688 -0.772737 0.006933
-0.212611 0.970467 0.113974
-0.066873 0.926153 -0.371172
0.750324 -0.304136 0.586954
-0.584967 -0.557041 -0.589507
0.311758 -0.909845 -0.273842
-0.714486 0.291187 -0.636177
0.111678 -0.793733 -0.597926
0.227829 0.547323 0.805315
0.235880 0.321818 0.916948
0.223507 -0.574920 -0.787090
0.445967 -0.721264 -0.529992
0.342930 0.894546 0.286682
0.257986 0.958857 0.118473
0.604328 0.691657 -0.395472
0.090734 0.355563 -0.930238
0.363125 0.109681 0.925262
-0.257850 -0.966167 -0.005934
0.091261 0.940453 0.327444
0.284757 0.923197 -0.258110
0.656422 0.585414 -0.475816
0.341977 0.930498 -0.131246
-0.068861 -0.989791 0.124790
-0.164598 0.981339 0.099402
0.728650 -0.470138 -0.498035
-0.875353 -0.477516 0.075736
-0.506545 -0.616403 -0.602876
-0.235935 -0.558105 -0.795521
-0.313574 0.847370 -0.428527
0.208054 0.906306 0.367863
-0.594993 0.021600 0.803441
-0.550265 -0.455845 0.699581
0.421829 -0.906325 0.025200
-0.421387 -0.847236 0.323457
-0.564148 0.015520 0.825528
0.097158 0.918449 0.383422
0.044613 0.986959 0.154663
0.589104 -0.655229 -0.472897
-0.063930 0.996400 0.055676
0.001937 0.381488 -0.924372
-0.025619 0.997776 0.061537
0.773886 0.281493 -0.567328
0.746090 -0.422667 0.514492
0.771958 -0.473931 0.423640
0.654779 -0.637830 0.405508
-0.283506 0.958659 -0.024431
0.867001 -0.250801 -0.430590
-0.422516 0.846036 -0.325120
0.598887 -0.301158 -0.742050
0.141037 0.166407 -0.975919
0.095950 -0.843126 -0.529086
0.657866 -0.752495 0.031047
0.269463 0.655301 0.705670
0.319826 -0.863519 -0.389931
0.466205 -0.880468 -0.086188
-0.142128 0.484553 0.863139
0.288264 0.639284 0.712896
-0.462604 -0.292222 -0.837021
0.626187 0.730314 -0.273003
0.437227 0.283808 0.853397
0.488541 -0.118108 0.864511
0.235684 0.827825 0.509076
-0.120085 0.978487 0.167760
0.459209 -0.506326 0.729905
0.047280 -0.750779 0.658859
0.354823 0.263534 0.897023
-0.261118 -0.960203 0.099130
0.617929 -0.781458 0.086526
-0.902500 0.225927 0.366675
0.075869 -0.535053 0.841405
-0.234107 0.899670 0.368494
-0.837588 0.106080 0.535904
-0.645466 -0.105112 0.756522
-0.577694 -0.536716 0.614983
-0.022261 -0.777544 0.628434
-0.834542 -0.087784 0.543906
-0.945622 -0.187616 0.265705
-0.744054 -0.607518 0.278040
-0.937331 -0.130776 0.322968
-0.472196 -0.866166 0.163665
-0.612197 -0.585435 -0.531490
-0.291131 0.827864 -0.479462
0.027963 -0.295643 -0.954889
0.090164 -0.559208 -0.824110
-0.251680 0.176957 0.951495
-0.790893 -0.089739 0.605339
-0.840758 -0.084137 0.534833
-0.488061 -0.254590 0.834853
-0.704523 0.070889 0.706132
0.287944 -0.956973 -0.035932
0.842890 -0.531263 -0.085415
-0.703133 -0.215670 -0.677563
0.989183 -0.109519 -0.097588
0.960419 -0.185244 -0.208038
0.998364 -0.022916 0.052386
0.910603 -0.309440 -0.273950
0.975335 -0.216179 -0.044593
0.813494 -0.417035 -0.405351
0.922416 -0.217130 -0.319380
-0.548259 -0.503344 -0.667874
0.794271 0.003850 -0.607552
0.667077 -0.529918 0.523636
0.611692 -0.496875 0.615588
-0.035841 0.994292 0.100493
0.285170 0.605857 -0.742708
-0.129517 -0.553385 -0.822794
0.141320 0.521447 0.841500
-0.612996 -0.110982 -0.782253
0.109967 0.682346 0.722711
0.862802 -0.354626 -0.360296
0.179536 0.238204 0.954477
0.596618 0.729872 0.333667
0.635650 0.767561 -0.082458
-0.770808 -0.170436 -0.613846
0.692788 0.462268 -0.553493
0.345592 0.715150 -0.607558
0.428420 0.352975 0.831784
0.161009 0.959141 0.232647
0.044561 0.977949 -0.204033
-0.070869 0.094777 0.992973
0.183595 -0.034072 0.982411
0.258900 -0.323546 0.910104
0.242913 -0.680412 0.691399
0.336102 0.626679 -0.703071
0.035419 -0.907090 0.419444
0.532643 -0.828911 -0.170874
0.150203 -0.983963 -0.096205
-0.682061 -0.150873 0.715562
0.724951 -0.113764 0.679341
-0.608606 0.044366 0.792231
-0.006396 -0.480213 0.877129
0.316609 0.879058 0.356392
-0.569556 -0.672402 -0.472738
-0.244341 -0.357185 -0.901508
0.131452 0.926915 0.351496
-0.356564 0.058600 0.932431
-0.486841 -0.102863 0.867413
-0.673456 -0.477239 0.564535
0.067444 0.931863 0.356487
-0.246407 0.965131 0.088351
0.689259 -0.645063 -0.329871
-0.925269 -0.284602 -0.250755
-0.966751 -0.020157 -0.254923
0.012192 0.994685 0.102240
0.812213 0.076355 -0.578342
0.499667 -0.612644 -0.612373
0.121006 -0.154199 -0.980602
0.971462 -0.101501 0.214381
-0.952795 -0.300240 -0.045143
0.959163 0.075980 -0.272457
0.735739 -0.021040 -0.676938
0.914807 -0.324558 -0.240396
-0.042996 0.994159 -0.098988
0.320151 -0.944534 -0.073198
0.210950 -0.618194 -0.757190
0.899948 -0.435686 -0.016444
-0.705399 -0.547871 -0.449722
0.252622 0.520487 0.815644
0.916711 -0.273241 -0.291515
0.599150 -0.763112 -0.242239
0.255557 0.265274 0.929688
0.484325 -0.528527 -0.697201
0.359639 0.209167 -0.909345
0.775326 -0.628566 -0.061437
0.353762 -0.576329 -0.736679
0.580330 0.482536 -0.656031
-0.669873 -0.176709 -0.721141
-0.272381 -0.350026 -0.896265
0.168930 0.016141 -0.985496
0.574136 -0.164299 0.802106
0.086399 -0.545698 0.833516
-0.107234 0.957524 -0.267671
0.314109 -0.897562 -0.309383
0.855558 -0.459203 -0.239068
0.874128 -0.388734 -0.291181
0.903299 -0.382143 -0.194980
0.254244 -0.829261 0.497682
0.804789 -0.475785 0.354885
0.231796 -0.871517 0.432122
0.420444 -0.652427 0.630529
0.159429 0.982456 -0.096761
-0.246198 -0.430122 -0.868551
-0.040618 0.991541 -0.123273
0.448308 0.108221 0.887304
0.005469 -0.854762 0.518992
-0.043721 0.984476 0.169985
0.062522 -0.971624 -0.228119
0.025281 0.994728 0.099382
-0.669958 0.100670 -0.735542
-0.025219 0.998740 0.043376
0.307109 -0.739104 0.599508
0.677688 -0.353284 -0.644925
0.658895 -0.587433 -0.469872
-0.736359 0.208791 -0.643569
0.749921 0.285809 0.596600
0.907644 -0.232233 0.349643
-0.790826 0.603547 -0.101619
0.531722 0.386588 0.753539
-0.712766 0.334952 -0.616257
0.717864 -0.613722 -0.328659
-0.444977 -0.111359 -0.888591
0.405866 0.618603 0.672758
0.400984 0.677014 0.617141
0.756031 -0.515650 -0.403141
0.925134 -0.184417 -0.331840
0.949501 -0.170952 -0.263105
0.786641 -0.606542 -0.115336
0.704403 -0.508871 -0.494840
0.513711 0.300562 -0.803594
0.763961 0.612529 -0.202908
0.215050 -0.353531 0.910368
0.197698 0.833731 -0.515565
0.347879 0.736510 -0.580115
0.176749 -0.970553 -0.163668
0.380914 -0.393952 0.836485
0.602919 -0.785708 -0.138392
0.466136 -0.667577 -0.580568
-0.215265 0.975866 0.036705
-0.265212 -0.313685 0.911737
-0.588877 0.344114 0.731307
0.899636 -0.403403 -0.167094
0.414908 0.081699 0.906188
0.663607 -0.208618 0.718404
-0.080485 0.965352 -0.248230
-0.516940 -0.349293 -0.781516
-0.347023 0.789223 -0.506658
0.256060 0.108189 0.960588
0.220016 -0.480394 0.849008
0.119603 -0.484135 0.866781
0.421764 -0.895691 -0.140900
0.582604 -0.585912 -0.563277
-0.110779 0.964167 0.241061
-0.903522 0.198707 -0.379690
0.058149 -0.687573 0.723783
-0.049565 0.993094 0.106342
0.591922 -0.188822 -0.783565
0.130322 0.985990 -0.104110
-0.298475 -0.894678 0.332362
0.181480 0.982303 -0.046325
-0.227883 0.961674 -0.152490
-0.997123 -0.067475 -0.034544
-0.323239 0.139967 -0.935909
0.709823 0.205525 0.673729
0.735070 0.289791 0.612938
0.983028 -0.156084 0.096405
-0.237246 -0.315836 -0.918674
0.927776 -0.353850 -0.118415
0.860198 -0.462446 -0.214949
0.339362 0.661156 0.669108
0.104603 0.410672 0.905763
0.489819 0.488383 0.722191
0.547375 0.203061 -0.811879
0.711347 -0.560662 -0.423844
0.200194 -0.405224 -0.892029
0.444559 0.415180 -0.793721
0.573674 0.207883 -0.792264
0.178152 -0.226314 -0.957624
0.376435 -0.286084 0.881165
0.273198 -0.904844 0.326528
0.229624 -0.037214 0.972568
-0.534615 0.750000 0.389470
-0.594539 -0.380301 0.708446
0.680066 -0.648617 0.341769
-0.638790 -0.291168 -0.712158
0.120160 0.793862 -0.596108
0.444837 0.356293 0.821691
0.375559 -0.814246 0.442672
0.632938 0.103285 0.767282
0.533676 0.379004 0.756006
-0.256270 0.964912 0.057185
-0.098649 0.989833 -0.102468
0.590717 -0.707006 -0.388840
-0.333405 -0.803322 -0.493472
0.564266 -0.229759 -0.792979
-0.923962 -0.378423 -0.055589
-0.970404 0.079310 -0.228091
-0.673265 0.680509 -0.289174
-0.389103 0.396742 -0.831381
-0.567938 -0.741260 0.357743
0.962041 -0.261659 0.077537
-0.410961 0.800385 -0.436458
-0.218908 0.115634 -0.968869
-0.457638 -0.744086 -0.486727
0.932069 0.028555 0.361155
0.263798 0.347717 0.899724
0.714790 0.618634 0.326140
0.735788 0.465039 -0.492295
0.696989 -0.709785 -0.102039
0.635364 0.234858 -0.735632
0.211394 0.924985 0.315777
0.125542 0.937379 -0.324899
0.466668 -0.597679 0.651921
-0.428987 0.860302 -0.275410
0.254638 0.103403 0.961492
0.321855 -0.772707 -0.547113
0.280883 -0.614370 0.737329
0.443750 0.163288 0.881149
-0.192382 -0.961767 -0.194920
-0.850696 0.178529 0.494412
0.250066 -0.962539 -0.104814
-0.635701 0.716404 0.287489
-0.710641 0.469531 0.523956
-0.905240 0.367208 0.213771
-0.405083 0.914232 0.009310
0.891439 -0.425516 -0.155799
-0.152300 -0.840561 -0.519868
-0.005553 0.999603 0.027628
0.336576 0.733996 0.589887
0.528801 -0.305709 0.791777
0.376977 0.444436 0.812629
0.579645 -0.787782 0.208354
-0.216155 0.976219 0.016558
0.079745 0.978933 0.187964
-0.025422 0.998707 0.044028
0.354967 -0.077611 -0.931652
-0.923508 0.194439 -0.330647
-0.770037 0.460422 -0.441649
-0.970923 -0.075388 0.227214
-0.635740 -0.591060 -0.496470
0.673005 -0.739635 0.002013
-0.976457 -0.083009 -0.199099
0.270933 0.962537 -0.010841
-0.853078 0.175379 0.491427
-0.863297 0.456661 0.214894
-0.517752 0.842564 0.148386
-0.432308 0.887391 0.160145
-0.064374 0.166781 -0.983890
0.051610 0.172429 -0.983669
0.059013 0.083254 -0.994780
0.587302 -0.715931 -0.377517
0.789980 -0.541955 -0.286736
0.680496 0.030964 -0.732097
0.740038 -0.196368 -0.643260
0.499287 -0.308476 0.809664
-0.058639 0.920442 0.386455
-0.722813 0.547828 0.421221
-0.080155 0.996748 0.008268
0.333594 -0.758755 0.559468
0.727334 -0.684176 0.053747
0.802096 -0.319055 -0.504823
-0.050419 0.989675 -0.134170
-0.334238 0.729257 -0.597051
0.240223 -0.885431 0.397875
-0.776508 -0.024299 0.629639
0.258949 -0.475511 0.840734
-0.279759 -0.217869 0.935023
0.480244 0.033614 0.876490
-0.532854 -0.368543 -0.761737
-0.143911 0.974382 -0.172826
0.525620 -0.819947 0.226738
0.504514 -0.058391 0.861427
0.207980 -0.966943 0.147535
-0.820712 -0.518048 -0.240951
0.052411 0.996546 0.064418
-0.885099 -0.453239 0.105706
-0.397398 0.460859 -0.793526
-0.972018 -0.158343 -0.173519
-0.972722 -0.018876 0.231204
-0.857498 -0.513906 0.024454
-0.547859 0.333703 -0.767133
-0.954964 0.110455 0.275397
-0.974249 -0.225015 -0.014428
0.135775 -0.663563 -0.735696
-0.880533 0.148769 -0.450034
-0.249290 -0.570958 -0.782216
0.003295 0.999240 0.038849
-0.368461 0.149164 -0.917598
-0.370133 -0.194326 0.908426
-0.749539 -0.357577 0.557072
-0.348105 -0.810715 0.470706
0.461562 0.887046 0.010466
-0.964927 -0.076621 -0.251087
-0.432193 -0.489952 -0.757071
0.125321 0.983151 0.133072
-0.076496 -0.581559 -0.809899
-0.195403 0.972729 0.124965
-0.400022 0.891058 0.214470
-0.264861 0.922931 0.279370
-0.293539 0.898218 -0.327168
0.117428 0.007243 -0.993055
-0.962089 -0.200213 0.185202
-0.721992 -0.149478 -0.675562
0.689869 0.433495 0.579796
0.175596 0.441412 0.879955
0.555013 0.648095 0.521473
0.734532 0.492440 -0.466869
0.714241 0.066036 -0.696777
0.917284 -0.220913 -0.331341
0.521949 -0.268760 0.809529
0.499861 -0.865614 0.029192
-0.314442 0.940252 0.130588
0.438929 0.048080 0.897235
0.417638 -0.036074 0.907897
0.253972 -0.846511 -0.467886
0.548307 -0.282528 0.787107
0.247219 -0.758719 0.602684
-0.705787 0.223415 0.672273
-0.418849 0.845342 0.331605
-0.430659 0.715979 0.549460
-0.262660 0.897732 0.353677
0.843650 -0.221281 -0.489172
0.765997 -0.598733 -0.234024
0.392810 0.915140 -0.090659
0.079778 -0.257931 0.962864
0.878206 0.403779 0.256353
0.483743 -0.569375 0.664684
0.470204 -0.765935 0.438465
-0.012851 -0.797291 -0.603458
0.036555 0.980462 0.193282
0.219335 0.445209 0.868148
0.443324 -0.896048 -0.023712
-0.416712 -0.905187 -0.083593
-0.103408 0.992792 -0.060579
-0.869671 -0.492099 0.038875
-0.134231 -0.987764 0.079401
-0.881166 -0.405247 0.243559
0.117865 -0.651644 -0.749311
-0.991405 -0.073684 0.108107
0.048320 0.990582 0.128109
-0.979585 -0.199671 0.023328
-0.975988 -0.193760 0.099520
0.020238 0.997491 0.067846
-0.000117 0.578873 -0.815418
-0.603868 -0.796507 -0.030326
-0.950152 0.282706 0.131488
-0.263503 -0.928778 -0.260647
-0.964912 -0.219532 0.144050
-0.870951 -0.203556 0.447225
-0.911425 0.045372 0.408957
-0.039147 0.996527 0.073489
-0.233377 -0.904559 -0.356803
-0.252731 0.531794 -0.808283
0.052139 0.997565 -0.046319
0.334092 -0.731813 0.593997
-0.328576 0.551418 -0.766796
0.051794 -0.333072 -0.941478
0.146439 0.942165 -0.301464
0.791610 -0.544352 -0.277551
-0.240445 -0.831990 0.499979
0.749709 -0.518089 -0.411728
0.206461 0.925623 -0.317170
-0.643755 0.171398 0.745790
-0.100109 -0.392085 0.914466
-0.703465 0.578869 0.412368
-0.434606 -0.361574 -0.824852
-0.711649 -0.666824 -0.221137
0.033728 0.998308 0.047362
-0.650271 -0.644984 -0.401427
-0.150996 -0.241522 -0.958576
0.006008 -0.807190 -0.590261
-0.437762 -0.667918 -0.601872
-0.986438 -0.112255 -0.119745
-0.729025 -0.455774 -0.510679
-0.070476 0.993103 0.093703
-0.496248 -0.669656 -0.552539
0.216089 0.137716 -0.966613
-0.440494 -0.577061 -0.687725
0.479733 0.235260 -0.845286
0.127073 0.018519 -0.991720
-0.478248 0.435977 -0.762367
0.014999 -0.333857 -0.942505
0.656654 -0.664203 -0.357268
0.950683 -0.307553 -0.040156
0.632448 0.347123 0.692470
0.069361 0.663133 0.745281
-0.792707 0.150856 0.590642
0.603226 -0.497696 0.623232
-0.352655 0.599663 0.718358
-0.221382 0.960606 -0.168004
0.129610 0.990588 0.044005
0.902215 -0.429089 -0.043486
0.005768 0.993802 -0.111011
0.936352 -0.217933 -0.275227
0.564607 0.777024 -0.278304
0.768444 0.533969 -0.352663
-0.170972 0.729446 -0.662327
-0.227768 -0.824132 0.518583
0.250603 0.941539 0.225172
-0.688439 0.076504 0.721248
0.332171 -0.942928 -0.023438
0.402977 -0.149471 0.902922
0.544700 0.836133 0.064677
-0.434978 -0.499099 -0.749463
0.126330 -0.339024 -0.932257
0.400025 0.183144 0.898019
0.192107 -0.978577 0.074041
-0.014495 0.996487 0.082485
-0.946445 0.101904 -0.306363
-0.979537 -0.025074 0.199698
0.191261 0.500532 -0.844326
-0.923834 -0.259631 0.281287
-0.911602 0.093026 0.400409
0.207615 -0.958663 -0.194578
-0.147401 0.538403 -0.829696
-0.795372 -0.170398 0.581676
0.303704 -0.916639 -0.259879
-0.248918 0.500896 -0.828941
-0.118813 -0.740417 0.661564
0.349812 -0.761485 0.545685
0.573179 -0.224543 -0.788065
0.775240 -0.623751 -0.099682
0.011254 -0.718762 -0.695165
-0.626992 0.628503 0.460288
-0.726863 0.556048 0.403088
-0.463367 -0.646129 -0.606472
-0.911731 0.173397 0.372399
-0.917411 0.115250 0.380886
-0.039179 -0.854460 -0.518037
-0.978032 0.206248 0.030241
-0.229528 -0.590969 -0.773351
-0.165181 0.918790 0.358524
0.031977 -0.339307 -0.940132
0.496359 0.014057 -0.868004
-0.204038 0.910483 -0.359708
0.015094 -0.128359 -0.991613
-0.206089 0.248743 -0.946390
0.354477 0.081462 -0.931509
-0.356566 0.342250 -0.869325
0.945054 -0.305686 0.115882
0.880593 -0.053035 -0.470895
0.986972 -0.156269 0.038289
0.838920 0.542507 -0.043570
0.381544 0.144491 0.912988
0.437840 -0.379095 0.815219
0.586917 -0.701447 0.404351
0.369940 -0.141928 0.918151
0.332751 0.147078 0.931474
-0.564224 0.640467 0.521012
0.610797 0.211401 0.763045
0.694307 -0.314003 0.647565
0.743704 -0.523599 0.415630
0.298315 0.898072 0.323227
0.841785 -0.478543 0.249788
0.820632 -0.508432 -0.260883
0.947117 -0.320864 0.003924
0.341136 -0.927309 0.154029
-0.006811 0.999182 0.039863
-0.448209 -0.442837 0.776533
0.207406 -0.750854 0.627058
0.531170 -0.767827 0.358190
0.585725 -0.590852 0.554816
0.552293 0.196883 0.810068
0.536364 0.568896 0.623435
0.573116 -0.674305 0.465673
0.404508 0.361904 0.839880
0.354808 0.347456 0.867978
0.484586 0.418094 0.768357
0.666291 -0.743215 0.060720
0.029154 0.994992 0.095612
-0.244409 -0.806499 0.538352
0.553579 -0.791736 0.258271
-0.063230 0.997969 0.007794
0.320156 -0.935969 0.146496
-0.003359 0.993250 0.115946
-0.042346 -0.792204 0.608785
-0.212400 0.353372 -0.911051
0.227275 0.597685 -0.768843
0.017723 0.679982 -0.733014
0.266079 -0.963190 -0.038300
0.202837 -0.861750 -0.465021
-0.663730 -0.589769 0.460039
0.775899 -0.630277 0.027056
-0.091319 0.190468 -0.977437
-0.069229 -0.397600 0.914943
-0.669456 0.609279 0.424980
-0.556076 -0.827420 0.078463
-0.689718 0.257386 0.676788
0.299018 -0.172300 -0.938563
-0.869372 0.246633 0.428212
0.595235 0.777290 -0.203755
-0.110626 0.930417 -0.349409
-0.930824 -0.037326 0.363557
0.178507 -0.682938 -0.708330
-0.176237 0.977921 0.112303
-0.665304 -0.704883 0.245990
0.527187 -0.370315 -0.764814
-0.119534 0.920365 0.372345
0.737250 0.122093 -0.664496
-0.088898 -0.544705 -0.833903
-0.096972 -0.632375 -0.768569
0.960757 0.233002 0.150519
0.858872 0.289238 -0.422705
0.002324 0.928349 0.371703
-0.249002 0.893555 0.373574
-0.203841 0.975514 0.082597
0.317475 0.724311 0.612032
0.506051 0.861129 0.048667
0.497120 -0.827594 0.260691
-0.336348 -0.857085 0.390224
0.407223 0.848287 -0.338495
0.002950 0.949788 -0.312881
0.433798 0.837839 -0.331429
-0.791898 0.034271 0.609691
-0.348580 0.527919 -0.774464
0.469438 -0.753328 0.460570
0.540521 -0.777734 0.320884
-0.165700 0.979738 0.112503
0.200483 -0.572759 -0.794829
0.812987 -0.307849 0.494248
0.694897 -0.685748 0.216487
0.507373 -0.839466 0.194601
-0.499642 -0.557737 -0.662788
0.288744 -0.953884 -0.082054
0.545866 -0.741144 -0.390813
0.461782 -0.863910 0.201042
0.207791 -0.963494 0.168828
0.417743 -0.313400 -0.852802
0.204857 -0.955631 -0.211668
-0.880911 -0.304986 0.361910
0.169228 0.902764 -0.395448
0.158992 0.982606 -0.095949
-0.167515 -0.408458 0.897274
-0.327297 -0.701419 0.633158
-0.660416 0.145383 -0.736692
-0.805646 -0.108946 0.582293
0.425282 -0.864816 -0.266888
0.241466 0.709222 0.662343
-0.290967 0.788668 -0.541610
0.345965 -0.671891 -0.654881
-0.028738 -0.609770 -0.792057
-0.023551 -0.761622 -0.647593
-0.565675 -0.501499 -0.654607
0.805976 0.323811 -0.495529
0.078349 -0.738134 -0.670089
0.075621 -0.643818 -0.761433
-0.163523 0.982130 0.093169
-0.293325 0.793479 -0.533246
0.307632 -0.185590 -0.933230
-0.284087 0.252628 -0.924918
-0.275808 0.815281 -0.509163
-0.276238 0.085778 -0.957254
0.302327 0.718521 0.626360
0.483664 -0.450950 0.750142
0.417333 -0.904502 0.087802
0.541255 -0.390419 0.744726
-0.199982 0.972024 -0.123195
0.751442 -0.245258 0.612523
0.612359 0.724171 0.317164
0.730390 -0.477369 0.488517
-0.103972 0.980458 -0.167008
-0.533252 -0.783947 0.317914
0.054592 0.958557 0.279620
-0.525774 -0.023312 0.850305
-0.329292 -0.259465 0.907879
-0.787474 0.075586 0.611695
0.205360 -0.591466 0.779741
0.881596 -0.311349 0.354755
0.959327 0.134177 0.248371
0.306525 -0.730857 -0.609829
-0.024626 -0.389114 -0.920860
0.384504 -0.190997 -0.903149
0.142178 -0.355920 -0.923638
0.755620 -0.089508 0.648866
0.355389 -0.848860 0.391326
0.623319 -0.781683 -0.021118
0.760286 -0.636072 -0.131823
-0.477888 0.561190 -0.675787
-0.172329 0.523908 -0.834160
0.569673 0.174421 -0.803150
0.415256 -0.833388 -0.364729
0.233805 -0.945883 0.225035
0.634347 0.019118 -0.772812
-0.162681 0.557193 -0.814292
-0.703462 0.154794 0.693672
-0.947926 -0.160578 0.275048
-0.117554 0.661604 -0.740581
-0.174038 -0.972128 -0.157095
-0.762473 0.407804 0.502326
-0.470171 -0.417522 -0.777570
0.350424 -0.891897 -0.285870
0.770407 0.602788 -0.207654
-0.208178 0.978078 0.004992
-0.306321 0.926844 0.217089
0.656713 0.381030 -0.650803
-0.149511 -0.030659 -0.988285
0.587592 0.073785 0.805786
0.590607 -0.286136 0.754526
-0.049223 0.919615 0.389725
0.134823 -0.961091 0.241094
0.153991 0.986745 0.051203
0.772841 0.275707 0.571579
0.095334 0.975205 -0.199719
0.727730 -0.322664 0.605225
0.543656 0.820265 -0.177774
-0.000596 -0.276341 0.961060
0.651158 -0.509551 0.562451
0.576859 -0.685825 0.443709
-0.550535 0.432307 -0.714158
0.966060 -0.017147 -0.257746
0.752418 -0.571135 -0.328132
0.343445 0.849935 0.399569
0.122422 -0.935150 0.332426
0.600037 0.151643 0.785468
0.605839 -0.695372 0.386545
0.812462 0.057109 -0.580211
0.931961 0.288814 -0.219170
0.819680 -0.571097 -0.044407
-0.024295 0.997296 0.069357
-0.087391 0.522864 -0.847925
-0.204416 -0.368309 0.906952
-0.154141 0.962335 0.223948
-0.794799 0.513764 0.323018
0.154211 -0.517412 0.841727
0.093362 -0.376207 0.921820
-0.102744 -0.530863 0.841206
0.759653 -0.509477 -0.404180
0.498296 -0.757324 -0.422092
-0.192293 0.905621 0.377987
0.040353 -0.605581 -0.794760
0.016188 -0.802977 -0.595791
0.314860 -0.357722 -0.879146
0.058446 -0.726314 -0.684874
-0.150530 0.984295 0.092213
0.714320 0.623411 0.317971
0.494101 -0.100504 0.863576
0.340714 0.922920 0.179256
0.702405 -0.064540 0.708845
0.305128 0.943477 0.129415
0.730407 0.500414 0.464856
0.985088 0.154250 0.076211
0.896096 -0.057264 0.440150
0.655019 0.755476 0.014339
-0.326429 -0.141579 0.934558
0.346288 0.906461 0.241687
-0.260596 -0.951711 0.162281
0.746471 -0.321418 0.582642
0.886450 0.234154 0.399223
-0.508297 0.690343 -0.514840
0.930368 0.169287 -0.325203
0.708477 0.521137 0.475897
0.411587 -0.902792 0.124753
0.456658 -0.699808 0.549302
-0.437714 -0.643361 -0.628086
-0.370097 0.921707 -0.116121
0.497016 0.078917 0.864145
0.645989 -0.574874 0.502214
0.663865 -0.170459 0.728167
0.506556 0.073013 0.859110
0.779893 -0.617500 -0.102275
0.824452 0.090453 -0.558656
0.739439 -0.620648 -0.260819
-0.196716 0.980459 0.001976
-0.361033 0.456262 -0.813314
0.608872 0.138358 -0.781110
0.311542 -0.939274 0.143893
-0.718472 0.248155 0.649782
0.069151 0.995274 0.068182
-0.277309 0.928042 -0.248670
-0.650661 0.527216 -0.546519
-0.536477 -0.166777 -0.827271
0.826867 -0.492372 -0.271773
0.084508 0.996194 0.021340
0.562986 0.469355 -0.680259
0.917688 -0.397236 0.007286
0.802837 -0.579987 -0.138085
0.243521 -0.655415 -0.714933
-0.044296 -0.607417 -0.793148
0.877290 0.004198 0.479942
0.516965 0.113699 0.848422
-0.370835 -0.928351 0.025410
-0.101315 0.959816 -0.261703
0.044703 -0.944727 -0.324797
0.619698 -0.452857 -0.641011
0.261031 0.817355 0.513608
-0.062012 0.413307 0.908478
0.433804 0.675779 0.595933
0.527499 -0.830595 0.178486
0.120991 -0.991201 -0.053683
-0.803916 -0.461441 -0.375221
0.316818 0.723600 0.613212
0.595900 -0.131533 0.792214
-0.192498 0.978238 -0.077423
0.232900 0.525877 0.818053
-0.192035 0.980110 -0.050081
-0.467262 -0.520590 -0.714599
0.514251 -0.358270 -0.779223
0.967448 0.120842 -0.222356
0.863757 0.099810 -0.493924
0.763383 0.100252 0.638119
-0.258062 0.965480 -0.035399
-0.184055 0.982751 0.018010
0.666701 -0.413755 -0.619933
-0.010015 0.997958 -0.063079
-0.275089 0.443711 -0.852905
-0.422074 -0.217023 0.880202
-0.153945 0.282182 -0.946929
-0.226906 -0.336159 -0.914063
-0.121022 -0.297043 0.947164
0.312594 -0.505219 0.804387
0.227561 -0.540113 0.810243
0.099190 -0.278004 0.955445
0.107281 -0.335304 0.935982
-0.172871 0.917363 -0.358552
-0.283927 -0.927438 0.243400
-0.151149 -0.832935 -0.532327
-0.777237 0.271444 -0.567644
-0.162373 -0.752286 -0.638514
0.404774 -0.559203 -0.723498
0.088118 0.501618 0.860589
0.023717 0.654218 0.755934
0.817643 0.453176 -0.355094
0.671107 -0.026635 -0.740882
0.071309 0.825093 0.560478
-0.207259 0.878419 -0.430609
-0.169874 0.374088 -0.911702
-0.116548 -0.217413 -0.969097
-0.316179 0.319764 -0.893186
0.513450 -0.597981 0.615457
0.584965 0.067814 0.808219
0.836904 0.231046 0.496196
0.952732 0.184483 0.241389
0.895721 0.280866 -0.344671
0.119060 -0.919194 0.375375
0.826102 0.457008 0.329694
-0.223688 -0.973149 0.054269
0.389592 -0.608584 0.691262
0.326532 -0.429387 0.842024
0.454199 -0.449407 0.769244
0.715589 0.601469 0.355200
0.414524 0.832680 0.367169
0.648430 -0.384726 -0.656905
0.613036 -0.590303 0.525100
0.532966 -0.695772 0.481507
0.744295 -0.654760 0.131587
-0.852174 -0.472754 -0.224283
-0.712052 -0.387294 -0.585649
-0.507968 -0.337219 -0.792623
-0.176787 0.977144 0.118050
0.803304 0.085700 -0.589371
0.960929 0.067888 -0.268342
-0.296116 -0.899901 0.320145
0.227674 -0.423510 0.876815
0.314762 -0.770738 -0.553975
0.620472 -0.275789 -0.734135
-0.335153 0.478995 -0.811318
-0.423428 -0.875297 -0.233589
0.094747 0.945380 -0.311896
-0.164362 0.856578 0.489141
-0.112796 0.343068 -0.932513
-0.205106 0.172047 -0.963500
-0.035670 0.468936 0.882512
0.614692 -0.284111 -0.735822
0.916345 0.092926 -0.389457
0.970861 -0.239508 0.008105
-0.030445 0.855003 0.517729
0.854602 -0.394150 -0.338083
-0.006692 0.995710 0.092284
-0.029985 -0.637816 -0.769605
-0.184263 0.056872 -0.981230
0.826736 -0.187207 0.530529
0.948190 0.157573 0.275873
0.934915 0.297825 -0.192960
0.576383 -0.617774 0.534919
0.905742 0.320764 -0.277024
0.492943 -0.835365 0.243254
0.948502 0.278228 -0.151436
-0.154310 -0.866477 0.474770
-0.277632 -0.260292 0.924753
-0.458982 -0.393405 0.796598
0.915647 0.397981 0.056581
0.752655 -0.126074 0.646232
-0.027400 0.996036 0.084623
0.887452 -0.445300 0.118897
0.787670 -0.533341 -0.308421
0.862835 0.505018 0.021731
-0.705609 0.264844 -0.657247
-0.619400 0.576394 -0.533024
-0.153722 0.743078 0.651310
0.593990 -0.684779 0.422201
0.124351 0.819832 0.558939
0.163069 0.165604 0.972617
-0.138868 0.990265 -0.009560
0.736230 0.676488 -0.018169
0.661501 0.303790 0.685659
0.941625 -0.156052 0.298311
0.875938 -0.482219 -0.014054
-0.039777 0.944531 0.326004
0.640202 -0.111299 0.760101
0.543744 -0.761766 0.352215
0.679787 -0.733378 -0.006774
-0.860834 0.199958 -0.467956
-0.774044 0.039311 -0.631910
-0.519880 -0.485285 0.703010
-0.634311 -0.114600 0.764537
0.121499 0.908073 -0.400802
-0.142348 0.905765 0.399158
-0.031365 0.979165 0.200629
-0.422536 -0.069685 0.903663
0.213030 0.160715 -0.963737
-0.716533 0.629914 -0.299647
0.131704 -0.300350 -0.944693
-0.773663 0.388760 -0.500311
-0.424321 -0.405836 -0.809474
-0.186606 -0.498010 -0.846856
-0.090661 0.993969 -0.061690
-0.757874 -0.605047 -0.244019
-0.020157 0.998404 -0.052761
-0.468679 -0.604008 -0.644604
-0.279648 0.631518 -0.723175
0.996628 0.079056 0.021959
0.960309 0.235417 -0.149621
0.934426 -0.345117 0.087989
-0.082338 -0.247454 0.965395
0.004401 -0.996970 0.077659
0.766609 -0.588000 0.258003
0.243990 -0.826832 -0.506772
0.812120 0.583390 0.010822
0.763779 -0.428550 -0.482687
-0.427110 0.880478 -0.205757
0.392415 0.024535 0.919461
-0.266212 0.598894 0.755286
0.602081 -0.744130 0.289429
-0.439206 -0.891447 0.111445
-0.581708 -0.640738 -0.501069
-0.200950 -0.225335 -0.953333
0.995346 -0.057466 0.077356
-0.497935 -0.817978 0.288050
-0.154943 0.986642 0.050299
0.485885 -0.070376 0.871185
0.657419 0.183985 0.730719
0.639165 -0.390488 0.662561
-0.130430 -0.828833 0.544081
0.127134 0.962527 -0.239540
-0.646012 -0.654417 0.392947
0.258209 0.823750 -0.504742
-0.077413 0.042428 -0.996096
-0.007191 0.982797 -0.184547
-0.457274 -0.424139 0.781669
-0.209831 -0.279573 0.936915
-0.424460 0.096952 -0.900241
0.518601 0.544155 -0.659506
-0.154893 -0.707787 -0.689236
-0.306844 0.521066 0.796453
-0.077470 -0.830032 0.552309
-0.542771 -0.831869 0.115734
-0.081015 -0.771365 -0.631215
0.087172 0.987462 0.131607
-0.595980 -0.401043 -0.695681
-0.059262 0.927885 0.368126
-0.146242 -0.383256 -0.911991
-0.024326 0.807072 0.589952
-0.078585 -0.292037 -0.953173
-0.208876 0.639048 -0.740263
-0.103690 -0.215225 -0.971044
0.887789 -0.412694 0.203749
0.807895 -0.284033 0.516363
-0.324788 0.933813 0.150023
0.882131 -0.137567 0.450467
-0.113603 -0.942874 -0.313182
0.948522 0.306631 -0.079268
-0.113186 0.976717 0.182243
0.789629 -0.121757 -0.601383
-0.618676 0.560524 -0.550502
-0.492771 0.469810 -0.732431
0.728012 -0.582347 0.361761
-0.226064 0.872099 0.433980
-0.059878 0.939441 0.337439
0.477437 -0.651919 0.589115
0.564617 -0.022255 0.825053
0.902338 0.058289 0.427069
-0.623235 -0.588605 -0.514900
0.681029 -0.688896 -0.248237
-0.059929 0.997862 -0.026086
0.127907 0.991661 -0.015745
-0.314432 -0.279063 0.907335
-0.619890 0.403841 -0.672792
-0.850468 -0.221281 -0.477220
-0.881476 -0.439870 0.171797
-0.262351 -0.941098 -0.213321
0.224424 -0.695826 0.682246
0.115684 0.782234 -0.612149
0.073441 -0.891566 -0.446895
-0.683734 0.442734 -0.580082
-0.288353 -0.761862 -0.580017
-0.047165 -0.745173 -0.665201
0.028122 0.947693 0.317941
-0.014151 0.992064 0.124935
0.971870 0.138078 0.190795
0.336087 -0.762660 0.552626
-0.120599 0.982950 -0.138796
-0.177870 0.458187 0.870877
0.697486 -0.627548 0.345972
-0.444124 0.443370 -0.778574
0.535695 -0.841802 -0.066330
-0.048942 -0.998515 0.023943
0.458701 0.689066 0.561054
-0.148111 -0.479706 -0.864838
0.754339 -0.363311 0.546789
0.734659 -0.667278 -0.122543
0.341132 0.040436 0.939145
0.765562 -0.385587 0.515013
-0.128347 0.968818 -0.211941
-0.363542 -0.720508 0.590513
0.101487 0.938602 -0.329738
0.364879 -0.078371 -0.927751
0.478359 0.232836 -0.846735
0.096282 0.247290 -0.964146
-0.062027 -0.746436 -0.662560
-0.980158 0.176185 -0.090825
0.005505 -0.693793 -0.720153
-0.871528 0.281935 -0.401189
-0.443248 0.303116 -0.843595
-0.195968 0.426325 0.883087
-0.381625 -0.022636 -0.924040
-0.147618 -0.601412 -0.785183
0.147256 -0.566369 -0.810890
0.107637 -0.414691 -0.903574
-0.134440 0.990492 0.029175
-0.020784 -0.497820 -0.867031
-0.174599 0.971412 -0.160854
-0.099227 0.900774 -0.422800
-0.226437 0.075727 -0.971078
0.231901 0.797272 0.557297
0.123388 0.158337 0.979645
0.250558 0.965723 -0.067826
0.144461 0.986847 0.072550
0.104822 0.994081 0.028541
0.699216 -0.512901 0.498026
0.446055 -0.626207 0.639452
-0.188754 0.722912 0.664658
-0.312555 0.518218 0.796090
-0.119635 -0.105610 -0.987185
0.734969 0.012014 0.677994
0.799736 -0.401454 0.446383
-0.312701 0.947971 -0.059742
0.797553 -0.457064 0.393703
0.776686 0.203527 0.596100
-0.129407 0.991020 0.033675
0.265384 -0.726379 0.633992
0.035201 0.975256 -0.218258
-0.207305 -0.517106 0.830438
-0.000649 -0.998765 0.049679
-0.075180 0.963986 -0.255104
-0.158618 0.984695 -0.072221
-0.982381 0.186201 0.016043
-0.144086 0.944982 0.293681
0.071489 0.947139 -0.312757
-0.202312 -0.979133 0.019207
0.501329 0.178954 -0.846549
-0.610888 0.089878 -0.786599
-0.072596 -0.422004 -0.903683
0.019060 0.982834 0.183503
0.040196 -0.983207 0.178014
-0.016809 -0.972185 0.233611
0.244096 -0.206837 -0.947436
0.101056 -0.668389 -0.736915
0.035003 -0.307332 -0.950959
-0.075174 -0.052571 -0.995784
-0.646213 -0.375047 0.664641
0.147622 0.988507 0.032589
0.124389 0.920707 0.369899
-0.029939 0.994979 0.095498
-0.354886 -0.333207 0.873515
0.576052 -0.084620 0.813021
0.045332 0.813906 0.579225
-0.026174 0.876061 -0.481489
0.093209 0.919467 0.381958
0.714016 -0.420207 0.560006
0.511128 -0.638121 -0.575804
-0.548682 -0.383122 -0.743078
0.754046 0.471341 0.457441
-0.302166 0.267542 0.914941
0.097072 0.987457 0.124521
-0.676251 -0.736499 -0.015918
0.253580 -0.501685 0.827049
-0.025437 -0.800137 0.599278
0.187804 0.079151 0.979012
0.108592 0.993423 -0.036309
-0.006847 0.990213 -0.139398
0.486334 0.299029 -0.821012
0.219745 -0.925753 -0.307723
0.362449 -0.615280 -0.700044
0.161723 -0.694940 -0.700645
-0.918413 0.273948 -0.285430
0.169827 -0.713403 -0.679864
-0.122586 0.739113 0.662333
-0.904886 0.284065 -0.317000
-0.132144 0.324818 -0.936500
0.394095 0.887174 -0.240021
0.122276 0.956640 0.264364
0.211620 -0.078304 -0.974210
-0.236144 0.971453 0.022702
0.055095 0.885228 0.461883
0.122474 0.991424 -0.045601
0.228505 0.751115 -0.619364
0.019586 0.294626 -0.955412
-0.713332 -0.315175 0.625957
0.352568 -0.813980 -0.461662
-0.141706 0.985014 -0.098318
0.445350 0.633026 0.633199
-0.539381 0.512623 -0.668046
0.317748 -0.846843 0.426490
0.356947 -0.885309 0.298023
-0.080360 -0.863176 -0.498467
0.873984 -0.083477 0.478731
0.057313 0.983621 0.170895
-0.525235 0.845920 -0.092454
-0.313760 0.949457 0.009312
-0.133703 0.990998 0.006800
0.841647 0.061744 0.536487
-0.905239 -0.390594 0.167268
-0.153078 0.987150 -0.045848
0.723548 -0.395067 0.566039
-0.297688 0.947854 0.113821
0.324885 -0.882707 -0.339527
-0.213513 -0.947880 0.236507
-0.360065 0.205281 0.910062
0.323027 -0.292593 -0.900024
-0.686814 0.314121 -0.655450
0.025120 0.163728 -0.986186
0.314191 -0.380001 -0.869990
0.316871 -0.796025 -0.515691
0.119716 -0.453968 -0.882939
-0.059116 -0.041716 -0.997379
-0.025559 0.265172 0.963862
-0.635778 -0.200713 0.745319
-0.081226 -0.605609 0.791606
0.089778 -0.571633 0.815583
0.328139 0.942841 0.058108
0.553890 -0.800715 0.228168
0.809073 -0.514587 -0.283904
0.680929 -0.141496 -0.718551
-0.494876 -0.189164 0.848124
-0.576598 0.638378 -0.509910
0.041311 -0.997442 0.058333
0.590466 -0.351293 -0.726597
0.384458 -0.915307 0.120018
0.855200 -0.320108 0.407633
-0.950332 -0.200218 0.238288
-0.683661 -0.603518 0.410333
-0.935258 -0.341666 0.092503
0.752078 -0.496606 0.433313
-0.488489 -0.827992 0.275332
-0.052783 0.990087 -0.130163
-0.775389 -0.603475 -0.185982
0.434084 0.594229 0.677098
-0.725284 -0.385397 -0.570467
-0.110829 -0.187304 -0.976030
0.360533 -0.011114 0.932680
-0.130117 -0.514591 0.847505
-0.018958 -0.998104 -0.058555
-0.314806 0.945904 0.078505
0.360685 -0.870918 -0.333778
0.829079 -0.296155 -0.474258
0.334835 -0.837967 -0.430926
0.462207 0.016384 -0.886621
-0.861689 0.214448 -0.459895
-0.547205 0.299960 -0.781403
-0.609548 0.520033 -0.598345
-0.083693 0.982047 0.169052
-0.038622 0.729194 0.683216
-0.090488 -0.111424 -0.989645
0.198106 -0.460172 -0.865445
-0.009809 -0.679015 -0.734059
-0.057760 -0.485414 -0.872374
0.145527 -0.716801 -0.681923
0.188440 -0.586563 -0.787677
-0.151129 0.951273 0.268776
-0.007565 -0.180735 0.983503
0.184250 0.693023 0.696973
-0.305121 -0.466178 0.830409
0.486259 0.872755 0.043019
0.864489 -0.495079 0.086922
-0.027495 -0.705493 0.708184
0.980513 -0.143456 -0.134217
0.740854 -0.504827 -0.443040
-0.666621 -0.277376 0.691866
-0.637295 0.247247 0.729879
0.406296 -0.675892 -0.614893
0.525082 0.809220 0.263536
0.673411 -0.414638 0.612040
-0.016168 0.434814 0.900375
0.441454 -0.714368 0.542953
-0.547784 0.754853 -0.360735
0.324102 -0.925965 0.193770
-0.351959 -0.934722 -0.049183
0.588227 0.715861 0.376207
0.828597 -0.033905 0.558818
-0.213894 -0.771428 -0.599290
0.058279 -0.106690 -0.992583
0.713727 0.301282 0.632316
0.110437 -0.547431 0.829532
0.901012 0.065743 0.428783
-0.241311 -0.410558 0.879324
0.386575 -0.864799 0.320440
0.379523 -0.922692 -0.067839
0.306321 -0.830234 -0.465702
0.389814 0.105760 -0.914800
-0.401986 -0.725031 -0.559229
-0.143066 0.801670 0.580394
-0.182334 0.731986 0.656469
-0.353800 0.295603 0.887381
0.339205 -0.855542 -0.391137
0.189763 0.451029 -0.872102
0.504607 0.532023 -0.679943
0.107004 0.515513 -0.850175
0.259273 -0.127994 -0.957285
0.825442 0.367192 -0.428737
0.250679 -0.305789 -0.918506
-0.063826 0.799960 0.596649
0.209436 -0.196154 -0.957946
0.406647 0.173768 0.896907
0.443899 -0.371110 0.815617
0.627462 -0.607386 0.487210
0.637930 -0.739667 0.214330
0.250503 -0.615050 -0.747638
0.770699 0.215222 0.599752
0.188685 -0.713287 -0.674996
0.649424 -0.315552 0.691864
0.507631 -0.495179 0.705059
-0.726700 0.450058 -0.518995
-0.651585 0.091616 0.753023
0.151950 -0.943596 0.294174
0.109885 0.992574 0.052183
0.653665 0.410492 0.635782
-0.028979 -0.960984 0.275082
0.651253 -0.404931 0.641794
0.648706 -0.560985 0.514273
-0.036092 -0.528791 -0.847984
0.325791 -0.907261 0.265965
0.512445 -0.858604 -0.014123
-0.225895 -0.949361 -0.218368
0.532758 -0.815936 -0.224537
0.258228 0.060845 -0.964166
0.401471 -0.159319 -0.901908
0.094910 0.660085 -0.745171
0.500616 -0.786890 -0.360815
0.183694 -0.976455 -0.113103
0.691768 -0.290310 -0.661193
0.582755 -0.690562 -0.428393
0.232053 0.558971 -0.796055
0.352383 0.935823 -0.007806
-0.089789 -0.918849 -0.384257
0.142275 -0.473310 -0.869331
0.050885 0.998241 -0.030421
-0.235659 0.772397 0.589803
0.166465 0.789184 -0.591166
0.450763 0.719045 0.528949
0.386421 0.922230 0.013026
-0.179232 -0.718913 0.671595
-0.807147 0.374166 -0.456633
0.163577 -0.868139 -0.468590
0.486593 -0.637863 0.596957
0.748072 -0.473725 0.464729
0.819409 -0.486814 0.302623
0.800064 -0.571936 0.181071
0.572118 -0.741584 0.350335
-0.172098 0.346433 0.922153
-0.469428 0.236320 0.850758
0.501730 -0.850053 -0.160243
0.856265 -0.027509 -0.515803
0.990623 0.090672 -0.102196
0.749764 -0.648909 0.129503
-0.406009 -0.455383 -0.792328
0.298694 -0.946448 0.122549
0.410015 0.905272 0.111224
-0.118297 -0.278120 -0.953234
-0.003391 0.986859 -0.161549
0.387628 0.277368 0.879097
0.880498 0.465440 0.089934
0.357921 -0.834136 0.419655
0.913181 0.407408 0.010950
0.904972 -0.417347 0.082745
0.974376 -0.001928 0.224917
0.418963 0.416352 -0.806921
0.844584 -0.143730 -0.515770
-0.303553 0.423303 0.853622
0.271339 0.774223 -0.571799
0.240418 -0.970318 -0.026124
0.259305 0.959770 -0.107711
0.560576 0.412072 -0.718298
0.252900 -0.153977 -0.955161
0.122941 0.447201 -0.885944
0.267326 -0.231766 -0.935319
0.241090 -0.656864 -0.714426
0.285738 -0.637373 -0.715618
0.421756 -0.224266 -0.878537
0.231780 -0.435220 -0.869978
-0.107151 0.993762 0.030925
0.153230 -0.203268 -0.967059
-0.044715 0.980108 0.193362
-0.865979 -0.155227 0.475378
-0.817307 0.052541 0.573802
-0.473040 -0.663623 0.579515
0.307128 -0.725118 -0.616341
0.854019 -0.206749 -0.477396
0.135356 0.512817 0.847760
0.492438 -0.758040 0.427646
0.855470 0.464892 -0.228136
0.305784 -0.941484 -0.141791
-0.409939 -0.395369 -0.821969
0.026987 -0.003110 -0.999631
-0.077769 -0.360417 0.929544
0.922158 0.379115 0.076788
-0.181874 0.982928 0.027823
-0.115894 -0.356338 0.927142
0.956869 0.124641 -0.262425
0.882540 -0.400008 -0.247219
0.882039 -0.377083 -0.282516
0.941901 0.058440 -0.330767
-0.289188 0.268931 0.918720
0.521763 -0.801293 -0.292734
-0.293705 0.642020 0.708201
0.330005 -0.943192 0.038544
0.379137 0.680439 -0.627103
0.039957 0.629538 -0.775941
-0.034305 0.169677 -0.984902
0.253841 -0.557118 -0.790686
0.341325 0.468092 -0.815099
0.584330 -0.225154 0.779656
0.703505 -0.386397 0.596472
0.650954 -0.609977 0.451871
-0.334899 0.843009 0.420925
-0.322995 -0.323550 0.889376
0.549611 -0.412908 0.726247
-0.704177 -0.055102 0.707883
0.588748 -0.627676 0.509312
-0.169602 0.985310 0.019959
0.188156 -0.658372 -0.728796
-0.698909 0.694333 -0.171546
-0.165801 0.446549 0.879263
-0.779327 0.335365 -0.529320
0.171749 0.657549 0.733575
-0.504757 -0.255749 0.824508
0.721860 0.394919 0.568294
-0.231650 -0.185234 -0.955001
0.761877 -0.211700 0.612149
0.027606 0.995622 0.089300
0.819696 -0.125252 0.558937
0.985995 0.070444 0.151169
0.977256 0.192689 -0.088549
0.858644 -0.442961 0.257908
0.497773 -0.861776 0.097796
0.964801 0.200690 -0.169950
0.569123 -0.810564 -0.138151
0.179954 -0.105997 -0.977947
0.498845 -0.866291 -0.026339
0.367565 -0.188440 -0.910706
-0.123184 0.757600 -0.640989
0.310228 0.014432 -0.950553
0.349941 -0.602338 -0.717447
0.387868 -0.821899 -0.417183
-0.179292 0.848452 0.497980
0.289278 -0.692164 -0.661232
-0.284570 0.950984 -0.121036
0.200099 0.129688 -0.971155
0.270801 0.681938 0.679431
0.730300 -0.261914 0.630922
-0.511918 0.698116 0.500573
0.160488 -0.269977 0.949398
-0.016152 0.999702 0.018320
0.760238 0.215101 0.613001
0.991845 -0.115103 0.054724
0.825266 -0.162185 0.540955
0.467281 -0.877206 -0.110263
0.126636 0.989479 0.069965
0.729964 -0.570158 0.376925
-0.803131 0.385561 -0.454229
0.684397 -0.667611 0.293082
0.929419 -0.157413 0.333768
0.214508 -0.839814 -0.498697
-0.577561 -0.642348 -0.503798
0.651626 -0.472352 0.593521
-0.433354 0.843725 -0.316752
0.953784 -0.297506 -0.042258
-0.324097 0.945481 0.032029
0.338280 -0.246670 -0.908141
0.066739 0.868621 -0.490962
0.044157 0.586754 -0.808561
-0.062072 0.836487 -0.544460
0.615334 0.055643 0.786300
0.894743 -0.220074 0.388591
0.518604 -0.569037 0.638159
-0.217324 0.765376 0.605781
0.359993 -0.357337 0.861809
-0.296900 0.954590 0.024666
0.898989 -0.370562 0.233460
-0.011879 0.997747 -0.066036
0.815699 -0.223702 -0.533472
0.360801 0.930839 -0.057982
0.888554 -0.065730 -0.454040
0.330785 -0.279955 0.901225
0.796300 0.203232 0.569740
0.455657 -0.752343 -0.475770
0.244166 -0.046950 0.968596
0.415134 0.882149 0.222432
0.298932 -0.298504 0.906386
-0.026389 0.687187 0.726002
0.663557 -0.519591 0.538254
0.710102 -0.638912 0.295882
-0.272588 0.950966 -0.146150
-0.714369 0.635466 -0.293018
0.466052 -0.551082 0.692174
-0.059481 -0.327881 0.942845
0.394400 -0.739595 0.545388
0.294326 0.768723 0.567836
-0.475689 0.649513 -0.593172
0.994119 -0.028329 0.104527
-0.256041 0.966533 -0.016019
0.911536 -0.406406 -0.062744
-0.395267 0.864380 0.310822
-0.053506 0.997368 -0.048928
0.117724 -0.138137 -0.983392
0.656029 -0.433521 -0.617807
-0.123537 0.350605 0.928340
-0.433814 -0.552139 -0.712003
0.110743 0.990845 0.077214
0.281086 -0.764866 -0.579630
0.088844 -0.875308 -0.475334
0.099085 0.481708 -0.870712
0.543643 -0.662001 -0.515952
0.306178 -0.194415 -0.931911
-0.057699 0.995880 0.069956
0.250417 -0.562879 -0.787692
0.730380 0.193139 0.655166
0.793457 -0.110040 0.598596
0.663309 -0.362502 0.654686
0.745115 -0.411643 0.524741
0.797856 -0.405843 0.445778
0.943844 -0.320113 -0.081764
0.228872 0.910921 0.343279
0.927842 -0.372937 0.005141
0.890601 -0.049905 -0.452038
0.879511 -0.118840 -0.460801
0.676591 -0.605644 0.418832
0.695418 -0.387712 0.605039
0.585897 0.810123 0.020636
0.400956 -0.713384 -0.574733
0.501345 0.859296 0.101309
0.479206 -0.453334 0.751565
-0.178290 0.510938 0.840925
0.398092 -0.114441 -0.910179
-0.184225 -0.456747 0.870312
0.364298 -0.931207 0.011869
-0.144194 -0.108935 -0.983535
0.316689 0.365553 0.875259
0.061352 -0.538801 -0.840196
0.881364 0.145515 0.449470
-0.251298 -0.703247 -0.665051
-0.093491 -0.412839 -0.905993
0.200085 0.915551 0.348902
0.707787 0.183140 0.682274
0.652644 -0.306639 0.692841
-0.168484 -0.841710 -0.512969
0.866263 -0.405623 0.291648
0.867648 0.360937 0.341924
0.547222 0.445716 0.708439
-0.663950 0.747451 0.022098
0.232542 0.965061 0.120751
0.383597 0.920676 -0.072175
0.878171 -0.453379 -0.152522
-0.184324 0.977522 0.102349
0.781347 0.601340 -0.166993
0.281337 0.817577 -0.502411
0.232069 -0.048040 -0.971512
0.892034 -0.304072 0.334389
0.621120 -0.526054 -0.580928
-0.388777 0.668391 -0.634117
-0.171281 -0.061394 -0.983308
0.431036 -0.799209 -0.418894
0.212738 -0.105430 -0.971405
-0.229833 0.600330 0.766016
-0.179432 0.795791 -0.578378
0.182071 -0.678092 -0.712069
-0.047860 0.933629 0.355030
0.245620 -0.604913 -0.757464
0.136328 0.936113 -0.324201
0.207339 -0.422316 -0.882417
0.357349 0.634770 0.685105
0.938973 -0.272573 0.209842
0.974497 -0.076800 0.210847
0.240992 -0.923287 -0.299106
0.732529 -0.429251 0.528341
0.301405 0.904794 0.300836
0.449887 0.779940 0.435080
-0.839909 0.398300 -0.368660
0.524847 0.676950 0.516017
0.646065 0.256940 -0.718736
-0.871197 0.258641 -0.417277
0.860343 0.444022 -0.250307
0.752367 0.375228 -0.541432
0.974791 0.037720 0.219907
-0.319930 -0.900080 0.295805
0.463541 -0.836419 -0.292461
0.229403 -0.726480 -0.647766
0.844778 0.395006 0.360999
0.982211 -0.187783 0.000172
-0.387542 -0.331926 0.860021
-0.753312 -0.602712 0.263169
0.554890 0.828611 0.074173
0.986302 0.103354 -0.128555
0.841842 -0.538061 0.042336
0.751411 0.476661 -0.456263
0.993437 -0.024805 0.111662
-0.795377 -0.554127 0.245598
0.469982 0.400362 -0.786655
0.369992 0.220206 -0.902560
-0.225504 0.920156 0.320095
0.531615 -0.827724 -0.179606
0.050075 -0.213623 -0.975632
-0.139741 0.917346 0.372757
0.079348 0.725832 -0.683281
0.231591 -0.071610 -0.970174
0.849416 -0.087933 0.520346
0.874049 -0.375785 0.307936
0.020221 0.963885 -0.265549
0.175767 0.423435 0.888712
0.064184 0.722282 0.688614
0.793648 -0.506103 0.337614
0.736935 0.363649 -0.569813
0.498449 0.557514 -0.663873
0.644670 -0.516471 0.563612
-0.623622 0.266916 -0.734746
-0.552870 0.636432 -0.537857
-0.801116 0.280571 -0.528671
0.405131 -0.622081 0.669988
0.855754 -0.412218 0.312668
0.638379 -0.713884 0.287823
-0.593594 0.453456 -0.664849
0.737928 -0.496449 0.457166
-0.506024 0.700939 -0.502617
0.377210 0.696946 0.609901
-0.006273 0.559906 0.828533
0.687868 0.672164 -0.273921
0.916359 0.389718 -0.091684
0.924132 -0.298878 -0.238016
-0.364165 -0.468826 0.804727
0.779511 0.521281 -0.347318
0.804680 0.268463 -0.529545
0.828976 0.454112 -0.326468
0.832703 0.106266 -0.543428
0.891042 0.207572 -0.403681
-0.418597 -0.818921 -0.392613
-0.179716 0.096772 0.978947
0.087316 0.776908 -0.623531
0.543171 -0.836819 0.068542
0.231951 -0.428388 -0.873317
-0.061258 0.853960 -0.516720
0.221612 -0.713465 -0.664723
-0.020152 -0.210044 -0.977484
0.125357 0.678089 -0.724211
0.301322 -0.520386 -0.799002
0.868465 -0.329266 0.370612
0.019787 0.998473 -0.051580
-0.186262 0.980423 -0.063855
0.716410 -0.654883 0.240593
0.613914 -0.656967 -0.437612
-0.108123 0.169503 0.979581
0.177806 -0.319714 0.930682
0.685116 0.143583 0.714143
0.112221 0.981372 0.155933
0.982899 0.000487 -0.184146
0.914941 -0.332441 0.228835
0.749946 -0.375263 0.544755
0.209315 -0.473276 -0.855685
0.541902 -0.814160 -0.208530
-0.220856 -0.936469 -0.272485
-0.293063 -0.114562 0.949205
-0.416276 -0.865028 0.280072
-0.654949 -0.674160 0.341394
-0.406874 0.824498 0.393265
0.731614 0.540014 0.416083
-0.613186 -0.757254 0.224877
-0.024786 -0.998422 0.050391
0.353038 0.179406 0.918247
-0.593221 -0.792690 -0.140471
0.398929 0.456958 0.795013
-0.134632 0.460792 0.877237
0.252380 -0.661776 -0.705944
-0.338496 0.236215 0.910837
-0.233919 0.956989 -0.171620
-0.320853 0.544897 -0.774688
0.027065 -0.219466 -0.975245
-0.237761 0.433398 0.869273
0.030922 -0.169779 -0.984997
0.202138 -0.176443 -0.963332
0.731574 0.495706 0.468055
0.268030 0.937452 0.222134
-0.398713 0.866434 -0.300533
0.290319 -0.279492 0.915205
0.723300 -0.531031 0.441410
0.526953 -0.775097 -0.348632
0.433051 -0.899970 0.050202
-0.543889 0.838505 -0.033079
0.779093 0.511645 0.362261
-0.114442 0.990152 0.080638
0.734258 0.673201 0.087552
0.910452 0.388440 -0.142098
-0.352938 -0.901448 0.250652
0.765109 0.286209 -0.576795
0.033358 0.990684 -0.132034
-0.595052 0.317038 -0.738512
0.798233 -0.443610 0.407473
0.778209 -0.619518 -0.102900
0.039417 0.701195 0.711879
0.410708 -0.453839 -0.790791
0.440664 0.895672 0.059897
0.381223 -0.808772 0.447835
0.139100 -0.907580 0.396170
0.789594 0.382627 -0.479727
0.853106 -0.146548 -0.500733
0.351591 0.333190 -0.874853
0.115893 -0.938321 0.325765
0.197470 0.447491 -0.872214
0.614380 0.463465 0.638544
-0.198229 -0.902013 -0.383506
0.563947 -0.083013 0.821628
-0.120105 -0.902025 -0.414639
0.510528 0.466742 0.722159
0.325061 -0.859225 -0.395054
-0.155712 0.824774 0.543600
-0.249180 0.128746 -0.959861
-0.553910 0.775668 0.302526
0.334666 -0.373931 -0.864971
0.344066 -0.457284 -0.820067
-0.306451 0.056072 -0.950234
-0.494174 0.859652 -0.129576
0.005954 -0.071570 0.997418
-0.224466 0.972817 -0.056941
-0.138126 -0.911777 0.386761
0.964742 -0.103193 0.242124
-0.615523 0.784930 0.070821
0.197087 0.979162 -0.048977
-0.592347 -0.390494 0.704727
-0.393692 -0.327462 0.858938
0.060827 -0.762444 -0.644189
0.134696 -0.569279 -0.811035
-0.782221 0.572285 -0.246212
0.087837 0.607919 0.789125
-0.133472 -0.990001 -0.045646
0.145483 -0.602589 -0.784679
0.326126 -0.712229 0.621589
0.579379 0.791666 0.193871
-0.383678 -0.459975 0.800759
-0.751210 0.620226 0.225840
0.332442 0.395539 -0.856172
0.737739 -0.590864 0.326528
0.362403 0.295622 -0.883896
0.120216 -0.326304 0.937589
0.882295 -0.444684 -0.154310
0.723104 -0.596297 -0.348641
0.599146 -0.796370 0.082581
0.525233 -0.823885 -0.212941
0.995534 -0.043957 -0.083548
0.970905 -0.216201 0.102958
0.192323 -0.980812 -0.031940
0.393153 0.225684 0.891346
0.597799 -0.752837 -0.275450
0.433455 -0.576843 -0.692364
-0.229871 0.197578 0.952955
-0.168896 0.000503 0.985634
0.032963 -0.243075 -0.969447
0.474495 -0.707016 -0.524388
0.314032 -0.497507 -0.808623
-0.512105 -0.628872 -0.585037
-0.590232 0.774836 -0.226398
0.426948 0.825809 0.368449
-0.160243 0.986998 -0.012537
0.521990 -0.314886 0.792700
0.527183 -0.403050 0.748083
0.566452 -0.630001 0.531253
0.049947 0.991072 0.123622
-0.360157 -0.750399 0.554246
-0.302889 0.715923 -0.629057
0.358573 0.415852 0.835759
0.778759 -0.620823 -0.090075
0.540987 0.820268 -0.185723
0.810054 -0.570782 0.134242
0.178649 0.764571 -0.619286
0.284355 0.416436 -0.863553
-0.181039 -0.820677 0.541953
0.401938 0.651736 0.643185
0.858616 -0.510825 0.042850
-0.009384 0.992108 -0.125031
-0.251128 0.363072 0.897281
0.512990 0.480252 0.711477
-0.421423 0.383351 -0.821854
0.339338 -0.231998 -0.911607
0.220551 -0.963010 -0.154820
-0.544997 0.694124 -0.470288
0.401287 -0.693558 -0.598286
0.312882 -0.496967 -0.809400
0.006271 -0.067013 -0.997732
0.344903 -0.553359 -0.758179
0.846783 -0.049606 0.529620
0.734825 -0.673484 0.080326
0.702331 -0.517226 0.489089
-0.348158 0.936297 -0.046201
-0.554843 -0.589392 0.587168
-0.681091 -0.631400 0.370741
0.006660 -0.819102 -0.573609
-0.056015 0.966484 -0.250540
-0.424591 -0.897584 -0.118597
-0.285176 0.662033 -0.693100
0.215506 0.652746 0.726278
0.691563 -0.702906 0.166324
0.601559 0.791784 -0.105854
0.403902 -0.498119 0.767294
-0.140507 -0.890564 0.432613
-0.871813 0.422349 0.248121
-0.372076 0.900115 -0.226611
0.393287 0.674501 -0.624799
0.727917 -0.681385 -0.076492
-0.124488 0.726145 -0.676178
0.559775 0.418260 -0.715340
0.918947 -0.109302 -0.378931
0.551447 0.425416 0.717584
-0.377436 0.034265 0.925402
0.000083 -0.953551 0.301232
-0.405437 0.652759 -0.639942
0.132799 -0.881943 -0.452263
-0.108312 0.912176 0.395226
0.176830 -0.265125 -0.947861
0.486343 0.781582 0.390640
0.797974 -0.011294 0.602586
0.694757 -0.326617 0.640808
0.249348 0.173237 0.952793
0.943280 0.091045 0.319269
0.048125 0.998707 -0.016360
0.724206 -0.670693 0.160304
0.412577 0.908960 -0.059765
0.947509 0.063866 -0.313284
0.880380 -0.215670 0.422395
-0.174231 0.983623 -0.046141
-0.357522 -0.687074 0.632540
-0.693486 -0.314410 0.648246
0.082908 -0.974348 -0.209219
0.755495 -0.374746 0.537395
-0.475830 -0.691439 0.543597
0.324118 -0.747966 0.579219
-0.809156 0.480516 0.338186
0.570297 0.624538 -0.533585
0.674462 -0.738240 -0.010143
0.863006 -0.368607 -0.345469
0.575138 0.352714 -0.738112
0.945225 -0.292571 -0.144750
0.742453 0.198512 -0.639810
0.266814 -0.749932 0.605320
0.856175 -0.098284 0.507253
-0.520382 0.255938 0.814677
-0.590136 0.366255 0.719442
-0.162781 0.977290 -0.135669
0.613414 0.491462 0.618213
0.042859 -0.417775 -0.907539
-0.207380 0.281392 -0.936916
0.195390 -0.406954 -0.892307
-0.010434 0.996415 0.083952
-0.013796 -0.048418 -0.998732
0.397477 0.058098 0.915771
0.995512 0.069216 0.064544
0.911334 -0.411566 0.009159
0.148761 -0.512847 0.845493
0.067520 0.997717 0.001000
0.877165 0.150881 -0.455868
-0.206793 -0.580932 0.787245
-0.125161 0.971878 -0.199467
-0.267128 -0.623400 0.734857
0.196225 -0.677314 -0.709043
0.609857 0.421606 0.671061
0.787864 0.614527 0.040334
0.000753 -0.682010 -0.731343
0.765712 0.641615 0.044897
-0.198117 -0.979095 0.046063
-0.141885 -0.476254 0.867785
0.576668 -0.729269 -0.368267
0.822459 -0.458347 0.336868
0.401716 -0.403980 -0.821842
-0.233478 0.477530 -0.847026
-0.173789 0.418203 -0.891574
0.878254 0.454242 0.149449
0.870107 0.023110 0.492321
0.847946 0.526699 0.059803
0.918396 0.260477 -0.297825
0.732388 0.094849 0.674249
0.903232 0.029644 -0.428129
0.531025 -0.473735 0.702558
0.853670 0.252559 -0.455480
0.686880 0.083600 0.721947
0.909889 -0.267484 0.317103
0.091644 0.985704 -0.141383
0.655500 -0.610211 0.444929
0.975721 0.218760 -0.010643
0.484076 0.554520 0.676888
-0.083192 0.995689 0.041010
0.673788 -0.417809 0.609463
0.055767 -0.958908 0.278181
-0.301114 -0.188029 0.934867
-0.121636 -0.974694 0.187553
0.424870 -0.726538 -0.540026
0.258612 0.693410 -0.672534
0.928434 -0.238237 0.285050
0.839170 -0.490870 0.234182
-0.377902 -0.925692 0.016870
-0.642898 0.725366 0.246021
-0.027485 0.764057 -0.644563
0.771730 0.148593 -0.618346
0.594136 0.129937 -0.793800
0.569631 0.354245 -0.741641
-0.659641 0.750901 0.031969
0.868315 0.401825 -0.290803
-0.904936 0.336133 0.260970
0.189544 -0.878282 -0.438970
-0.819347 0.255980 0.512976
-0.219757 -0.880611 -0.419799
0.947784 0.145199 0.283941
0.974922 -0.145640 -0.168273
-0.468468 0.152811 -0.870165
0.744391 -0.322350 -0.584785
0.838560 -0.436273 -0.326317
0.516630 -0.086980 -0.851779
0.455077 -0.442056 -0.772975
0.529490 -0.330124 -0.781447
0.093057 0.017140 -0.995513
0.020839 0.992723 0.118601
-0.134632 0.967736 0.212983
-0.082988 0.947493 -0.308820
0.303493 -0.537642 -0.786659
0.775647 -0.287626 0.561822
0.813764 -0.008608 -0.581131
0.923285 -0.307063 0.230774
0.203809 -0.350924 0.913955
0.971645 0.014780 -0.235981
0.800735 -0.419710 0.427395
-0.090027 0.954870 -0.283052
-0.493576 -0.540474 0.681374
0.474758 -0.642772 0.601206
0.496985 -0.730664 -0.468120
0.064201 0.900164 -0.430794
-0.535590 -0.719488 0.442133
-0.424517 0.751416 0.505132
0.887919 0.459939 -0.007525
0.240137 0.601702 -0.761767
-0.136977 -0.875949 -0.462549
-0.118971 -0.413496 -0.902700
0.289416 -0.869239 0.400826
-0.869653 -0.025502 0.493004
0.913360 0.371826 0.165887
-0.892480 0.353043 0.280785
0.841534 -0.106303 -0.529642
0.289628 -0.392511 -0.872955
0.756907 -0.608246 -0.239015
0.961516 0.142950 0.234633
0.786488 -0.617554 0.008030
0.060640 -0.482211 -0.873954
0.213593 0.196190 -0.957020
-0.312478 0.922843 0.225208
0.377657 -0.329534 -0.865322
0.914487 -0.272179 0.299385
0.265536 0.825222 0.498497
0.025077 0.998250 0.053549
0.412569 -0.805165 0.426024
-0.269094 0.953184 0.137941
0.993204 -0.116082 0.008451
0.864388 -0.488431 -0.119449
-0.346233 -0.668184 -0.658523
-0.329403 0.629486 0.703734
-0.862521 0.362302 0.353264
0.144484 -0.231987 0.961929
-0.922585 -0.108758 0.370147
-0.852934 0.269785 0.446900
0.010613 -0.118937 0.992845
0.862955 -0.494072 -0.105839
0.610501 -0.784791 -0.106728
-0.509251 0.860077 0.030508
0.031758 0.850721 -0.524658
-0.367057 0.891008 0.267158
0.862080 -0.099154 0.496977
0.853861 -0.520028 -0.022190
0.897725 -0.421941 -0.126712
0.090269 0.030306 -0.995456
0.424719 0.859021 0.285826
0.191680 0.981453 -0.003061
0.658757 -0.176924 0.731258
-0.119872 0.956007 -0.267733
0.538383 0.188724 -0.821296
0.500576 0.829171 -0.248797
0.825181 -0.550961 0.124573
0.837278 -0.074875 0.541626
-0.056091 -0.873019 0.484450
0.902860 -0.188367 0.386473
0.699019 -0.369144 0.612459
0.235469 0.416772 -0.877984
-0.209193 0.777045 -0.593666
-0.214124 -0.918379 -0.332763
0.095870 -0.982099 0.162143
0.160742 -0.959617 0.230860
-0.729653 -0.063856 0.680829
0.309901 -0.452056 0.836425
-0.123070 0.982017 0.143169
0.903648 0.027719 0.427377
0.816488 0.206405 0.539208
0.570122 0.153176 0.807154
0.406036 -0.290901 -0.866320
0.548563 0.362177 0.753596
0.381578 -0.459523 -0.802021
0.413897 -0.394705 -0.820303
0.081900 0.528576 -0.844926
0.222839 -0.218781 -0.949988
0.580990 0.106761 0.806878
0.747011 0.507501 0.429438
-0.344048 -0.597953 0.723936
-0.400241 -0.533896 0.744824
0.785903 -0.569977 0.239758
0.014479 -0.032926 0.999353
0.629684 0.321355 -0.707269
-0.590325 0.320192 0.740941
-0.571438 0.707234 0.416269
0.509318 -0.534384 0.674558
0.341858 -0.416680 0.842325
0.810143 -0.100846 0.577493
-0.616697 0.463478 0.636296
0.109219 0.981000 0.160343
0.021638 0.899421 0.436547
-0.011556 -0.310905 -0.950371
0.106091 0.948341 -0.298989
0.214831 -0.363388 -0.906530
0.993656 0.069123 0.088708
0.504139 0.099494 -0.857872
-0.276397 0.937140 -0.213010
0.905486 -0.099275 -0.412601
0.532125 0.190841 0.824877
-0.058307 -0.412589 0.909050
0.403879 0.905300 0.131578
0.835792 -0.537960 0.109777
0.691335 -0.147332 0.707353
0.639142 -0.725256 -0.255933
-0.888283 0.424366 -0.175688
0.762547 0.348739 -0.544888
0.603493 -0.136407 0.785614
-0.277981 -0.436950 -0.855454
0.439589 -0.698752 -0.564364
-0.020096 -0.565291 -0.824647
0.445457 -0.422265 0.789469
0.558055 0.763019 -0.326155
0.551318 -0.266361 0.790633
0.036614 -0.432861 -0.900717
0.028425 -0.335329 -0.941672
0.486984 -0.569444 -0.662254
-0.106996 -0.269063 -0.957161
0.350417 0.856060 0.379961
-0.035617 0.992301 -0.118619
-0.200069 0.977779 0.062612
-0.303718 0.904321 0.299930
0.872273 -0.061745 -0.485105
-0.038464 0.994538 -0.097030
0.887588 0.317002 0.334211
0.968934 -0.088119 -0.231090
0.575387 -0.382147 -0.723114
0.085613 0.983324 -0.160450
0.706581 -0.073435 -0.703811
0.623110 0.421251 -0.659000
0.714654 0.498049 0.491138
0.488412 -0.194330 0.850699
0.656052 -0.299564 0.692717
0.832164 0.359620 0.422109
0.307421 -0.611244 0.729296
0.698895 -0.411475 0.585008
0.818548 -0.112414 -0.563332
0.728238 0.234660 -0.643897
0.850939 -0.518934 0.081309
-0.684536 0.710565 -0.162812
0.862760 -0.279772 0.421158
0.519900 -0.852986 0.046032
-0.050013 -0.596589 -0.800987
0.107680 -0.325591 -0.939359
-0.175408 -0.307807 -0.935140
0.942265 -0.066621 0.328175
0.746362 0.231631 0.623931
0.793301 -0.214732 -0.569705
-0.270461 0.962441 0.023627
0.527933 0.770869 -0.356437
0.834608 0.101446 -0.541423
0.715053 -0.213164 -0.665778
0.874460 -0.349998 0.335888
0.870814 0.028155 0.490806
0.974232 -0.096044 -0.204076
0.197467 0.975753 0.094413
0.447287 0.828695 0.336450
0.934770 -0.354405 0.024540
0.988549 0.017337 -0.149900
0.881113 -0.203653 -0.426807
0.100663 0.948054 -0.301762
0.543242 -0.555498 0.629532
0.901275 -0.199730 0.384463
0.909236 -0.077649 0.408976
0.934100 -0.117256 0.337206
0.963300 -0.222425 0.150267
0.953031 -0.171053 0.249947
-0.526301 0.850124 0.017238
-0.353117 0.935557 0.006430
0.519549 -0.407930 0.750774
0.774604 -0.616694 0.140273
0.399386 0.863290 0.308580
-0.055627 -0.222122 -0.973431
0.547901 -0.495946 -0.673678
0.944557 -0.156145 -0.288845
0.955271 -0.274572 -0.109855
0.611677 -0.307420 -0.728934
0.928653 -0.116070 0.352323
0.883505 0.180445 0.432271
0.920955 -0.283800 -0.267020
0.842692 -0.533865 -0.069699
0.501107 -0.479433 0.720441
0.889434 -0.456137 0.029101
0.940804 -0.257529 -0.220377
0.654388 -0.408318 -0.636437
0.670914 -0.696666 -0.254030
0.917322 -0.365789 0.157225
0.982120 -0.005287 -0.188182
0.962170 -0.269215 0.041874
0.992678 0.108711 -0.052652
0.480251 -0.419942 -0.770070
0.480745 -0.341591 -0.807589
-0.201582 0.960147 0.193604
0.169854 0.985453 -0.005710
-0.156489 0.860022 0.485668
0.727035 0.577965 0.370643
0.971540 -0.164842 0.170108
-0.036779 0.986505 0.159549
0.780317 -0.316576 0.539338
0.535734 -0.434343 0.724110
0.913412 -0.348552 0.210216
0.244089 0.967903 -0.059861
-0.027440 0.977849 0.207506
0.952058 -0.163104 0.258810
0.235070 0.952573 -0.193255
0.912698 -0.390915 -0.119027
0.828416 -0.105233 0.550139
0.043600 0.605725 -0.794479
0.910977 -0.150462 -0.384035
0.827836 -0.483682 0.284147
0.364369 0.537193 0.760696
0.658967 0.298838 0.690260
0.730132 -0.053298 -0.681224
0.798410 -0.270452 -0.537956
0.243197 0.957696 0.153864
0.793603 -0.498062 -0.349469
0.791428 0.464955 -0.396811
0.969036 0.138098 0.204691
0.923941 -0.381480 -0.028389
0.942378 -0.327998 -0.065884
0.440027 0.891527 0.107495
0.992287 0.068774 0.103133
0.901029 -0.339504 0.269969
0.914400 -0.381253 -0.136085
0.935173 -0.106901 0.337673
0.748752 -0.376942 -0.545238
0.831883 -0.153989 -0.533159
0.682036 0.707763 -0.184114
0.831594 0.549433 0.081084
0.777407 0.617725 0.118554
0.976551 -0.128336 0.172851
0.993149 -0.115224 0.019465
0.725739 0.687927 0.007733
0.997408 0.062410 -0.035796
0.997485 0.054248 -0.045610
0.868014 0.061921 -0.492664
0.883243 0.459710 -0.092452
0.982478 0.164192 0.088188
0.624467 0.468390 -0.625022
0.997654 -0.028304 -0.062339
0.707753 0.417387 -0.569978
0.671102 0.669014 0.319440
0.983911 0.052750 -0.170693
0.997418 -0.068406 0.021860
-0.538452 -0.053100 -0.840982
0.538175 0.188703 0.821437
0.795991 0.098195 0.597290
0.127801 0.984744 0.118093
-0.225816 -0.972403 -0.058653
0.200567 -0.760980 -0.616995
0.513739 0.837840 -0.184655
0.857847 -0.101351 -0.503812
0.374642 -0.146558 -0.915513
0.348268 -0.345087 -0.871565
-0.045585 0.998644 -0.025138
-0.039578 0.427717 -0.903046
0.636653 -0.681726 0.360448
0.790680 0.383217 0.477462
0.130953 -0.874640 0.466752
0.536763 0.828588 0.159146
-0.418986 -0.864004 0.279194
-0.783995 -0.600844 -0.156008
0.756339 -0.643923 0.115386
-0.761372 -0.147306 -0.631359
0.196373 -0.860800 -0.469534
0.643496 -0.711348 0.282661
0.794044 0.168835 0.583942
0.393700 -0.836849 -0.380372
-0.375589 0.182686 0.908603
0.496668 -0.244476 0.832798
0.678367 -0.582495 0.447791
0.224637 -0.502857 0.834669
0.126722 -0.691918 0.710768
-0.729937 -0.599495 0.328326
-0.386456 0.135388 -0.912316
0.816310 -0.560345 0.140183
-0.162895 0.985310 0.051278
-0.062801 -0.939063 0.337961
0.707156 -0.275133 -0.651331
-0.480575 -0.735970 0.476860
-0.509139 0.705894 -0.492434
-0.825704 -0.287981 -0.485057
-0.478824 0.699593 -0.530374
-0.954502 0.139524 -0.263550
-0.171890 -0.884608 -0.433499
0.303775 -0.928141 0.215117
-0.752807 0.034526 0.657335
0.230590 0.723276 0.650922
0.325634 0.782266 -0.531058
0.079273 0.980828 0.178022
0.570626 0.723081 0.389281
0.046474 0.848171 -0.527679
-0.593573 0.671809 -0.443107
-0.321914 -0.419224 -0.848895
0.621258 0.664597 0.415149
0.509741 -0.378185 0.772748
0.244584 -0.180644 -0.952652
0.069491 0.876885 -0.475651
-0.771831 0.464214 -0.434491
-0.462988 -0.857677 -0.223678
0.129779 0.989037 0.070449
0.694238 0.236895 0.679643
-0.219414 0.839934 -0.496355
-0.033478 0.924928 -0.378666
0.193269 0.802846 -0.563991
-0.122001 -0.282623 0.951441
-0.087001 0.991396 0.097803
0.120508 -0.951630 0.282628
-0.515258 0.834391 -0.195706
-0.017267 0.952052 0.305450
-0.487838 0.737673 0.466747
-0.667378 0.425300 0.611332
0.004388 0.993994 -0.109344
0.878781 -0.147585 0.453830
-0.246877 0.173150 -0.953452
0.893789 -0.400688 0.201469
0.533635 -0.845337 0.025288
0.176480 0.138629 -0.974493
-0.664587 -0.442365 -0.602194
0.583988 0.596207 0.550904
-0.425410 0.536354 -0.728938
0.294785 0.952032 -0.082073
0.061035 -0.826157 0.560124
-0.915686 0.259799 0.306633
0.935495 0.330310 -0.125473
-0.545204 0.838207 0.012757
-0.014112 -0.735649 -0.677216
0.641037 0.737706 0.211804
0.353613 -0.218569 0.909498
0.420410 0.797948 0.431896
0.371786 0.483632 0.792386
-0.118662 0.485830 0.865961
-0.906334 0.187159 0.378854
-0.456807 0.527381 -0.716377
-0.593817 0.365596 -0.716744
0.779591 -0.624657 0.045186
0.797005 -0.162844 -0.581606
0.247697 0.481628 0.840643
-0.388601 0.862310 0.324672
-0.150747 0.796542 -0.585487
0.169644 -0.568355 -0.805105
-0.453388 -0.854875 0.252245
-0.207349 0.969579 0.130091
-0.116189 -0.097356 -0.988444
-0.302124 -0.944113 0.131805
0.284972 0.754546 0.591144
0.835917 0.540291 0.096579
0.957807 -0.146086 0.247518
0.084267 0.995037 0.052921
0.861264 0.264828 0.433695
0.119028 -0.960436 0.251783
0.907047 -0.008943 0.420935
0.401496 -0.272226 0.874468
0.629968 -0.776214 0.025128
-0.101566 0.085204 0.991173
0.224044 0.428403 0.875371
0.714077 0.692388 0.103410
0.030535 -0.783537 -0.620594
-0.048563 0.980118 -0.192380
-0.545489 0.261415 -0.796306
0.931496 -0.327618 -0.158055
-0.093049 -0.894970 0.436315
-0.000820 0.640667 0.767819
0.573902 -0.301322 0.761473
0.557672 0.363123 0.746420
0.877575 0.455617 0.149251
0.660002 -0.283436 -0.695745
0.722691 0.330029 0.607287
-0.344092 0.868438 0.356953
-0.654637 -0.600763 -0.458840
0.619076 -0.575972 0.533855
0.613846 0.247297 0.749691
0.736437 0.676353 -0.014412
0.779908 -0.437413 -0.447676
0.357079 -0.262797 -0.896344
-0.686823 -0.373273 -0.623652
0.210714 0.075783 0.974606
0.915233 -0.307684 -0.260151
-0.933003 0.351329 0.077933
0.386000 0.848158 0.362811
0.946931 -0.010949 0.321250
-0.261509 -0.849442 0.458326
-0.632797 -0.026579 -0.773861
0.508801 0.603589 -0.613842
0.633569 -0.188410 0.750394
-0.114217 -0.814844 -0.568317
-0.708052 -0.668768 -0.226740
0.871469 0.262126 0.414525
0.577048 -0.309241 -0.755901
-0.423017 0.314476 -0.849801
-0.206765 -0.450019 -0.868752
-0.175414 -0.563509 -0.807272
-0.460932 -0.473120 0.750799
0.318127 0.009050 -0.948005
0.591302 -0.802335 0.081366
0.108141 -0.975736 -0.190380
-0.417372 -0.908655 -0.012113
-0.079241 0.661628 -0.745633
0.919130 -0.308686 0.244771
-0.061110 0.863395 -0.500815
-0.317680 -0.754815 -0.573876
-0.758505 0.209681 -0.617012
0.173467 -0.943773 -0.281429
-0.600327 0.557169 -0.573734
0.694504 -0.352104 0.627445
0.814079 0.046690 0.578875
-0.956907 -0.018581 0.289798
-0.096565 0.981370 0.166098
-0.131922 0.989583 0.057629
0.220292 0.335466 -0.915933
0.882657 -0.317425 -0.346638
-0.273832 -0.029943 -0.961311
-0.079621 0.309809 -0.947459
-0.006359 0.998829 -0.047962
-0.069020 -0.997375 -0.021909
-0.222763 0.400968 -0.888595
-0.994106 0.103049 -0.033681
-0.791121 0.057763 -0.608926
0.237040 -0.486666 0.840814
-0.191296 0.522073 0.831171
-0.213220 0.031151 0.976507
0.919325 0.097677 -0.381184
-0.219985 0.974311 -0.048205
0.862221 0.500011 -0.081014
0.471276 0.340825 0.813472
0.602025 -0.045315 0.797190
0.957832 -0.091877 -0.272244
-0.159499 -0.012974 0.987113
-0.147204 0.988475 -0.035341
0.043206 -0.843899 0.534760
-0.790033 0.129341 -0.599264
-0.793774 0.465697 -0.391215
-0.677660 -0.581325 0.450377
0.949560 0.266803 0.164781
-0.923232 0.284546 -0.258216
0.241400 0.967317 0.077616
0.696388 -0.577354 0.426270
-0.922759 0.114794 -0.367884
0.050449 -0.977764 -0.203552
-0.032796 0.933493 0.357094
-0.137409 0.950089 -0.280089
-0.018832 -0.029038 0.999401
-0.805734 -0.592274 -0.001992
-0.872648 0.279154 -0.400697
-0.640819 -0.701364 0.312154
0.233534 0.366364 -0.900688
-0.714874 0.015430 -0.699083
0.706089 -0.144207 -0.693284
0.603555 0.253740 0.755869
0.046240 0.011396 0.998865
0.800113 -0.060114 -0.596829
0.523865 0.328674 0.785836
0.436057 0.711167 0.551449
0.584000 0.151792 0.797435
-0.904842 -0.418406 -0.078718
-0.455056 -0.366506 -0.811540
0.268346 0.955803 0.120130
0.208549 -0.974050 -0.087945
-0.064187 -0.991034 0.117183
0.547193 -0.771213 -0.325286
-0.247907 0.500464 -0.829505
-0.169431 0.902578 0.395786
-0.941248 0.301139 -0.152863
-0.912600 0.331403 0.239444
0.789927 0.524680 0.317375
0.989768 -0.074207 -0.121870
-0.485810 -0.201950 -0.850415
-0.088283 -0.012280 -0.996020
0.812613 0.053047 0.580384
-0.339058 0.823350 0.455120
0.017995 0.087608 0.995992
0.774750 0.527010 0.349317
0.006267 -0.047613 0.998846
-0.147077 0.958541 0.244064
-0.035563 0.995634 0.086302
-0.044854 -0.202195 -0.978318
-0.696877 0.596212 -0.398615
-0.227822 -0.956587 0.181767
0.989128 0.092455 -0.114360
-0.941665 -0.056668 0.331747
-0.694465 -0.684644 0.221314
-0.516316 -0.008230 -0.856359
-0.514316 -0.302225 -0.802583
0.200979 -0.021411 0.979361
-0.211013 -0.865713 -0.453889
-0.880953 -0.306967 0.360129
0.767791 -0.033993 0.639797
-0.659565 -0.302984 -0.687877
-0.041883 0.954015 -0.296819
0.063826 -0.345572 -0.936219
-0.518728 0.840742 -0.155160
-0.400837 0.784526 0.473125
-0.205951 -0.939379 0.274139
-0.889357 -0.446336 0.099133
-0.628301 -0.628197 -0.458918
0.753734 0.448021 0.480794
-0.401911 -0.317677 0.858807
0.545421 -0.573082 0.611631
-0.467504 -0.587861 -0.660196
-0.557599 -0.816331 0.150622
0.505857 0.198992 0.839351
0.596374 -0.363314 -0.715780
-0.185597 0.016940 0.982480
-0.700393 -0.711272 -0.059523
-0.982524 0.113334 0.147655
0.095908 0.607099 -0.788817
-0.121045 0.991921 -0.037946
-0.464959 -0.407771 -0.785835
-0.656895 0.610266 0.442791
0.468690 -0.216039 -0.856538
0.902365 -0.352111 -0.248507
-0.413383 0.878553 -0.239289
0.035764 0.930736 0.363938
0.383314 -0.171259 0.907602
0.495257 -0.760766 -0.419470
-0.827977 -0.041089 0.559255
-0.504642 -0.326032 -0.799400
-0.214897 0.204869 -0.954907
-0.580003 0.577918 -0.574114
0.519911 0.762605 -0.384871
-0.047526 -0.911487 0.408574
0.261626 -0.878821 0.399030
0.649647 0.514649 -0.559549
0.885110 -0.009599 0.465283
0.344684 -0.627984 0.697731
-0.780536 -0.285970 0.555864
-0.168001 0.852210 -0.495494
-0.802279 -0.339026 0.491335
-0.430906 0.807471 0.402878
0.681919 -0.393303 -0.616685
-0.179237 0.033305 0.983242
-0.559630 -0.828655 -0.012031
-0.164198 0.885158 0.435355
0.975392 0.057426 -0.212867
-0.252070 0.964380 -0.080202
-0.753244 -0.300385 0.585143
-0.977410 0.106828 -0.182367
0.706601 -0.707600 -0.004052
0.065462 -0.398046 0.915027
0.738275 -0.535787 -0.409734
-0.758029 -0.487471 -0.433318
0.752238 0.649460 0.111088
-0.337721 -0.852093 0.399852
0.009324 0.967945 0.250988
-0.049426 -0.997808 -0.044011
-0.035582 0.999255 0.014931
-0.745169 -0.651089 -0.144240
-0.205094 0.073370 -0.975988
-0.006838 0.997208 -0.074359
-0.154700 0.950457 -0.269629
-0.776675 -0.282671 -0.562914
0.448844 -0.845871 -0.288169
-0.987974 0.063427 0.141012
-0.918627 -0.385930 -0.084749
-0.908661 -0.175273 0.378965
-0.638489 -0.692170 -0.336502
-0.934228 0.144408 0.326135
-0.947426 0.319796 0.010657
-0.643791 -0.719580 -0.260266
-0.983133 0.159138 -0.090134
-0.969918 -0.219347 -0.105572
-0.863019 -0.435643 0.255762
-0.911460 -0.095759 0.400089
-0.522864 0.758629 0.388710
-0.566979 -0.822068 -0.052338
-0.912415 0.319544 0.255716
-0.385621 -0.778319 -0.495496
-0.727349 0.685471 -0.033060
-0.604493 -0.793152 0.074147
-0.913922 0.393615 -0.099061
-0.935360 -0.303735 -0.181236
-0.644015 -0.754495 -0.126419
-0.922486 -0.181115 -0.340905
-0.930475 -0.348516 0.112926
-0.470599 -0.838189 -0.275637
-0.957482 -0.160701 0.239590
-0.764866 0.478488 0.431310
-0.991138 0.090190 -0.097526
-0.780413 -0.168088 0.602248
-0.726127 0.603895 0.328710
-0.473106 -0.841182 -0.261884
-0.669521 -0.631725 -0.390723
-0.934908 -0.198302 0.294318
-0.661776 -0.614205 0.429889
-0.774904 -0.628569 0.066519
-0.974913 0.094463 0.201549
-0.928869 0.250590 0.272776
-0.973052 0.150093 0.175045
-0.821944 -0.036610 0.568391
-0.376265 -0.895402 -0.238075
-0.159077 0.966905 0.199473
-0.514225 -0.479126 -0.711344
-0.844084 -0.049576 0.533915
-0.818602 0.203779 0.536996
-0.050518 -0.992261 -0.113431
-0.967110 0.133441 0.216546
-0.787172 0.426419 0.445565
-0.775110 0.466393 0.426243
-0.341474 -0.830475 0.440121
-0.931447 0.363833 -0.005663
-0.842454 -0.231981 -0.486267
-0.623003 -0.781632 0.030297
-0.673557 -0.224804 -0.704119
-0.111170 0.877349 0.466797
-0.523972 -0.681595 -0.510765
-0.443644 -0.881269 0.162926
-0.914307 0.250364 -0.318371
-0.036163 -0.807743 -0.588424
-0.828036 0.378278 -0.413838
-0.809460 -0.178270 -0.559459
-0.644974 0.147233 -0.749887
-0.753248 0.356765 0.552572
-0.595960 -0.358314 0.718639
-0.736975 0.670819 -0.082889
-0.558772 0.387181 -0.733393
-0.511238 -0.849234 -0.132050
-0.905693 -0.263181 0.332350
-0.480528 -0.692742 0.537774
-0.920735 0.389506 -0.023093
-0.941727 -0.219306 0.255058
-0.959739 0.280883 0.002520
-0.372446 0.363436 -0.853931
-0.428121 -0.246043 -0.869584
-0.855738 -0.257220 0.448943
-0.818160 0.073814 0.570233
-0.574993 0.705009 0.415145
-0.700778 0.458575 0.546461
-0.459613 -0.497887 -0.735435
-0.082398 -0.996275 -0.025415
-0.337288 -0.934420 -0.114436
0.094510 0.868620 0.486381
-0.888934 0.445983 0.104379
-0.691989 -0.156431 0.704756
-0.292445 -0.907295 -0.302145
-0.695139 0.507237 0.509404
-0.632920 -0.726935 0.266416
-0.800089 0.468199 0.375029
-0.403617 -0.902977 0.147396
-0.621049 0.427549 -0.656886
-0.773349 0.055658 0.631532
-0.018345 0.867462 0.497164
-0.861605 0.460422 -0.213655
-0.354393 -0.911175 -0.210154
-0.902603 0.387096 -0.188320
-0.301539 0.171476 -0.937907
-0.033804 -0.285233 -0.957862
0.052967 -0.058154 -0.996902
-0.684268 -0.187890 0.704610
-0.915300 0.073990 0.395920
-0.562241 -0.448946 0.694501
-0.667745 -0.738039 0.097026
-0.732659 0.365353 0.574220
-0.695985 0.027667 0.717523
-0.532862 -0.798236 0.280849
-0.575082 -0.775101 0.261722
-0.401962 -0.128137 -0.906646
-0.434606 -0.874329 -0.216027
-0.206133 0.976589 0.061500
-0.635755 0.223564 0.738806
-0.320821 -0.597618 0.734797
-0.832845 0.552853 0.026866
0.854775 0.094410 -0.510339
-0.830971 0.459390 -0.313763
0.575635 -0.495527 -0.650459
-0.084073 0.821980 -0.563277
0.162905 -0.562877 -0.810328
0.413325 -0.668845 -0.617907
-0.784189 0.513381 -0.348552
-0.470195 0.416391 -0.778162
0.061498 -0.500279 -0.863678
-0.911863 -0.024362 0.409772
-0.792536 -0.529401 0.302690
-0.374554 0.896450 0.236825
-0.863786 0.227205 0.449724
-0.513036 0.217180 0.830437
-0.687155 0.481233 0.544273
-0.685499 0.707943 -0.170023
-0.455080 -0.888399 0.060418
-0.186085 0.586181 -0.788520
0.158572 -0.331849 -0.929909
-0.770368 0.600728 0.213680
-0.488963 -0.412845 0.768423
-0.834896 0.545677 0.072005
-0.755414 0.638846 -0.145693
-0.876680 0.472695 -0.089390
0.252677 -0.792919 -0.554466
-0.811286 0.534619 -0.236639
0.308529 0.476002 -0.823549
-0.709509 0.444009 -0.547223
0.139600 0.302369 -0.942913
0.418294 0.339652 -0.842417
0.337385 0.658798 -0.672426
0.573221 -0.429855 -0.697598
0.505432 -0.319826 -0.801405
0.327490 0.124364 -0.936634
-0.863303 0.377426 0.335048
-0.918092 0.346961 0.191639
-0.860985 0.379149 0.339043
-0.721161 0.307481 0.620791
-0.723737 -0.676906 0.134171
0.113741 0.020656 0.993296
-0.715781 0.622346 0.316770
0.469107 -0.689949 0.551279
-0.460051 0.576272 0.675472
-0.464875 -0.441116 0.767664
-0.882536 -0.376767 -0.281382
-0.283519 -0.657206 0.698353
-0.431949 0.548901 0.715631
-0.742921 0.661411 0.102979
-0.561467 0.783408 0.266510
-0.611073 0.546139 -0.572994
0.309293 -0.169773 -0.935690
-0.743680 -0.052967 0.666435
-0.761167 -0.044565 0.647023
-0.822325 -0.332097 0.462054
-0.953263 -0.146728 0.264122
-0.931396 -0.360962 -0.046988
-0.770803 -0.426556 -0.473195
-0.387702 -0.625676 0.676917
-0.402560 -0.501345 0.765897
-0.380018 0.919418 -0.101275
-0.693003 -0.646441 0.319158
-0.935762 -0.352615 0.003440
-0.529254 0.845219 -0.074131
0.402954 0.341042 -0.849305
-0.409045 -0.901352 -0.142288
-0.244231 -0.160644 0.956318
-0.448869 0.866570 0.218113
-0.193352 0.969403 0.151236
-0.413601 -0.846359 -0.335574
-0.529469 -0.838059 -0.131603
-0.934888 0.086453 -0.344252
-0.300945 -0.393708 -0.868577
0.767712 0.193714 -0.610814
-0.436678 -0.544107 -0.716422
0.772398 0.513058 -0.374397
0.801851 0.540887 -0.253920
-0.773271 -0.046662 0.632357
-0.853308 0.377286 0.359889
-0.925101 0.109429 0.363612
-0.581639 0.804713 0.118881
-0.765096 0.580055 0.279578
-0.404963 -0.906511 0.119347
-0.619258 0.716358 0.321484
-0.125876 0.555963 -0.821621
-0.250419 -0.968101 0.008438
-0.413255 0.325078 0.850614
-0.636928 -0.637022 0.434194
-0.747732 -0.660100 -0.071870
-0.596936 0.768010 0.232010
-0.638031 -0.763424 -0.100505
-0.413293 0.909989 0.033293
-0.415893 -0.900206 -0.129080
0.115159 0.164382 -0.979651
-0.416505 -0.893369 -0.168570
0.736091 0.564680 -0.373237
0.837493 0.081452 -0.540343
-0.136804 0.259036 0.956130
-0.584449 0.389668 0.711743
-0.599540 0.334439 0.727119
-0.752741 -0.532755 0.386721
-0.745942 0.610486 0.266228
-0.385206 0.537914 0.749844
-0.803515 -0.577096 0.146028
-0.142688 0.989290 0.030754
-0.003170 -0.217075 0.976150
0.366642 0.884798 -0.287589
-0.441035 -0.896331 0.045589
-0.261580 -0.964523 0.035657
-0.650598 -0.189489 0.735402
-0.618639 0.743158 0.254955
-0.200883 0.930596 -0.306000
0.190233 0.607915 -0.770876
-0.110771 -0.993765 -0.012719
0.120378 0.353446 -0.927677
0.001108 -0.731392 -0.681956
0.274744 -0.795088 0.540695
-0.037745 0.871130 0.489600
-0.377816 0.791542 -0.480330
-0.471332 -0.050556 -0.880506
0.645005 0.602120 -0.470553
-0.471931 -0.640295 -0.606056
-0.626630 -0.645164 0.437148
-0.057722 0.933207 0.354672
-0.404681 -0.753290 0.518447
-0.100081 0.771592 -0.628195
0.002602 0.904136 -0.427236
-0.111970 -0.993691 0.006402
-0.545614 -0.486817 0.682140
-0.444178 0.778983 0.442596
-0.786024 0.471957 0.399278
0.023473 0.451230 -0.892099
0.023167 0.720432 0.693139
-0.386031 0.830680 0.401187
-0.155898 0.277568 0.947973
-0.483945 -0.788190 0.380202
-0.546729 -0.829113 -0.116875
0.343315 0.480735 -0.806863
-0.608712 -0.735772 -0.296833
-0.617180 -0.771675 -0.153648
-0.945516 -0.244511 -0.214976
-0.800253 -0.331149 0.499935
0.224572 0.433129 0.872907
-0.544628 -0.809133 0.220647
-0.642506 -0.634377 -0.429828
-0.514514 -0.856722 0.036100
0.040493 0.996045 0.079085
-0.282054 0.898819 -0.335514
0.068000 -0.780248 0.621763
-0.735828 -0.409539 0.539291
0.377597 0.011951 0.925893
-0.853236 -0.507748 -0.119076
-0.181674 -0.975370 0.125089
-0.843598 0.100947 0.527401
-0.743572 0.617268 0.257062
-0.860589 0.444007 0.249487
-0.090019 -0.789143 0.607577
0.743405 -0.514499 -0.427364
0.079681 0.891878 0.445202
-0.145217 -0.314098 0.938219
-0.199448 -0.522819 0.828783
0.440991 0.815320 0.375208
-0.479381 -0.871308 -0.104957
0.093515 0.831557 -0.547511
-0.101258 0.938265 -0.330764
-0.586057 0.491350 -0.644292
-0.826761 -0.559711 0.056480
-0.672280 -0.709977 -0.209696
-0.702490 -0.591496 -0.395778
-0.945417 -0.319398 0.064582
0.244258 0.694182 -0.677089
-0.869177 0.267238 -0.416072
-0.637452 -0.449920 -0.625481
-0.874559 0.226161 0.428949
-0.847400 -0.021720 0.530511
-0.848389 -0.284527 0.446409
-0.732059 -0.509936 0.451724
-0.457149 -0.790283 0.408004
-0.407898 -0.858693 0.310267
0.155889 0.537760 0.828560
-0.249094 -0.957423 0.145919
-0.575932 -0.463887 -0.673135
-0.435232 -0.813060 -0.386662
-0.228562 -0.563040 0.794194
-0.464064 -0.599332 0.652262
-0.738251 0.652888 -0.169475
0.517761 -0.811282 0.271560
-0.395693 0.904352 -0.159920
-0.590660 -0.785715 0.183772
-0.090685 0.022241 -0.995631
-0.689264 0.593598 -0.415399
-0.643134 0.487034 -0.590911
-0.609336 -0.678282 -0.410661
-0.507178 0.047761 -0.860517
-0.615119 -0.393837 -0.683024
-0.650737 0.063253 -0.756664
-0.099796 -0.449019 -0.887932
-0.902212 0.262877 0.341921
0.073449 -0.852086 0.518222
-0.832908 0.346634 0.431404
-0.867503 0.069579 0.492541
-0.924185 0.318634 0.210605
0.315584 -0.727931 0.608706
0.252541 -0.709105 0.658326
-0.095899 -0.995378 -0.005153
-0.144597 -0.989481 0.004450
0.127728 -0.755120 -0.643023
0.224994 0.337630 0.913993
-0.689284 0.702979 0.175236
-0.311171 -0.585340 0.748698
-0.313190 -0.939529 0.138556
-0.159973 0.517810 -0.840406
0.409782 0.639502 -0.650473
-0.233092 -0.838244 -0.492965
-0.609034 -0.780851 0.139100
-0.711779 -0.690734 -0.127503
0.076051 0.606297 -0.791594
0.192143 0.461086 -0.866303
-0.520558 0.105774 0.847249
-0.528651 -0.219336 0.820012
-0.760943 0.087735 0.642860
-0.629453 -0.026726 0.776579
-0.675716 -0.538276 0.503653
-0.973673 -0.124061 0.191233
-0.428837 -0.824540 0.369097
-0.975355 0.204806 -0.082077
0.075105 -0.993114 -0.089914
-0.979681 0.117170 -0.162779
0.485470 0.721858 0.493193
0.028209 0.861371 0.507192
-0.516905 -0.648880 -0.558358
-0.293607 -0.955900 -0.007036
-0.002767 0.990813 0.135214
-0.855864 0.484658 0.180563
-0.347392 -0.868544 0.353483
-0.113361 -0.986932 0.114518
-0.852517 0.497445 0.160512
-0.701046 0.323439 -0.635549
0.524871 0.084300 -0.846997
-0.176029 0.657463 0.732637
-0.437571 -0.715612 0.544455
-0.547377 0.790376 -0.275107
0.398727 0.874185 0.277160
-0.313873 -0.943417 0.106994
0.584593 0.769218 0.257983
0.389329 0.920790 0.023834
-0.608067 0.792055 -0.053892
0.575055 0.623903 -0.529204
-0.342066 -0.903433 -0.258456
0.059964 0.661913 -0.747178
0.522053 0.554692 -0.647903
-0.542040 -0.815864 0.201393
-0.657754 -0.751991 -0.043237
0.492014 0.068845 -0.867861
-0.456995 -0.885493 0.084007
-0.238498 -0.560238 -0.793254
-0.509029 -0.335221 -0.792790
-0.294852 0.201825 -0.933986
-0.663111 0.241949 0.708339
0.101640 -0.232790 0.967201
0.113143 -0.604266 0.788708
-0.780853 0.480193 0.399605
-0.325875 0.882861 -0.338173
-0.888582 0.177579 -0.422950
0.823540 -0.329868 0.461486
0.633066 0.690072 0.350753
-0.695838 0.178188 0.695743
0.106069 -0.913547 0.392660
-0.657315 0.608514 -0.444576
0.429309 -0.729866 0.531968
-0.086846 -0.995855 -0.027021
-0.862999 0.505183 0.004786
-0.810674 0.562611 0.162100
-0.924310 0.380700 -0.026797
-0.756725 0.651414 -0.055019
-0.512437 0.851120 0.114034
-0.939918 0.019893 -0.340819
-0.873305 0.465433 -0.143912
0.303482 0.763902 -0.569520
0.038479 -0.968521 0.245942
0.014598 -0.976340 -0.215747
-0.403047 -0.710718 0.576570
-0.196044 -0.978805 -0.059221
-0.905140 0.010627 0.424980
-0.508176 -0.846473 -0.158872
-0.694818 0.576085 -0.430528
-0.272565 0.248746 -0.929427
0.274730 -0.118528 0.954188
-0.767803 0.053358 0.638460
-0.529290 0.525416 -0.666176
0.252624 -0.754317 -0.605960
-0.488765 0.846335 -0.211720
0.022937 -0.125229 0.991863
0.622559 -0.637658 0.453667
-0.747604 0.580918 0.321906
0.640943 -0.601197 0.477236
0.135256 -0.859854 0.492297
-0.785831 0.588892 0.188880
0.547282 -0.700217 0.458452
-0.143601 -0.989188 -0.029754
0.198929 -0.873913 0.443513
-0.212331 -0.976607 0.033982
0.049943 -0.874148 -0.483084
0.387111 -0.296794 -0.872959
-0.979040 0.197343 0.050362
-0.160406 -0.277686 0.947186
-0.015154 -0.568515 -0.822533
-0.968556 0.225595 -0.104914
0.191129 -0.723197 -0.663668
-0.056421 0.628918 -0.775422
-0.355992 -0.888630 0.289148
0.072179 -0.079852 -0.994190
-0.155615 0.184637 -0.970409
-0.181619 -0.263946 -0.947284
0.188605 -0.197105 -0.962070
-0.213931 -0.864189 -0.455424
-0.353905 0.195365 -0.914650
0.177547 0.340784 0.923224
0.674093 -0.396008 0.623520
0.166805 -0.912980 0.372349
0.309491 -0.949680 0.048192
0.102619 -0.539541 0.835682
-0.612887 0.565581 0.551804
0.198997 -0.465911 0.862164
-0.653770 0.693597 0.302504
0.559275 -0.749575 0.354046
0.322058 0.771180 0.549144
0.769257 -0.526879 0.361446
0.627800 -0.495214 0.600524
-0.691888 0.683189 0.233548
-0.623218 0.763391 0.169802
0.148495 0.174157 0.973457
0.114602 -0.167849 -0.979129
0.245025 0.604685 -0.757838
-0.420520 -0.118123 0.899561
-0.316681 -0.746535 0.585148
-0.173847 -0.973043 0.151538
-0.906323 0.412365 -0.092375
-0.945269 0.297510 -0.133991
0.172922 0.081967 -0.981519
-0.096811 -0.399532 -0.911593
-0.609997 0.713907 -0.343860
-0.055749 -0.056444 -0.996848
-0.220299 0.147418 -0.964228
-0.733677 0.265240 -0.625592
-0.252604 -0.067908 -0.965184
-0.705356 0.647710 0.288001
0.570750 0.020168 0.820876
0.761276 -0.199681 0.616917
0.731488 -0.176347 0.658655
0.049867 -0.671018 0.739762
0.581110 -0.760684 0.289259
0.882988 0.183501 0.432041
0.015768 0.883709 -0.467771
-0.992365 0.119547 0.030323
-0.745177 -0.489031 0.453387
-0.977265 0.208409 -0.038970
-0.118343 -0.742707 -0.659076
-0.528535 -0.817308 0.229474
0.588047 0.486977 0.645797
-0.534121 -0.842431 0.070886
-0.252826 0.521644 0.814841
-0.412081 0.869554 0.272147
0.449626 -0.836960 0.311985
-0.614837 0.786190 0.062304
0.238631 0.648618 -0.722738
-0.266058 -0.486382 0.832253
0.457249 0.184597 -0.869970
-0.853430 0.517654 0.060756
-0.139082 -0.985234 0.099854
-0.917548 0.034952 0.396085
-0.067049 -0.937928 -0.340288
-0.754344 0.605127 0.254533
0.591911 0.487407 -0.641931
-0.691901 0.721813 -0.016079
-0.959113 0.236097 0.156079
0.184968 0.009817 -0.982696
-0.998784 0.002326 -0.049252
-0.836169 -0.525434 0.157292
-0.872210 0.098372 -0.479138
-0.884424 -0.406327 -0.229549
-0.547362 0.632376 0.548175
-0.765585 -0.109773 0.633901
-0.875115 0.215061 0.433500
-0.159186 0.950197 -0.267927
0.814551 0.242865 0.526804
-0.462715 -0.560382 0.686926
0.111259 -0.885010 -0.452083
-0.763406 0.639309 -0.092167
-0.286187 0.902189 -0.322725
0.411777 0.427288 0.804901
-0.984701 0.063626 -0.162223
-0.503568 -0.862097 -0.056642
-0.911946 -0.186730 -0.365359
0.774490 -0.321651 0.544707
0.142724 -0.920283 0.364293
-0.384369 -0.921534 -0.055094
0.386834 -0.919279 0.072703
-0.540380 0.801875 0.254925
-0.730128 -0.651152 -0.207156
-0.577246 0.795557 0.184055
-0.177641 -0.983042 0.045516
-0.162640 -0.980115 0.113676
-0.476345 0.878201 -0.043116
-0.229164 -0.590158 -0.774078
0.757001 0.172379 0.630265
-0.504382 0.769069 0.392597
0.442424 0.583108 -0.681356
-0.978704 0.204597 0.016703
-0.672421 -0.106599 0.732452
-0.063484 -0.995577 0.069251
-0.790279 0.556584 0.256270
-0.922279 -0.082692 0.377577
0.428744 -0.051758 -0.901942
-0.559729 0.826642 0.058022
0.199721 -0.596696 -0.777216
0.136891 0.021961 -0.990343
-0.393290 -0.044655 -0.918330
-0.037896 -0.975553 0.216471
-0.218278 0.519979 -0.825819
-0.938040 0.266061 -0.222018
-0.859593 0.448086 0.245599
-0.952305 0.001416 0.305144
-0.850009 -0.453437 0.268105
-0.611790 -0.780979 -0.125637
0.813375 -0.097018 0.573593
0.889002 0.050181 0.455145
0.719471 -0.322282 0.615221
0.632489 -0.170745 0.755516
0.688465 -0.041906 0.724058
0.020527 0.884648 -0.465807
-0.754775 0.071238 0.652104
-0.453098 -0.838599 0.302414
-0.720558 0.612527 0.324971
-0.866507 0.498989 0.013281
-0.488158 0.651405 -0.580838
-0.246455 -0.893813 0.374645
0.192717 -0.870874 0.452149
-0.535277 0.844162 -0.029493
-0.768451 0.566364 -0.297851
-0.850630 0.035847 -0.524541
-0.650757 -0.629763 -0.424162
0.828392 -0.544289 0.132349
0.135891 0.879893 0.455326
-0.161174 -0.982411 0.094297
-0.641026 0.331694 0.692145
-0.379881 0.871430 -0.310321
-0.103190 0.972907 0.206893
0.398192 -0.284525 -0.872060
0.723884 -0.170206 0.668596
-0.802428 0.592512 0.070986
0.692067 -0.631653 -0.349367
-0.480497 -0.292444 0.826801
-0.239201 -0.404320 0.882784
-0.201073 -0.878378 0.433615
-0.803843 0.594687 0.013546
0.051201 -0.991460 -0.119939
0.200556 -0.864363 -0.461143
-0.475250 0.879419 -0.027547
0.198549 -0.979742 0.026144
0.121100 -0.794351 -0.595266
0.107558 -0.895405 0.432066
0.336837 -0.477678 -0.811397
-0.408029 0.869809 -0.277389
0.229431 -0.969803 0.082725
0.030485 0.075640 -0.996669
0.122356 -0.205159 -0.971050
-0.027983 -0.378641 -0.925120
-0.758808 -0.180722 0.625739
-0.617763 0.239073 0.749141
-0.604199 0.303060 0.736952
-0.728649 -0.443225 0.522133
-0.539593 0.839489 -0.064013
-0.545510 -0.777531 0.312833
-0.656100 0.746035 -0.113863
-0.749293 0.078909 0.657521
-0.816235 0.276525 -0.507242
-0.272095 -0.893155 0.358104
-0.656917 -0.548160 0.517668
-0.353007 0.803465 0.479406
-0.037854 0.980114 -0.194791
-0.615082 0.400829 -0.678977
-0.768366 -0.066363 -0.636561
0.617222 -0.368056 0.695393
-0.668923 0.368590 0.645511
-0.045578 0.911196 -0.409445
-0.346424 -0.750246 0.563135
-0.183908 -0.817146 0.546306
0.218971 -0.904191 -0.366730
0.160684 -0.855632 -0.492010
0.335178 0.592252 0.732731
0.142624 0.001250 0.989776
0.250341 -0.692097 0.677001
0.020034 -0.981255 0.191671
-0.107628 0.633247 0.766430
-0.035467 -0.999351 0.006335
-0.155035 0.984210 -0.085414
-0.498481 -0.136073 0.856155
0.564597 0.824481 0.038235
-0.659677 0.069581 -0.748322
-0.091723 -0.985636 -0.141806
0.564062 0.055216 0.823884
0.171156 0.725150 0.666980
-0.568763 0.740449 0.358113
-0.640901 0.766162 0.047355
-0.133697 0.977084 -0.165629
0.508898 0.292874 -0.809474
-0.212498 0.963280 -0.164122
-0.077190 -0.097439 -0.992244
-0.249084 -0.146269 -0.957373
0.180769 -0.967286 0.177989
-0.399546 0.468466 -0.787974
-0.250101 0.037366 -0.967498
-0.621750 0.252841 0.741282
-0.583455 -0.756406 0.295686
-0.388171 0.614234 0.687052
-0.819345 -0.379656 0.429576
-0.087426 -0.992330 0.087395
-0.303338 0.796497 -0.523048
-0.665584 -0.738015 0.111045
-0.712773 0.461331 -0.528326
-0.738279 0.410946 -0.534854
-0.185659 -0.932613 0.309456
-0.548404 -0.137159 0.824888
-0.526941 -0.498260 0.688527
0.573694 -0.120434 0.810167
0.578182 -0.754433 0.310702
-0.777909 0.530472 -0.336835
-0.786365 -0.596513 0.160633
0.406479 0.365454 0.837388
-0.040527 0.991822 -0.121022
-0.497762 0.867312 0.001733
-0.586786 0.745005 0.317255
-0.581485 0.809833 0.077754
0.272739 0.421094 -0.865040
0.240130 0.420805 0.874792
-0.046481 -0.099795 -0.993922
-0.067607 -0.196322 0.978206
0.208103 0.915970 0.343063
-0.069811 0.967465 0.243183
-0.481266 0.858423 0.177464
0.202409 -0.778675 -0.593882
0.090912 0.719098 -0.688937
0.207117 -0.949827 0.234375
0.582158 -0.247286 -0.774559
0.457130 0.854340 -0.247255
-0.268559 0.858249 -0.437362
0.475593 -0.494467 -0.727539
0.150515 0.932925 -0.327104
0.310341 -0.568894 -0.761609
0.394208 -0.836398 -0.380839
0.134796 -0.928287 -0.346575
0.311851 0.573444 0.757569
-0.175516 -0.282687 0.943018
-0.517301 0.172875 0.838161
-0.851959 0.077754 0.517804
-0.884694 -0.364958 0.290037
-0.794070 -0.600202 -0.095967
0.174511 0.760568 0.625365
-0.255268 0.909605 -0.327807
0.303827 0.930066 0.206557
0.272515 0.926347 -0.260032
-0.682861 0.323221 -0.655156
-0.036322 0.940768 -0.337099
-0.533441 0.398486 -0.746089
-0.551039 -0.820770 -0.150641
-0.685811 0.467729 0.557578
-0.669321 0.633274 0.388553
-0.733634 0.667386 0.127973
-0.114137 0.968542 0.221131
0.637636 0.341590 0.690461
-0.181260 -0.749871 0.636269
-0.221957 -0.971907 0.078308
-0.525016 -0.687123 -0.502216
0.008106 -0.995094 0.098601
-0.152100 0.650301 -0.744295
0.189267 0.512499 -0.837570
0.239079 0.218475 -0.946102
-0.495040 -0.528182 -0.689898
0.234110 -0.875956 -0.421773
-0.828712 -0.116723 -0.547369
0.575220 0.457387 0.678173
0.697138 -0.614017 -0.370110
0.323543 -0.085492 0.942343
0.239527 0.207674 0.948419
-0.831645 0.548244 0.088286
0.199362 0.972902 -0.117119
0.489884 -0.619198 -0.613683
0.577027 0.730750 -0.364753
0.910679 0.302294 -0.281569
0.108883 0.471562 -0.875085
0.772762 0.620816 -0.132013
0.511909 0.796457 0.321877
-0.017562 -0.985850 0.166706
-0.023776 0.759945 -0.649553
0.217481 -0.100080 -0.970920
-0.091079 0.188078 -0.977922
-0.690164 0.062352 0.720962
-0.563827 -0.761068 0.320739
-0.350533 -0.915547 -0.197230
-0.015712 0.766408 0.642162
-0.519818 0.775206 -0.358950
-0.705637 0.117870 -0.698701
-0.123505 -0.779080 0.614639
-0.289438 0.887539 -0.358469
-0.667676 0.666233 0.332178
0.593036 -0.186699 0.783232
-0.379681 -0.024149 -0.924802
-0.104995 0.754125 -0.648284
-0.665413 -0.124548 0.736012
0.764714 0.036879 0.643313
0.765009 -0.232381 0.600633
0.760682 -0.283874 0.583763
0.514020 0.517110 0.684384
0.265166 0.242502 0.933209
-0.673759 0.565043 0.476208
-0.519358 -0.846365 0.118038
-0.669146 0.734472 -0.113114
-0.350712 -0.195003 -0.915956
0.535776 0.694214 0.480637
0.428535 -0.255165 -0.866746
-0.096983 0.300680 0.948781
-0.315457 -0.226305 0.921560
0.704310 0.596327 0.385151
0.181309 -0.057945 0.981718
0.424260 0.282179 0.860452
0.548998 0.737067 0.394125
0.164568 -0.982521 -0.087003
0.819215 0.434311 -0.374513
0.468905 -0.558045 -0.684627
0.656657 -0.331124 -0.677612
0.311031 -0.546245 -0.777738
0.144875 -0.169759 -0.974778
-0.076883 0.444586 -0.892431
-0.635324 -0.569561 0.521501
-0.104060 0.251469 0.962255
-0.035419 -0.159958 0.986488
0.485695 -0.799905 0.352495
0.667882 0.731301 0.138317
0.022331 -0.621763 0.782887
-0.580430 -0.813916 -0.025323
-0.543395 0.134568 -0.828621
-0.231316 -0.950098 0.209302
-0.741270 0.385337 0.549576
-0.729421 -0.610351 -0.308897
0.176605 -0.898662 0.401520
-0.738279 0.367755 -0.565421
0.267793 -0.840466 -0.471067
-0.519329 0.578004 0.629451
-0.707911 0.693347 0.134654
-0.758548 0.636896 0.137728
0.153646 0.326302 -0.932695
0.197847 0.887680 -0.415790
0.406947 -0.150039 -0.901045
0.435371 -0.893624 0.109031
-0.544885 0.248169 -0.800944
-0.108475 0.123045 -0.986455
0.125545 -0.260900 -0.957168
-0.417958 -0.252687 0.872617
-0.101018 -0.994110 0.039249
0.647783 0.734948 0.200571
0.899909 0.354702 -0.253676
0.714840 0.691619 -0.103282
0.287300 -0.922986 -0.256039
0.800897 0.091160 -0.591822
0.853469 0.517287 -0.063289
-0.864021 0.383456 -0.326235
0.135609 0.922177 -0.362216
0.129420 -0.990307 0.050432
0.299386 -0.712043 -0.635109
-0.392821 0.245198 -0.886324
-0.124894 -0.110811 -0.985963
-0.544120 0.711294 -0.444965
-0.812514 0.132258 0.567740
-0.376573 0.873162 0.309486
0.637406 0.468803 0.611504
0.259313 -0.159777 0.952485
0.139069 -0.650046 -0.747061
-0.587691 -0.808430 0.032557
0.722922 0.640346 0.259503
-0.382103 -0.923270 -0.039621
-0.246350 -0.967688 -0.053770
0.290109 0.924074 0.248845
-0.620956 0.149811 -0.769396
-0.625149 0.644005 0.440961
-0.114789 -0.863319 0.491431
0.146068 -0.774433 0.615562
-0.687899 0.058025 -0.723483
-0.516940 0.306313 0.799340
0.338004 0.105281 0.935238
-0.346348 0.888235 -0.301798
-0.156924 0.092339 0.983285
0.515919 0.164323 0.840729
0.816331 -0.021437 0.577186
0.725100 -0.403963 0.557713
0.612776 0.467502 0.637140
0.699053 0.247808 0.670758
0.628302 -0.659190 0.413165
0.763209 -0.645898 -0.018132
0.603455 -0.797291 0.013017
0.633580 -0.767225 -0.099713
-0.554710 0.782585 0.282592
0.907054 -0.390916 0.156325
0.063117 -0.737825 -0.672034
0.023319 -0.490495 -0.871132
0.630838 -0.479867 -0.609730
0.632134 0.723781 0.276672
-0.227484 0.176291 0.957691
0.611146 0.651069 0.450122
0.784147 0.591261 0.188477
0.559256 -0.539975 -0.629014
0.085867 -0.980792 -0.175139
0.714605 -0.487787 -0.501401
0.261112 -0.726821 -0.635257
0.220162 0.758420 -0.613456
0.235500 0.912669 -0.334028
0.180474 0.815761 0.549512
0.361087 0.364526 -0.858334
-0.173488 -0.230931 -0.957378
-0.047453 0.930705 -0.362679
-0.121731 0.578186 0.806773
-0.781253 0.053556 -0.621912
0.764566 0.576123 0.289000
-0.801559 -0.449744 -0.393997
-0.261807 -0.817315 -0.513276
-0.783858 0.016905 0.620709
-0.800202 0.061689 0.596549
0.690513 0.697928 0.189968
-0.724166 -0.413119 0.552192
-0.365526 0.929857 -0.041912
-0.733965 0.526829 -0.428658
-0.627446 0.691746 0.357489
-0.660095 0.664727 0.349876
0.057900 -0.921595 0.383810
-0.221382 -0.139360 0.965178
-0.944082 -0.006903 -0.329637
-0.409018 -0.903186 -0.130224
-0.507447 -0.035353 -0.860958
0.572167 -0.673440 0.468086
0.373136 -0.806167 -0.459198
-0.968042 -0.222881 -0.114970
0.755132 0.413856 0.508428
0.633238 -0.748560 0.196640
0.775288 0.260673 0.575307
-0.661692 0.749721 -0.009065
0.809391 -0.102805 -0.578201
0.186785 -0.435519 -0.880588
0.845887 -0.091599 -0.525437
0.471207 -0.441382 -0.763640
-0.974347 -0.218573 -0.053611
-0.774170 0.416115 0.476980
-0.881405 0.463512 0.091007
0.610709 -0.683879 0.399180
-0.073734 0.347379 0.934822
0.081985 -0.700621 -0.708808
-0.053942 -0.997296 0.049910
-0.471088 -0.875017 -0.111453
0.625292 -0.149658 -0.765906
0.046610 -0.369408 -0.928098
-0.077874 -0.652396 -0.753867
-0.314954 -0.087594 -0.945056
-0.436527 -0.607151 0.663936
-0.783686 -0.198519 0.588580
-0.440682 -0.797860 0.411362
0.590669 0.140857 0.794525
0.120537 -0.461377 -0.878978
-0.443956 -0.837322 0.319053
-0.515889 -0.844821 -0.141901
-0.170545 -0.120705 0.977929
-0.302027 -0.416781 0.857364
-0.188966 -0.939751 0.284887
-0.568925 0.640692 0.515595
0.461257 0.828743 0.316902
0.711137 0.351865 0.608667
-0.869507 -0.283457 -0.404487
-0.206079 0.782012 0.588208
-0.149984 -0.985452 -0.079925
-0.571287 -0.145877 -0.807682
-0.501528 0.830204 0.243374
0.447819 -0.803018 -0.393218
0.059724 -0.799142 0.598168
0.517461 -0.851340 -0.086333
0.444901 -0.806927 -0.388499
-0.088633 0.606745 0.789940
0.680995 -0.046063 0.730838
-0.720856 0.554309 -0.416062
0.253008 0.294658 -0.921501
0.996789 0.078175 0.017341
-0.837775 -0.300638 0.455797
-0.707752 -0.347957 0.614828
0.233562 -0.317994 -0.918874
-0.346989 -0.880992 0.321639
-0.763907 -0.602044 -0.232358
-0.931260 0.249874 -0.265175
-0.597575 0.785685 0.160013
-0.184917 -0.867868 0.461097
-0.953122 0.257575 -0.158790
0.147764 -0.282159 0.947920
0.111700 -0.990915 -0.074906
0.549031 -0.639120 -0.538601
-0.896150 0.265915 0.355251
-0.104194 -0.671827 -0.733343
-0.957253 0.002303 -0.289243
0.382896 -0.442134 -0.811116
-0.707604 0.692713 -0.139445
0.283176 -0.414001 -0.865110
-0.362758 0.586962 -0.723797
-0.037318 -0.421707 -0.905964
-0.359437 0.932908 0.022089
-0.587496 0.162963 0.792648
-0.100073 -0.329038 0.938999
-0.190088 0.271355 0.943522
-0.967422 0.128596 0.218078
-0.952373 0.261466 0.156911
-0.303860 0.281502 0.910179
-0.984585 -0.064998 0.162380
-0.769652 0.629922 -0.104086
-0.238622 -0.927964 0.286258
-0.306725 0.951391 -0.027836
0.643063 0.187081 0.742611
-0.301203 -0.922133 -0.242791
-0.796487 0.601406 0.062604
-0.106591 -0.587036 -0.802513
0.656142 0.666603 0.353720
-0.115674 0.925550 0.360522
-0.664663 0.614086 -0.425582
0.014479 -0.516823 0.855970
0.568180 0.393316 0.722824
-0.251647 0.844954 0.471939
-0.761235 0.637661 -0.117937
-0.744274 0.667626 -0.018205
0.354499 -0.067616 0.932609
-0.898569 0.034634 -0.437463
0.311444 0.183045 0.932468
-0.734537 0.667940 0.119627
0.588361 -0.786499 -0.187753
0.789432 -0.542959 0.286343
-0.137357 0.821818 0.552946
0.763529 0.316535 0.562875
0.696502 -0.114722 0.708324
-0.940108 -0.020112 -0.340282
-0.282508 -0.860345 -0.424259
-0.911536 -0.004176 -0.411198
-0.901756 0.088443 0.423100
-0.783050 -0.385636 0.487973
0.099820 -0.397940 -0.911965
-0.694890 0.634785 0.337900
-0.836853 -0.547261 0.013489
-0.636200 0.150452 0.756712
0.468007 -0.846252 0.254611
-0.765150 -0.548223 -0.337634
-0.333092 0.120480 -0.935165
-0.300076 0.427088 0.852965
-0.744198 0.665862 -0.052898
-0.940912 -0.049641 -0.334992
0.262102 -0.840523 -0.474156
-0.078020 0.978601 -0.190402
-0.845514 0.080778 -0.527808
-0.862778 -0.301494 0.405852
-0.974223 -0.003662 0.225558
-0.835261 -0.497801 -0.233522
-0.280437 -0.858187 -0.429965
0.628087 0.616339 -0.475009
-0.805780 0.591918 -0.018773
0.011398 0.764098 0.644999
-0.231022 0.129838 -0.964246
-0.468186 0.182069 -0.864669
0.184730 0.187266 0.964783
-0.126516 0.392153 0.911158
-0.868123 0.324749 -0.375367
-0.007466 0.482400 0.875919
-0.709424 0.426569 0.561031
-0.639478 0.652676 0.406302
-0.981712 -0.096773 -0.163943
0.427861 -0.867443 0.253924
-0.948496 0.011855 -0.316566
0.314809 0.172853 0.933283
-0.847037 0.281137 0.451099
-0.149183 -0.660445 -0.735906
-0.814079 -0.051011 0.578510
-0.661096 0.542747 0.518052
-0.735295 -0.627604 0.255841
-0.007059 -0.046314 0.998902
-0.560722 0.817657 0.130490
-0.046858 -0.973960 0.221823
0.272246 0.932472 0.237440
0.602868 0.430449 0.671762
-0.725435 0.340250 -0.598310
0.756720 0.522603 0.392761
0.106179 -0.984335 -0.140750
-0.626363 0.713206 0.314653
-0.719468 0.377854 -0.582745
-0.681399 -0.292710 -0.670833
-0.771679 -0.547221 -0.324132
0.333485 0.546643 0.768095
-0.399381 0.867612 0.296218
0.864693 0.171935 0.471958
0.573274 0.076585 0.815777
-0.619334 0.772155 0.142135
-0.860861 0.312484 0.401587
-0.167328 -0.677920 -0.715839
-0.729842 -0.074505 0.679544
-0.889888 -0.421619 -0.174174
-0.344705 0.395751 0.851211
-0.728939 -0.520012 -0.445236
-0.375764 0.892052 0.251086
-0.302480 -0.902466 -0.306693
0.281608 -0.950798 -0.129148
0.214614 -0.810621 0.544825
-0.807140 0.589476 -0.032309
-0.012009 -0.339743 -0.940442
0.315738 0.356098 -0.879491
-0.237015 -0.867551 -0.437240
-0.813159 0.286903 -0.506418
-0.650590 0.713713 -0.259512
-0.031037 0.862793 0.504604
0.188285 -0.592392 -0.783339
-0.077789 -0.063197 -0.994965
-0.151047 0.946570 0.284939
-0.157292 -0.241406 -0.957592
-0.143509 -0.372122 -0.917022
-0.246770 0.201382 -0.947919
0.407131 0.085991 0.909313
0.324614 -0.628413 0.706911
0.576948 -0.502733 0.643731
-0.831981 -0.199024 -0.517877
-0.905003 -0.076071 -0.418549
0.463883 -0.709130 0.530988
-0.737835 -0.284747 -0.611979
-0.843730 0.120185 -0.523140
-0.882007 0.317738 -0.348004
-0.494317 -0.640957 0.587218
-0.665406 0.362050 0.652805
-0.524077 -0.761013 0.382364
-0.158677 0.787569 0.595446
-0.979059 -0.111781 -0.170142
-0.340808 -0.940072 -0.010727
0.036362 -0.990238 0.134562
-0.589800 -0.806505 -0.041067
-0.892377 0.196637 -0.406199
-0.581605 -0.790812 0.190661
0.709114 0.432025 0.557236
0.923267 0.270370 0.272908
0.081406 -0.992197 0.094442
0.870332 0.484363 0.088967
0.931345 -0.030590 0.362850
-0.750326 0.639904 -0.165932
-0.665681 -0.167758 -0.727135
-0.462138 -0.866429 -0.189020
-0.836703 -0.176848 -0.518317
0.447349 -0.753175 -0.482292
-0.874169 0.476150 -0.095442
0.639879 0.173363 0.748665
0.648081 -0.661557 0.377271
0.643367 -0.041423 0.764436
-0.938924 0.341112 0.045426
0.909629 0.138156 0.391776
0.435211 -0.306460 0.846566
-0.703282 0.708821 0.054463
-0.785508 0.618072 0.031052
-0.507266 -0.540198 -0.671467
0.094962 -0.414129 -0.905251
-0.442343 -0.672910 0.592895
-0.637930 0.222286 0.737316
0.100517 -0.994301 -0.035522
0.166830 0.659323 0.733117
-0.767224 -0.622721 -0.153578
-0.875347 -0.437762 0.205259
0.003521 0.201670 0.979447
-0.942553 -0.267242 -0.200437
-0.541015 -0.839872 -0.043794
-0.731553 0.381314 -0.565181
-0.683205 0.690192 0.238467
0.187993 -0.575183 -0.796130
0.185614 -0.670190 -0.718605
-0.734228 -0.359369 -0.575989
-0.663405 -0.052727 -0.746401
-0.132901 -0.494759 -0.858808
-0.125992 0.666418 -0.734856
0.270048 -0.557661 -0.784913
-0.009073 -0.499850 -0.866064
0.456045 -0.387964 0.800941
0.581035 -0.748274 0.320131
0.794478 -0.520717 0.312504
0.543479 0.365275 0.755781
0.250830 -0.510994 0.822173
0.440538 0.111145 0.890827
0.890114 -0.306443 0.337327
-0.205506 0.248541 0.946570
-0.822458 -0.135273 -0.552508
0.669984 -0.526831 0.523040
-0.884305 -0.261639 -0.386718
-0.782022 -0.374989 -0.497819
-0.386641 -0.693896 0.607467
-0.620072 0.226891 -0.751020
-0.765805 -0.157316 -0.623533
-0.874482 -0.051272 -0.482341
-0.499311 -0.389423 0.773976
-0.512303 0.739136 -0.437292
-0.646899 0.412319 -0.641494
-0.028815 -0.991462 0.127175
-0.642214 -0.463220 0.610728
0.213004 -0.700181 0.681451
-0.556649 0.582263 0.592547
-0.633953 0.714840 0.295141
-0.813940 -0.549034 -0.189905
-0.016053 -0.317303 0.948188
0.058203 -0.994429 -0.087885
0.163170 -0.968617 -0.187503
0.649949 0.370668 0.663454
-0.833279 0.159192 0.529438
-0.589355 0.525612 -0.613509
0.415855 0.544985 0.728049
0.504538 -0.578500 0.640921
-0.881928 0.062423 -0.467233
-0.627534 0.114676 -0.770098
-0.931222 0.189722 -0.311177
-0.782242 -0.064868 -0.619588
-0.916951 -0.162857 -0.364251
0.352728 -0.661468 0.661848
0.717710 0.355705 0.598637
0.868357 -0.004081 0.495923
0.796723 0.103947 0.595338
0.789879 0.111387 0.603062
0.542615 0.355117 0.761223
-0.260182 0.873572 0.411312
-0.202070 0.879557 0.430751
-0.901899 0.128652 0.412343
-0.094193 -0.559120 0.823719
-0.121346 0.348041 0.929592
-0.498582 0.139379 0.855564
-0.282967 -0.687540 -0.668744
-0.204847 0.459689 0.864132
0.033834 -0.304633 -0.951869
-0.276660 0.941802 -0.190967
-0.065072 0.494091 0.866972
-0.258032 -0.161085 -0.952613
-0.118261 0.513052 0.850172
0.419959 -0.787139 -0.451715
-0.103187 0.463350 0.880147
-0.119292 -0.549161 0.827159
-0.584978 0.791111 0.178728
-0.632445 0.740638 -0.226865
-0.351735 0.496851 -0.793361
-0.058446 -0.130613 -0.989709
0.130519 -0.954207 0.269172
-0.172925 -0.942932 -0.284562
-0.339150 -0.777679 -0.529332
-0.561345 0.781173 -0.273239
0.562765 -0.538100 0.627490
0.490439 0.487403 0.722432
0.364858 0.366336 0.855966
0.274172 0.304000 0.912367
-0.049687 -0.280201 0.958654
-0.766636 -0.636467 0.084734
0.056034 -0.081572 0.995091
-0.838734 -0.272530 -0.471437
0.082749 -0.842850 0.531749
-0.630392 0.739814 0.235120
0.395417 -0.833839 0.385173
0.696081 -0.715590 0.058329
-0.351357 -0.020244 -0.936023
0.319092 -0.870957 0.373650
-0.346813 0.922669 -0.168530
0.852306 0.202098 0.482422
-0.514829 0.857228 -0.010499
0.116116 -0.989980 0.080351
0.203171 0.640510 0.740586
0.461066 -0.689968 -0.557998
0.466612 -0.818549 -0.335039
-0.452000 0.883744 0.121215
-0.735779 0.677163 -0.008857
-0.030626 -0.999528 -0.002592
-0.831362 0.201151 -0.518050
-0.922338 0.245841 0.298084
0.579745 -0.814768 0.006989
0.276289 -0.504980 0.817716
0.747112 0.428015 0.508553
-0.150986 -0.569155 -0.808248
-0.547332 0.832985 0.081014
-0.603210 0.796762 -0.036170
0.289459 -0.341889 -0.894050
-0.154493 0.775226 -0.612501
-0.602198 0.724373 -0.335620
-0.760628 -0.053411 -0.646988
-0.088828 -0.959359 -0.267843
-0.413347 0.060624 -0.908553
-0.406566 0.912520 0.044842
-0.375032 0.537721 0.755120
-0.560956 0.809275 0.174363
-0.451035 0.604361 -0.656746
-0.664316 -0.493139 -0.561692
-0.066884 -0.352981 -0.933237
-0.310478 0.336838 -0.888900
0.268405 -0.049060 -0.962056
0.248978 0.277755 0.927826
0.556203 0.267493 0.786820
0.739830 0.215847 0.637230
0.330024 0.635193 0.698294
0.175918 0.221761 0.959101
-0.489456 0.826003 0.279558
0.669704 -0.016420 0.742447
-0.328068 0.343212 0.880101
0.305389 -0.572216 0.761122
-0.232751 -0.740325 -0.630671
-0.560963 0.651641 0.510573
-0.804981 -0.372619 0.461693
-0.408497 -0.091382 -0.908173
-0.408360 -0.912759 0.010677
0.070725 -0.401645 0.913061
-0.422775 0.894192 0.147245
0.709066 -0.082780 0.700266
0.711744 -0.281488 0.643572
0.535802 0.130859 0.834142
-0.362302 0.873937 0.323993
-0.815195 0.298812 -0.496154
-0.773904 -0.007032 -0.633264
-0.306846 -0.928832 -0.207646
-0.861676 0.243138 -0.445420
-0.144194 -0.900545 -0.410154
-0.883257 0.064258 -0.464464
-0.874329 0.249919 -0.416040
0.487884 -0.426400 0.761678
0.144193 0.840886 0.521650
0.430362 -0.815184 -0.387638
0.361314 -0.878860 0.311539
-0.043757 0.998719 -0.025417
-0.468815 0.880817 -0.066145
-0.026816 -0.950871 0.308425
-0.118849 0.529066 0.840217
-0.075380 0.479930 0.874062
0.336486 0.573132 0.747192
0.005311 0.515756 0.856719
0.039728 -0.091997 0.994966
-0.081117 -0.982390 -0.168316
-0.536859 0.834798 0.122044
-0.264456 0.664904 0.698546
-0.453779 0.668266 -0.589497
0.266374 -0.757882 -0.595534
-0.345861 0.566065 -0.748299
0.631370 -0.676622 0.378887
-0.669471 0.722429 0.172930
0.238975 -0.921213 0.307015
-0.247524 -0.395977 -0.884271
-0.064264 -0.322820 -0.944276
-0.003952 -0.345444 -0.938431
-0.146348 -0.100041 -0.984162
0.618904 0.351784 0.702286
0.542112 0.495839 0.678423
-0.581143 0.693187 -0.426337
0.496516 -0.294349 0.816597
-0.135129 -0.955623 -0.261773
-0.964751 0.211511 -0.156586
-0.060741 -0.561114 0.825507
-0.697103 0.652880 0.296302
-0.552482 0.602348 -0.576143
0.400576 -0.904528 -0.146175
0.348715 0.935503 0.056853
-0.377846 0.900551 -0.215036
0.198411 -0.977077 0.077155
-0.852517 0.477902 0.211716
-0.888956 0.410514 -0.203063
-0.614528 0.373428 -0.694915
-0.742643 -0.525849 -0.414686
-0.269565 -0.437746 -0.857738
-0.559322 0.077281 -0.825340
-0.546662 -0.193848 -0.814606
0.350003 -0.465361 -0.812980
0.728292 0.228059 0.646204
0.149103 -0.167174 0.974588
0.058446 0.813563 -0.578532
0.297416 0.845795 -0.442917
0.201196 -0.928270 -0.312786
-0.282522 -0.216234 -0.934572
-0.163113 0.511920 0.843405
0.419131 0.383829 -0.822803
0.248286 0.474309 -0.844621
0.000025 0.367682 0.929952
-0.516401 -0.098613 -0.850650
0.040450 -0.422368 -0.905522
-0.348980 0.267748 0.898067
-0.530358 0.795640 -0.292706
0.237958 -0.607016 0.758227
0.258025 -0.889020 0.378242
0.590276 -0.361991 -0.721482
-0.222841 0.383143 -0.896406
-0.042718 -0.408862 -0.911596
-0.777343 0.557451 -0.291523
-0.632284 -0.767236 0.107546
-0.691836 -0.722002 0.008683
0.540500 -0.410275 0.734530
-0.190399 -0.222513 0.956157
0.352683 -0.277803 0.893555
0.528766 0.150684 0.835285
-0.301466 0.476136 0.826082
-0.226856 0.124550 0.965931
-0.455671 0.689940 0.562446
-0.576945 0.647943 0.497298
-0.718337 0.692077 0.070862
-0.970242 0.161190 -0.180686
-0.601941 0.743650 -0.290949
0.498579 -0.827774 -0.257313
0.517249 -0.364554 0.774309
-0.612593 0.753817 0.237674
0.147070 -0.919632 0.364208
0.116379 -0.992624 -0.033973
0.561123 0.416356 0.715394
-0.123060 0.858135 -0.498458
0.197484 -0.690576 -0.695777
0.733285 -0.106051 0.671599
-0.645375 0.267702 0.715421
-0.512748 0.779109 0.360665
0.684452 0.593275 0.423734
-0.880252 0.251525 -0.402357
-0.683068 0.466035 -0.562343
-0.309968 0.271669 -0.911107
-0.145333 -0.973851 -0.174621
0.666275 -0.399153 0.629884
0.711062 -0.681566 0.172797
0.608329 0.640489 0.468733
0.900795 0.230841 0.367806
0.582601 -0.416736 -0.697787
0.632470 0.765559 -0.117900
0.715851 0.306582 -0.627348
0.756388 0.314579 -0.573513
0.906255 0.395859 -0.148312
-0.316132 -0.629749 -0.709561
-0.056069 0.521021 0.851700
0.584185 0.485647 -0.650288
0.176267 -0.458822 -0.870868
-0.445899 0.801296 0.398873
-0.524746 0.782297 -0.335638
0.065905 -0.025862 -0.997491
0.027783 0.151653 -0.988043
0.380390 -0.669635 -0.637882
0.157505 -0.528272 -0.834339
-0.356846 0.181953 0.916272
-0.489396 0.292182 -0.821658
0.582635 -0.280813 -0.762680
-0.121120 -0.326308 -0.937471
-0.850325 0.469017 -0.238687
-0.831576 0.121239 -0.542017
-0.103702 -0.752954 -0.649851
-0.318704 -0.088467 -0.943717
-0.941957 -0.093636 0.322412
-0.977645 -0.209459 0.018345
-0.108765 0.746068 0.656927
0.541447 -0.261306 0.799096
-0.644531 0.724208 -0.245157
0.547685 0.709484 0.443480
0.425443 -0.830252 -0.360110
-0.400306 0.683463 0.610437
-0.036258 0.802208 0.595943
0.371962 0.865343 0.335895
-0.422832 0.808592 0.409136
-0.864653 0.193098 0.463777
-0.262457 0.953195 0.150122
-0.137722 -0.972675 0.186914
-0.165504 -0.904084 -0.394005
-0.783468 0.242393 -0.572210
-0.911953 -0.036713 -0.408648
0.900460 0.359130 0.245353
0.398983 -0.900399 -0.173476
0.098059 -0.994529 0.035998
0.128379 0.983628 -0.126467
-0.016057 0.229680 -0.973134
0.017003 -0.777579 -0.628555
-0.411624 0.543600 -0.731481
-0.340610 0.007559 -0.940174
0.105008 -0.491882 0.864306
0.842060 -0.377727 -0.385042
0.889936 0.064471 -0.451505
0.986591 0.156989 0.044643
0.823562 0.497744 0.272024
0.364640 -0.879421 -0.306034
0.179057 -0.683814 0.707345
0.139975 0.191257 0.971508
0.218430 -0.121099 0.968310
0.551260 -0.595403 -0.584472
0.616076 -0.597296 -0.513505
0.595361 -0.787888 -0.157409
0.333512 -0.838573 -0.430772
-0.428633 0.180740 0.885216
-0.336504 0.540361 -0.771217
0.668310 -0.588022 -0.455622
0.293076 -0.616871 -0.730464
0.107814 -0.448936 -0.887036
-0.476096 0.648057 0.594436
-0.361087 0.892453 0.270452
-0.770755 -0.616800 -0.159670
0.453592 -0.363117 -0.813880
0.562745 0.067733 -0.823851
-0.154448 -0.234747 -0.959708
-0.593760 0.643220 0.483442
0.018616 -0.286693 -0.957842
-0.349558 0.306440 -0.885384
-0.836248 -0.040999 0.546817
-0.363992 -0.391789 0.844992
-0.466355 -0.242958 0.850579
-0.825558 0.438390 -0.355342
-0.828406 0.350672 0.436775
-0.947520 0.299285 0.112406
-0.870273 0.027577 -0.491797
-0.967912 -0.241275 -0.070231
-0.846553 -0.497684 0.188837
-0.485714 -0.844748 0.224682
0.526486 -0.093900 0.844983
0.136625 0.459281 0.877721
0.102142 0.666916 0.738099
0.567410 0.286255 0.772078
-0.225427 -0.841616 0.490779
-0.761479 0.594080 0.259266
-0.566727 0.160808 -0.808060
0.039708 -0.606794 0.793867
0.766726 0.379196 0.518017
0.613227 -0.711532 0.343038
0.264651 0.543331 0.796713
-0.711239 0.403501 0.575610
0.787170 0.613458 -0.063500
0.857436 0.493117 -0.147101
0.941982 0.309338 -0.130309
0.012093 0.474097 -0.880390
0.988852 0.140463 -0.049424
-0.399156 -0.906751 -0.135926
0.987646 0.152627 0.035499
0.983493 0.059438 0.170904
-0.044387 0.237643 0.970338
0.068569 0.619186 0.782245
0.538825 -0.818015 -0.201295
0.575060 -0.751694 -0.322898
0.211451 0.629768 0.747449
0.316500 0.356556 0.879031
0.550491 -0.734041 -0.397672
-0.653400 0.746040 0.128428
0.078433 -0.043848 -0.995955
0.731653 -0.622311 -0.278231
-0.239291 0.294460 0.925221
-0.585745 0.524237 -0.618125
-0.054756 0.502247 -0.862989
-0.165017 -0.810516 0.561990
-0.235632 0.814183 0.530645
-0.098526 0.736691 0.669014
-0.361421 0.924632 0.120127
-0.181250 -0.301059 -0.936222
-0.126483 -0.295386 -0.946968
-0.609331 -0.305872 0.731545
0.177483 -0.668853 0.721897
-0.878651 -0.025403 0.476788
-0.697254 0.236215 0.676786
-0.704975 -0.588954 0.395150
-0.919601 -0.389971 0.047509
-0.645651 0.537950 -0.541982
-0.759535 0.487579 0.430550
-0.668562 0.739986 -0.073792
-0.048180 -0.989419 -0.136852
-0.757704 0.308973 -0.574822
-0.110443 -0.988962 0.098770
0.740888 -0.185968 0.645369
0.859201 0.495286 -0.128320
0.683358 0.576785 0.447594
0.980331 0.197327 0.003577
0.982499 0.158674 -0.097561
0.725532 0.651125 -0.222799
0.983947 0.165726 0.066212
0.919462 0.190343 0.344034
0.761300 0.589199 0.270677
0.936794 0.032459 0.348373
-0.002914 -0.937251 0.348644
0.051043 -0.993335 0.103346
-0.478466 -0.254362 -0.840459
-0.033729 -0.982142 -0.185092
0.297741 0.954639 -0.003816
-0.424263 -0.665279 -0.614333
-0.867237 0.273075 -0.416330
-0.865707 0.479502 0.143629
0.180367 -0.608442 -0.772830
0.826848 0.435927 -0.355374
0.714799 0.381726 -0.585959
0.936114 0.230082 -0.265995
0.776801 0.482659 -0.404500
0.959291 0.137667 -0.246595
-0.109289 -0.839609 -0.532083
0.874682 0.313148 -0.369960
0.793652 0.582351 -0.176023
0.030934 -0.599183 0.800015
0.576629 -0.751942 0.319504
0.836909 0.364067 0.408704
0.523490 0.852021 0.004282
0.134331 0.550014 0.824281
0.375775 -0.572133 0.729011
0.688087 -0.716790 0.112911
-0.374368 0.162995 0.912842
0.737845 -0.671061 0.072545
-0.302078 -0.102688 -0.947736
-0.246765 -0.251883 -0.935768
-0.154516 0.700864 0.696358
-0.779575 -0.237039 0.579721
0.276652 0.839691 -0.467314
-0.270652 0.170276 -0.947499
0.044288 -0.305569 -0.951139
-0.050818 0.206194 -0.977191
-0.628052 0.775098 -0.069094
0.342886 -0.316226 -0.884551
-0.182635 -0.767959 0.613909
0.121628 0.815686 0.565565
-0.364217 -0.031331 0.930787
-0.847544 0.147534 0.509807
-0.960653 0.277733 0.003221
-0.848195 0.488334 -0.205171
-0.072895 -0.248463 0.965895
-0.355725 -0.230142 0.905811
-0.228329 -0.932063 0.281290
0.042019 -0.996581 -0.071142
-0.654166 0.614767 -0.440600
-0.608805 -0.791525 0.053339
-0.843028 -0.515908 -0.152126
-0.863801 -0.436973 -0.250802
-0.836013 0.500574 0.224739
-0.829445 -0.179809 -0.528857
0.175489 -0.961237 0.212664
0.422582 -0.865040 0.270425
-0.064974 0.624621 0.778220
0.509450 -0.778228 -0.367181
0.860426 -0.230576 0.454424
0.899972 0.065521 0.430996
0.855362 -0.503763 -0.120741
0.356962 -0.809752 0.465705
0.664768 0.745124 -0.053605
0.428213 0.096074 0.898556
-0.485852 -0.048387 -0.872701
-0.235354 -0.823136 -0.516775
-0.269162 -0.230157 -0.935189
-0.596661 0.147033 -0.788909
0.310364 -0.266096 0.912616
0.783975 0.442316 -0.435592
-0.016936 0.375039 -0.926854
0.328356 -0.732184 0.596732
-0.377392 -0.919335 0.111350
0.833932 0.551662 0.015049
0.475665 0.827284 0.298904
0.432086 0.130040 0.892408
0.128137 -0.621201 -0.773104
-0.394591 -0.825149 -0.404261
-0.026727 0.371690 -0.927972
0.432120 0.477583 0.764975
0.176758 0.043307 0.983301
0.252358 0.670182 0.697977
-0.489788 0.607590 -0.625254
-0.157852 -0.145793 -0.976641
0.386098 -0.849065 -0.360579
0.071101 -0.632075 -0.771638
0.225511 0.439565 0.869441
0.272736 -0.575431 -0.771035
-0.031111 0.577636 0.815702
-0.203212 0.975544 0.083778
-0.172798 -0.324531 -0.929957
-0.131202 -0.252580 -0.958639
-0.097495 -0.566003 -0.818618
0.099651 0.889194 0.446546
-0.979900 0.070539 0.186599
-0.825283 0.517476 -0.226112
-0.852710 -0.520273 0.046919
-0.858433 -0.170180 -0.483871
-0.212077 -0.055096 -0.975699
0.173824 -0.571695 0.801842
-0.469190 0.397555 0.788550
-0.075411 -0.429799 0.899770
-0.400912 0.653422 0.642113
-0.362373 0.716664 0.595885
-0.339323 -0.805531 -0.485777
-0.491826 0.200137 0.847380
-0.761559 0.115229 -0.637770
-0.705764 0.406314 0.580350
0.528716 -0.066181 0.846215
0.816938 -0.400229 -0.415245
0.926069 -0.292946 0.237862
0.935004 -0.161692 0.315633
0.908407 -0.335946 0.248870
0.882181 0.404364 -0.241344
0.447521 -0.862916 0.234737
0.310750 -0.667951 0.676222
0.116762 -0.341579 0.932572
0.772810 0.325340 0.544902
0.126855 -0.431427 -0.893185
-0.168243 0.060877 -0.983864
-0.903993 0.276786 0.325861
-0.784350 0.613592 -0.091103
-0.932905 0.112987 -0.341940
-0.951336 0.009967 -0.307995
-0.737833 -0.120812 -0.664083
0.116208 -0.836615 -0.535322
-0.454794 0.730496 -0.509448
-0.125217 0.144786 -0.981508
0.369410 0.890436 -0.265819
0.873229 -0.008851 0.487230
-0.123103 0.115568 -0.985642
0.038316 -0.811140 -0.583596
0.243525 -0.007507 0.969866
0.021282 -0.237766 0.971089
-0.131401 -0.632530 -0.763308
-0.314303 0.922165 0.225446
-0.714631 -0.338309 -0.612249
-0.050580 -0.407287 0.911899
-0.080946 -0.910203 -0.406174
-0.773172 0.631395 -0.059542
-0.761462 -0.641894 0.090267
-0.201106 0.688524 -0.696772
-0.614581 -0.244842 -0.749895
-0.078585 0.187138 0.979185
-0.126395 -0.432253 0.892850
-0.841726 0.036351 -0.538680
-0.676949 -0.733660 0.059023
-0.780910 0.484264 -0.394548
-0.957263 0.258253 0.130203
-0.849582 -0.103922 0.517118
0.406036 -0.893325 -0.192628
-0.834801 0.469111 -0.288169
-0.871538 -0.042221 -0.488507
-0.626987 -0.001174 0.779029
0.805288 -0.592844 0.006869
-0.808550 0.182424 -0.559435
0.915202 -0.133906 0.380097
0.015394 0.772653 0.634642
0.709772 0.683277 -0.171339
0.969772 -0.075485 0.232044
0.794767 0.555481 -0.244512
0.932316 0.017700 0.361210
-0.757302 0.649547 0.067695
0.942631 -0.332599 -0.028730
0.888015 0.448821 -0.099944
-0.803726 -0.374890 0.462041
-0.748579 -0.413243 0.518517
-0.983358 -0.100793 0.151158
0.110675 -0.360057 0.926342
-0.651893 0.679840 0.335938
-0.497139 0.149981 -0.854610
-0.216277 -0.971815 -0.093811
-0.448723 -0.305628 -0.839785
0.682946 0.728818 0.049086
-0.143985 -0.985711 -0.087419
-0.560722 0.804702 0.195053
-0.843191 0.491931 0.216870
-0.974332 0.045907 0.220384
-0.133814 0.169601 -0.976386
0.165944 -0.949572 0.266037
-0.343783 0.452755 -0.822695
-0.985076 0.144362 0.093725
-0.542506 0.823111 0.167854
-0.786381 -0.127914 -0.604353
-0.773698 0.602172 -0.196928
-0.983606 0.074306 0.164310
-0.224834 0.556988 -0.799508
-0.622958 -0.746362 -0.234237
-0.403234 -0.528032 -0.747385
-0.826064 0.385771 0.410853
-0.813988 0.223602 0.536121
0.208314 0.036414 0.977384
-0.527146 0.848496 -0.046606
0.183933 -0.979183 0.085843
-0.106610 0.335115 -0.936126
0.080960 0.254554 -0.963664
0.035918 -0.263500 -0.963990
-0.563881 0.823769 -0.058674
0.040394 -0.565179 0.823979
-0.025901 -0.999039 0.035355
-0.049055 -0.714736 -0.697672
-0.036380 0.983393 0.177803
-0.689912 0.143865 -0.709454
-0.134316 0.393392 0.909507
-0.324000 0.463226 0.824891
-0.268283 -0.085028 0.959580
-0.445485 -0.810144 -0.381065
-0.825605 -0.564234 0.004023
-0.369542 0.407761 0.834967
-0.856094 0.421032 0.299727
0.876955 -0.470586 -0.097462
0.191420 -0.935723 -0.296278
0.840447 -0.388746 -0.377525
0.875497 0.416898 0.244339
-0.941090 -0.233561 0.244538
0.998237 0.051513 0.029488
0.734813 -0.678268 0.001744
0.968584 0.092891 0.230686
0.933215 0.268718 0.238540
-0.805904 0.118312 0.580104
-0.684922 0.545303 0.483247
-0.128541 -0.981354 -0.142902
0.123777 0.000037 -0.992310
0.041076 -0.057511 0.997500
-0.794730 0.596348 0.113015
-0.072396 -0.909141 0.410147
-0.974060 -0.058593 0.218573
-0.625454 0.676968 0.387972
-0.877696 -0.416584 0.236869
0.350512 -0.622964 0.699327
-0.931295 -0.353900 -0.086285
-0.961426 -0.216634 -0.169496
-0.596868 0.663965 -0.450443
-0.715687 -0.127992 -0.686593
-0.526105 -0.327766 -0.784718
-0.560688 -0.560739 0.609262
-0.714100 -0.422683 -0.558033
0.847910 -0.146076 0.509618
0.676202 -0.677554 0.289260
-0.831528 -0.223393 0.508583
0.143436 -0.311178 -0.939465
-0.884280 -0.157190 0.439705
0.030117 0.592936 0.804686
0.324918 -0.885626 -0.331804
-0.567170 0.791943 0.226151
-0.163039 0.598361 0.784463
0.219290 -0.925783 -0.307957
-0.303558 0.947429 0.101151
-0.107288 0.993508 -0.037840
-0.165801 -0.145067 -0.975431
0.079893 -0.946481 -0.312715
0.225022 0.448268 0.865113
0.507216 0.396053 0.765424
0.080018 -0.180761 -0.980267
-0.105534 0.966223 -0.235106
-0.303537 0.925557 -0.226296
-0.827274 0.560597 0.036719
-0.731705 -0.658905 -0.174506
-0.408009 0.903980 -0.127862
-0.316756 -0.297577 -0.900618
-0.354726 0.010630 -0.934910
-0.232842 -0.276755 -0.932304
-0.555851 -0.682835 -0.474094
-0.664121 0.728905 -0.166255
0.258355 0.049261 0.964793
0.546266 -0.598829 0.585660
0.156608 -0.286809 0.945100
-0.287076 0.836136 0.467401
-0.411870 0.861841 0.295963
-0.262237 -0.921364 -0.286915
-0.382134 0.219356 0.897695
-0.553287 0.562931 0.613988
-0.860092 0.494719 -0.124474
-0.691374 -0.628559 -0.356251
-0.803369 0.282510 -0.524201
-0.710277 0.304464 -0.634672
-0.832463 0.395207 -0.388351
-0.233464 0.904254 0.357519
-0.352715 -0.666933 0.656348
0.147601 -0.145615 -0.978269
0.164693 -0.901585 -0.400027
0.165801 -0.762712 -0.625124
-0.370651 0.853566 0.366119
-0.432762 0.837056 0.334746
-0.518230 0.082309 -0.851271
-0.641026 -0.257355 -0.723086
-0.194407 -0.880295 -0.432767
-0.933063 0.091787 0.347805
-0.904740 0.305560 -0.296780
-0.819146 -0.474575 0.322146
0.312322 -0.494425 0.811172
0.009976 0.999881 0.011780
-0.917481 -0.365674 0.156561
-0.484287 0.034977 -0.874210
-0.019665 0.959528 0.280926
0.117007 -0.990910 -0.066380
-0.973112 -0.185980 -0.135884
-0.937510 -0.214442 0.274025
-0.946652 -0.233086 0.222531
-0.586724 0.397217 -0.705673
-0.137483 -0.882350 -0.450063
-0.546445 0.040208 -0.836529
-0.968323 -0.249256 0.014920
-0.954467 -0.031386 -0.296661
-0.817733 -0.042349 -0.574038
-0.490324 0.234901 -0.839288
-0.924148 -0.361745 0.122847
-0.018016 -0.488610 -0.872316
-0.401744 0.455971 0.794161
-0.587953 -0.059365 0.806714
-0.721394 -0.137396 0.678758
-0.626586 -0.149285 0.764921
-0.039359 -0.826493 -0.561569
-0.925124 -0.144754 0.350988
-0.926188 -0.081858 0.368069
0.021187 -0.124187 -0.992033
-0.978649 -0.159516 0.129617
-0.608654 0.729504 0.312030
0.506341 -0.704849 0.496796
-0.414666 0.892620 0.176866
0.040456 -0.069377 0.996770
-0.380702 0.670853 0.636414
-0.399512 -0.426962 -0.811230
-0.270539 0.832771 -0.483012
-0.258460 0.197281 -0.945663
0.200756 0.905548 -0.373738
-0.063828 0.191530 -0.979409
0.037056 -0.804211 -0.593187
0.387955 0.687049 0.614373
0.528042 0.372854 0.762989
0.492445 0.870005 0.024278
0.102059 -0.406002 0.908156
-0.095767 -0.495520 -0.863301
0.085027 0.985093 -0.149538
-0.168245 -0.348354 -0.922141
-0.330444 0.861177 0.386238
-0.217226 -0.872568 -0.437537
-0.206893 -0.401930 -0.891991
-0.015221 0.723038 0.690641
-0.193855 -0.475472 -0.858106
-0.242393 0.438930 -0.865209
-0.360881 -0.569015 -0.738909
-0.690486 0.170282 -0.703017
-0.591209 -0.205432 -0.779916
-0.499829 -0.022098 -0.865842
0.162010 0.666989 0.727240
-0.176489 0.290406 0.940487
-0.550311 -0.219859 0.805493
-0.399782 0.644082 0.652176
0.061250 0.481062 0.874544
-0.311603 0.796195 0.518629
0.215643 0.348290 0.912246
-0.915703 0.242302 -0.320590
-0.909680 0.213561 -0.356193
-0.902082 0.199479 -0.382695
-0.727555 -0.034768 0.685168
-0.422096 -0.603594 0.676395
-0.202025 0.591082 0.780902
-0.951888 0.089516 0.293082
-0.823302 -0.386359 0.415813
-0.980494 0.158563 0.116148
-0.993680 0.085315 -0.072949
-0.906676 -0.281599 0.314071
-0.594818 -0.598989 0.536100
-0.768974 -0.483276 0.418477
-0.834183 0.226702 0.502738
-0.964991 -0.201245 0.168205
-0.404336 0.811018 0.422803
-0.212530 0.861858 0.460468
-0.133828 -0.660876 0.738467
0.132514 -0.226463 -0.964963
-0.390062 0.860223 0.328433
-0.289576 0.946825 0.140245
0.009459 -0.380532 0.924719
-0.452900 -0.249735 -0.855870
-0.567039 0.822217 0.049243
-0.873584 -0.478388 -0.089414
-0.831354 -0.425326 0.357700
-0.740291 -0.502479 0.446635
-0.943238 0.277911 -0.181846
-0.726134 -0.511908 0.458998
0.024767 -0.992425 0.120329
0.685960 0.661385 0.303363
-0.837492 -0.214057 0.502780
0.152702 -0.979574 -0.130835
-0.897325 -0.348785 0.270475
-0.180828 -0.161531 -0.970159
-0.358792 -0.010344 -0.933360
-0.500228 -0.427485 -0.753013
-0.641631 -0.109972 0.759089
-0.681039 -0.677994 -0.276604
0.083740 0.067429 0.994204
-0.439931 -0.098274 0.892638
-0.463757 -0.045921 0.884772
0.850841 -0.519214 0.080538
-0.318415 0.944966 -0.075177
0.082536 0.291683 0.952947
-0.525773 0.306107 0.793638
-0.038883 -0.707007 -0.706137
0.122411 0.615287 -0.778741
-0.105384 0.160686 -0.981363
0.067723 -0.616262 -0.784624
0.783851 0.488393 0.383471
0.090716 -0.977418 0.190852
0.422029 0.857136 -0.295312
-0.525153 -0.448531 -0.723211
0.686747 0.726541 -0.022730
-0.137395 -0.423026 -0.895640
-0.274415 -0.379375 -0.883612
-0.045972 0.986220 -0.158925
-0.424670 0.902943 0.065949
-0.670212 0.578447 -0.464989
-0.458212 0.821286 -0.339899
-0.781237 0.297665 0.548693
0.241619 0.325129 0.914282
0.478482 -0.079180 0.874520
-0.465057 -0.449067 0.762929
0.020724 -0.923072 0.384069
0.546293 0.046738 0.836289
-0.544122 0.744587 0.386681
-0.815888 0.569827 -0.098104
-0.739966 0.499926 -0.450026
-0.929850 0.262413 -0.257913
-0.958152 0.156961 -0.239392
-0.148691 0.429830 0.890583
-0.012352 -0.405817 0.913871
0.102870 0.706245 0.700454
-0.323756 0.609710 0.723489
-0.905248 -0.330542 0.266962
-0.957399 0.185274 -0.221497
0.103600 -0.981184 0.162925
0.083562 -0.989080 -0.121401
-0.536401 0.814135 0.222394
-0.242867 -0.114171 -0.963318
0.031882 -0.616682 -0.786566
0.296047 0.950754 0.091776
-0.163834 -0.945753 -0.280552
0.516931 0.852067 -0.082241
-0.410437 -0.652391 0.637124
-0.918313 0.265658 0.293474
-0.372864 0.927812 0.011719
0.259766 -0.115776 -0.958706
0.440405 0.152658 -0.884725
-0.791901 0.507023 0.340325
-0.309349 0.816788 -0.486992
0.319095 0.117192 0.940449
0.221561 0.252922 0.941776
-0.236955 -0.249299 -0.938990
-0.860615 0.362794 0.357383
-0.489802 0.788016 0.372994
-0.094406 0.316599 0.943850
0.358789 -0.073302 0.930536
0.550106 -0.134260 0.824232
-0.416868 0.508201 0.753627
-0.053775 0.959211 -0.277529
-0.112766 -0.063287 -0.991604
-0.227274 0.937232 0.264468
0.855695 0.516166 -0.036853
0.796450 0.477722 0.370740
0.837616 0.540700 -0.077732
-0.086035 -0.878213 -0.470468
-0.271209 -0.352647 -0.895592
0.039343 -0.605282 -0.795038
0.233473 0.278142 0.931734
-0.005769 -0.940954 -0.338486
-0.027968 -0.915493 -0.401360
-0.158001 0.607683 0.778304
-0.278750 -0.095617 -0.955592
-0.149916 -0.357640 -0.921748
-0.627391 -0.540881 0.560204
-0.035803 -0.738251 0.673575
0.894246 0.437893 -0.092598
0.992351 0.074331 -0.098558
0.728074 0.684697 0.033136
0.054050 0.337572 0.939747
0.254437 0.499134 0.828328
-0.568526 0.805077 -0.169201
-0.884055 0.301912 -0.356785
-0.588868 0.589792 -0.552612
-0.459810 -0.866979 0.192150
-0.922628 0.058059 0.381295
-0.951818 0.267243 -0.150415
-0.901558 -0.244159 0.357183
-0.351337 -0.926044 0.137856
-0.998999 -0.043156 -0.011768
-0.898955 -0.432197 -0.071312
-0.043581 -0.998820 -0.021428
-0.693732 -0.549907 -0.465121
-0.009553 -0.758769 0.651289
0.707398 0.410604 0.575320
0.039812 0.802057 0.595918
-0.692382 -0.719846 0.049277
-0.043441 -0.740547 0.670599
0.176305 0.788513 0.589207
-0.562444 -0.651642 0.508939
0.158829 0.907682 0.388442
0.075980 -0.184938 0.979809
-0.062378 -0.033221 0.997500
-0.182649 -0.762477 0.620700
-0.055882 -0.995976 -0.070059
-0.872068 -0.382505 -0.305264
-0.707273 -0.502933 -0.496814
0.789608 0.527156 -0.314047
0.854583 0.491133 0.168748
-0.776553 -0.408920 0.479322
-0.074415 -0.240072 -0.967899
0.274122 0.078762 -0.958464
-0.478005 -0.301861 -0.824859
-0.094056 0.188609 -0.977538
-0.497538 0.069682 -0.864639
0.914528 0.168181 0.367905
-0.480826 -0.135110 0.866344
0.429888 0.456115 0.779202
-0.011829 0.732886 0.680248
0.831252 0.511260 0.218251
0.678501 0.038250 0.733603
0.774113 0.442227 0.452973
-0.404983 0.908726 0.101026
0.785239 -0.143255 0.602393
0.309561 -0.335579 0.889696
0.174062 0.744699 -0.644302
-0.223697 -0.679358 -0.698879
-0.211748 -0.086484 -0.973490
-0.183217 0.354855 -0.916793
-0.279180 -0.074080 -0.957377
0.011503 0.621025 0.783706
0.848460 0.528617 0.026078
0.301339 -0.432182 0.849949
0.765340 0.642374 -0.040131
-0.046798 0.921472 0.385614
-0.384808 0.904709 -0.182826
-0.173049 -0.815160 -0.552783
-0.169604 0.778424 -0.604393
0.155847 -0.195189 -0.968304
-0.521415 0.299228 -0.799118
-0.170269 -0.761587 0.625295
-0.203609 -0.661577 0.721706
0.817363 0.355512 0.453353
0.682373 0.670260 0.291750
0.987328 0.155870 -0.029793
0.097677 -0.984363 -0.146593
0.751885 -0.096168 0.652243
0.953447 0.173913 0.246360
0.728187 0.116190 0.675458
-0.601816 0.650916 -0.462737
-0.940310 -0.113883 0.320697
0.152112 -0.987810 -0.033061
-0.803104 0.484211 -0.347223
-0.941576 -0.123641 0.313285
0.112767 0.210602 0.971046
0.426746 -0.527694 0.734457
-0.727126 0.561539 -0.394919
0.246738 -0.693492 0.676897
-0.793590 0.523523 -0.310063
0.513736 0.742100 0.430538
0.670396 0.692605 0.266208
0.034337 -0.160475 -0.986442
0.830769 0.551473 -0.075495
0.985986 0.144316 -0.083696
0.857076 0.505517 -0.099365
-0.028647 -0.997938 -0.057439
-0.425597 0.635134 -0.644571
0.014627 -0.984419 -0.175229
0.325208 0.771633 0.546647
0.057063 -0.972230 -0.226965
-0.076280 0.907282 -0.413546
-0.813503 -0.347024 -0.466678
-0.134258 -0.839514 -0.526489
-0.639709 -0.571519 -0.513944
-0.724640 -0.410345 -0.553637
-0.576516 -0.271218 -0.770759
0.112813 -0.218910 -0.969201
-0.054543 0.886665 0.459185
0.838990 -0.050797 0.541771
0.363432 0.482764 0.796778
0.649077 0.239242 0.722123
-0.535814 -0.725698 0.431586
0.024415 -0.025742 -0.999370
0.081880 0.996269 0.027264
0.171954 -0.347179 0.921899
-0.491979 0.649762 -0.579454
-0.232483 -0.347581 -0.908372
-0.392685 -0.885456 -0.248527
0.355044 -0.351272 -0.866344
-0.222609 -0.291716 -0.930240
-0.196803 0.208100 -0.958104
-0.720269 -0.217337 0.658769
-0.498917 0.290211 0.816614
-0.664419 0.589658 0.459186
0.086381 -0.856058 0.509611
0.803513 0.063153 0.591928
0.389324 -0.767586 0.509154
0.488574 -0.845272 0.216359
0.527619 0.791689 -0.307972
0.564202 -0.824476 0.043768
0.826536 0.132497 0.547068
0.867570 -0.178283 0.464261
0.991997 0.124287 0.022245
0.961107 0.087061 0.262096
-0.599008 -0.798642 0.057973
0.991079 0.077125 0.108697
0.472435 0.844411 0.252537
0.536106 -0.348311 0.768941
0.714594 -0.392809 0.578841
0.923729 -0.088296 0.372732
-0.803367 -0.342388 0.487208
0.039683 -0.998945 0.023108
0.620152 -0.620371 0.480158
-0.220665 -0.807752 -0.546666
0.648953 0.710519 0.272071
0.074543 -0.957890 -0.277291
0.887695 0.322649 0.328473
0.935615 0.346260 -0.068762
0.938784 0.203387 -0.278063
0.934407 0.353944 0.040098
-0.249858 -0.404419 0.879782
0.942759 0.323236 -0.082001
0.744698 0.618502 0.250758
0.108502 0.816386 0.567223
0.561706 0.454932 0.691031
-0.164473 0.418162 -0.893358
-0.079328 0.308508 0.947908
-0.049775 0.193520 -0.979833
0.696095 0.492232 0.522646
0.143239 -0.392362 -0.908589
0.779016 0.602062 0.175087
0.687834 0.251525 0.680897
-0.303012 0.939564 0.159382
0.003639 0.312597 -0.949879
0.274263 -0.314114 -0.908907
0.067099 -0.648278 0.758441
0.023437 -0.504664 -0.862998
-0.207942 -0.323057 -0.923252
-0.283617 -0.950098 0.129902
0.142365 0.799464 -0.583601
0.359842 -0.030348 -0.932520
-0.167332 0.069651 -0.983437
0.477064 -0.675212 0.562582
0.928221 -0.307784 0.208985
0.909717 -0.389964 0.142630
0.995885 -0.090621 0.001000
0.780928 -0.623515 0.037147
0.976851 -0.206144 0.057155
0.920326 -0.389536 0.035530
0.983697 -0.142561 0.109621
0.982609 -0.103169 0.154390
-0.160436 0.765427 0.623203
0.409866 0.147594 0.900125
0.142221 -0.989383 0.029894
0.668204 -0.111292 0.735607
0.943427 0.258136 0.208112
-0.528227 0.748696 -0.400537
0.314679 -0.406170 0.857906
0.850792 -0.177778 0.494518
0.902609 0.397876 0.164288
0.088809 -0.991512 0.094961
0.067163 -0.989213 -0.130181
0.663858 -0.541899 0.515400
0.902289 0.194191 0.384921
0.890475 0.231029 0.392021
-0.941162 0.320618 0.106859
0.476818 -0.717487 -0.507796
0.942624 0.310049 0.123808
-0.314653 0.867405 -0.385489
0.164133 -0.477633 -0.863092
0.268015 -0.550924 -0.790348
0.968941 0.236169 -0.073331
0.951931 0.252154 -0.173916
0.926423 0.304948 -0.220788
0.829849 0.557973 0.004051
-0.333741 0.364940 0.869158
-0.001925 -0.996216 -0.086888
0.328492 0.907790 -0.260786
-0.862983 0.239073 -0.445089
-0.359839 -0.844612 -0.396417
-0.324454 -0.482788 -0.813416
-0.525965 -0.585742 -0.616658
-0.412193 -0.696853 -0.586936
-0.196057 0.424655 -0.883872
0.402237 0.077271 0.912269
0.540260 -0.305606 0.784044
0.269638 0.071140 0.960330
0.641792 0.511442 0.571428
0.547384 0.126790 0.827221
-0.430708 0.807528 -0.402975
0.032576 -0.984286 -0.173550
0.105432 -0.879697 -0.463699
-0.041766 -0.616379 -0.786341
-0.907946 0.272357 0.318520
-0.784365 0.605552 -0.134455
0.189369 -0.177427 0.965743
-0.001294 -0.823308 0.567593
-0.140985 -0.554991 -0.819822
-0.353734 0.580766 0.733200
0.169765 0.985481 -0.002688
-0.145939 -0.486661 -0.861315
0.067706 0.573480 -0.816417
-0.220885 -0.798775 -0.559615
-0.035109 -0.833235 0.551803
-0.530792 0.687299 0.495863
0.832195 -0.515441 0.204383
0.994158 -0.107157 -0.012936
0.520101 0.852287 0.055693
0.224455 0.973093 -0.052061
0.620911 -0.723759 0.301069
0.868858 -0.484177 -0.103238
0.950963 -0.295432 0.091594
0.190081 0.359778 0.913471
0.567177 0.093712 0.818247
-0.333896 0.938149 0.091595
0.217469 -0.621662 0.752491
0.530263 -0.618775 0.579602
-0.609763 0.696592 -0.378085
0.935554 -0.189507 0.298035
-0.662909 0.622021 -0.416705
0.598381 -0.631152 0.493546
0.937420 0.309281 0.159964
-0.635645 0.319100 0.702944
0.900413 0.410900 -0.142889
-0.061797 -0.967349 0.245798
-0.048846 -0.985422 -0.162962
0.576307 0.395053 0.715404
-0.620876 -0.537510 -0.570610
0.520700 0.625806 0.580722
0.303339 0.702110 0.644225
0.423303 0.082406 0.902233
0.307837 -0.126105 0.943045
0.114071 0.461655 -0.879695
0.566208 0.301625 -0.767093
-0.454799 0.477872 -0.751529
-0.684376 0.255759 -0.682801
-0.136587 0.357949 -0.923697
-0.522911 0.851853 0.030180
-0.876169 -0.306375 0.372105
-0.847630 -0.521741 0.096489
-0.993837 0.017932 -0.109389
-0.718146 0.637776 -0.278402
-0.192758 -0.936727 -0.292210
-0.049446 -0.254116 -0.965909
-0.144627 -0.331554 -0.932285
-0.212574 -0.928164 -0.305488
-0.808420 0.576140 0.120502
-0.524917 0.811454 -0.256913
-0.353931 0.427485 -0.831859
-0.253686 -0.375695 -0.891345
-0.381558 0.078587 0.920998
0.563807 -0.825571 0.023557
0.859586 -0.495794 -0.123692
0.282116 0.678427 0.678342
0.417567 -0.880840 0.223065
-0.732454 0.591732 -0.336695
0.391729 -0.719822 0.573066
0.612908 0.560422 0.557019
0.652321 -0.433028 0.622064
-0.635345 0.537112 0.554841
-0.894983 0.353204 -0.272493
0.636824 -0.651947 0.411607
-0.816220 0.577687 0.007916
0.495432 -0.351503 -0.794351
0.181164 -0.744176 -0.642948
-0.078789 0.866272 -0.493321
-0.368214 -0.851801 0.372631
-0.121682 0.726144 0.676689
0.075056 -0.990360 -0.116422
0.582137 0.496873 0.643609
0.562156 0.655964 0.503678
-0.677852 -0.344059 -0.649723
-0.204995 -0.973916 -0.097292
0.416745 0.691637 0.589883
-0.733723 0.365678 -0.572652
0.257181 0.905853 0.336583
0.101108 0.947534 0.303243
-0.250252 -0.141151 -0.957836
0.477580 -0.155755 0.864672
-0.429607 0.728194 -0.534014
-0.725987 0.519915 0.450145
-0.691755 -0.342392 0.635801
0.291190 0.206607 -0.934089
-0.604724 -0.322038 0.728423
-0.724378 -0.328547 0.606080
-0.835658 -0.115153 0.537043
-0.927391 -0.362948 -0.090639
0.001804 -0.400706 0.916205
-0.443733 0.888269 -0.118657
-0.913724 -0.406336 0.000541
-0.964645 0.214007 -0.153822
-0.381914 -0.798847 -0.464742
-0.226661 -0.618367 -0.752494
-0.865856 -0.316125 0.387760
-0.884272 -0.394490 0.249883
-0.194729 -0.980846 0.004693
-0.226385 0.941386 -0.250085
0.617787 -0.325436 -0.715843
-0.297939 -0.412586 -0.860816
-0.450182 0.330436 0.829547
-0.256780 0.889634 0.377643
-0.806581 -0.568969 0.160317
-0.261146 0.965261 0.008635
-0.159159 -0.987073 0.018876
0.864340 0.235976 0.444108
0.620024 0.710139 0.333575
-0.222499 0.937182 -0.268670
0.036856 0.198894 0.979328
0.576777 -0.378819 0.723757
0.502856 0.432344 0.748475
-0.814898 0.534201 0.224878
0.091679 -0.969752 -0.226221
0.063290 -0.821437 -0.566776
-0.427169 0.182376 0.885588
0.223546 -0.947839 -0.227220
-0.979046 0.140632 0.147282
-0.847070 0.278319 -0.452781
0.643740 0.754544 0.127525
-0.143763 0.364436 -0.920064
-0.781976 -0.569175 -0.254072
0.562225 0.316777 0.763908
0.200800 -0.519625 0.830463
-0.244025 -0.915943 0.318591
-0.273754 0.902935 0.331312
-0.408554 0.830670 -0.378248
0.434674 0.373564 -0.819456
0.642070 0.434362 0.631724
-0.028737 -0.877705 -0.478339
-0.167943 -0.197823 -0.965744
0.062857 0.366075 -0.928460
-0.102738 -0.041004 -0.993863
-0.555910 -0.105468 0.824525
-0.343112 0.939128 -0.017706
0.050895 0.998102 0.034660
0.057703 -0.514180 0.855739
-0.008073 -0.999420 0.033079
-0.765888 -0.037000 -0.641909
-0.635036 0.728704 -0.256360
-0.227587 -0.626944 -0.745081
-0.218794 0.700648 -0.679133
0.296104 0.068496 -0.952697
-0.782118 0.170147 -0.599450
-0.116476 -0.141552 0.983055
-0.035723 -0.851987 0.522343
-0.809406 0.273313 0.519771
0.366376 0.749498 0.551382
-0.900663 -0.432554 0.041270
-0.845572 0.422146 0.326803
-0.981702 -0.160316 0.102762
0.570992 0.765062 0.297738
-0.960648 0.111116 -0.254577
-0.258509 0.862963 0.434129
0.703497 0.127461 0.699175
0.550468 0.779894 0.297910
0.781850 -0.088755 0.617117
0.839645 0.006858 0.543093
0.474306 0.869543 -0.137579
-0.213131 0.944011 -0.251829
-0.751461 0.332049 0.570131
-0.835317 0.504987 -0.217333
-0.494546 0.554255 0.669496
0.360894 -0.775448 0.518109
0.614646 -0.626540 0.479227
-0.812063 0.577317 -0.085192
0.109553 -0.769630 0.629022
-0.910092 0.248118 -0.331918
0.591477 -0.631688 0.501124
-0.896711 0.227853 -0.379464
-0.499444 0.866340 0.003243
-0.276871 -0.361539 0.890299
-0.238178 0.857547 0.455943
-0.817490 0.394997 0.419150
-0.918561 -0.306838 0.249192
-0.614794 0.781940 0.102951
0.075032 -0.987560 -0.138186
-0.910788 -0.120339 -0.394947
-0.041815 -0.997127 -0.063161
0.052647 0.606997 0.792958
-0.333681 -0.940680 -0.061460
-0.907640 -0.238793 -0.345207
-0.564479 0.133099 -0.814646
-0.548256 -0.557893 -0.623034
-0.623405 -0.041896 -0.780776
-0.751966 0.486475 -0.444847
0.216364 0.399687 0.890751
-0.455495 -0.767236 -0.451523
-0.231177 -0.712561 -0.662431
-0.540539 0.438580 0.717959
-0.308872 -0.089287 0.946903
-0.602923 -0.098239 0.791727
-0.774702 -0.144304 0.615641
0.626070 0.435630 -0.646732
-0.535237 0.809223 -0.242238
0.069828 -0.930889 -0.358566
0.641566 0.284116 -0.712511
-0.295179 -0.940709 -0.167140
-0.382309 -0.165695 -0.909057
-0.799438 0.265409 -0.538940
-0.148532 0.465680 0.872399
-0.862036 -0.451926 0.229471
-0.103980 -0.816813 0.567455
-0.431329 0.590980 0.681688
-0.998970 0.043764 0.012022
-0.860458 -0.452017 -0.235144
-0.858277 -0.316000 0.404356
-0.810351 -0.508429 0.291259
-0.871624 0.405683 -0.275123
-0.917782 0.327968 -0.223860
-0.684383 0.266837 -0.678541
-0.726164 0.523423 -0.445773
-0.988318 -0.150328 0.025065
-0.991412 -0.014931 -0.129919
-0.783556 0.473671 0.402089
-0.463306 0.806025 0.368335
0.847166 0.231201 0.478388
0.624866 -0.394622 0.673659
0.389078 0.316104 0.865272
0.894599 0.444428 0.046657
-0.267418 0.914782 -0.302756
0.470285 -0.759256 0.449847
0.512735 -0.741012 0.433594
0.138860 -0.976883 0.162537
0.532254 -0.259086 0.805965
0.213732 -0.961641 0.171943
-0.115855 -0.959105 -0.258255
-0.651007 0.574244 -0.496420
-0.995329 0.008442 0.096174
-0.971278 0.060015 0.230254
-0.915149 -0.374928 0.148095
-0.367509 -0.045269 0.928918
-0.959396 0.103245 0.262486
-0.580339 0.145175 0.801331
-0.666403 0.648318 0.368227
-0.982368 -0.174696 0.066586
0.036337 -0.996036 -0.081194
-0.906884 0.276024 0.318392
-0.963281 -0.261803 0.059565
-0.184326 0.905508 0.382202
-0.938076 -0.257432 0.231825
-0.918879 -0.381861 -0.099218
-0.881339 -0.317981 -0.349469
-0.792192 0.609648 0.027593
-0.448466 0.870415 0.203115
-0.930525 -0.262814 -0.255051
-0.813827 -0.255968 0.521695
-0.773993 -0.514891 -0.368541
-0.370943 -0.912919 -0.170234
-0.757321 -0.447158 -0.475935
-0.790353 -0.444694 -0.421415
0.344311 -0.119958 0.931160
0.413761 -0.080610 0.906809
0.083768 0.894544 0.439059
0.563904 0.194652 0.802573
-0.062108 0.028371 -0.997666
-0.616161 -0.781646 0.096830
-0.341134 0.932657 0.117379
-0.154930 0.888155 -0.432640
0.697198 0.682385 -0.219695
-0.472127 -0.326521 -0.818829
0.556257 -0.382299 -0.737852
-0.313351 0.945257 0.091109
-0.327004 0.688419 -0.647416
-0.613209 -0.333968 -0.715849
0.051737 -0.674267 -0.736673
-0.075074 -0.540570 0.837943
-0.023350 0.165156 0.985991
-0.615966 -0.711142 0.338914
-0.916681 -0.097456 0.387555
-0.515576 -0.498492 0.696912
-0.026768 0.999636 -0.003405
-0.782000 0.006239 0.623247
-0.322152 -0.941650 0.097540
-0.171060 0.832909 0.526309
0.015438 0.906316 0.422319
-0.377593 -0.871414 -0.313148
-0.308938 0.663393 0.681518
-0.768049 -0.635957 0.075235
-0.868525 -0.427285 0.251182
-0.836689 -0.499497 0.224618
-0.952453 -0.301856 -0.041436
-0.915041 -0.372808 0.153994
-0.552010 0.745551 -0.373415
0.882211 0.453499 0.126662
0.956911 -0.012643 0.290106
0.974652 0.191184 0.116200
0.986790 0.131975 0.093955
0.971452 0.237220 -0.002737
0.775932 -0.317495 0.545094
0.283225 -0.929382 -0.236714
0.938981 0.151209 0.308951
0.949579 0.236353 0.206002
-0.418739 -0.530726 0.736877
0.811547 0.232148 0.536189
-0.450619 0.861067 0.235596
0.593340 0.237400 0.769148
-0.261019 0.965066 0.022739
-0.457036 0.851075 -0.258438
0.089130 -0.857118 0.507350
-0.971136 -0.229374 -0.065439
-0.483123 0.363316 0.796614
-0.812052 -0.136399 0.567422
-0.827007 0.245665 0.505676
-0.021108 -0.918928 0.393859
-0.923817 -0.381782 0.028372
-0.429196 0.879267 0.206592
-0.911426 -0.394918 -0.115506
-0.897525 -0.437345 -0.056376
0.250526 0.935481 0.249223
0.231977 0.866748 0.441514
0.669908 -0.739078 -0.070620
-0.185214 0.934198 0.304910
0.819090 -0.519002 -0.244393
-0.740956 -0.382140 -0.552226
0.284724 -0.958560 -0.009716
0.723052 0.630786 -0.281613
0.163760 -0.980687 0.106937
-0.736972 -0.404049 -0.541864
-0.711605 0.292040 -0.639008
-0.935862 0.324794 0.136644
-0.522218 -0.483969 -0.702184
-0.683641 0.708398 -0.175522
-0.973401 0.214952 -0.079289
-0.259015 0.276777 -0.925368
-0.569689 -0.496417 -0.655000
-0.466663 0.081563 -0.880666
-0.307595 -0.130912 -0.942469
-0.676308 -0.431819 -0.596774
0.480925 -0.077434 0.873336
0.198414 0.582296 0.788393
0.390036 0.430883 0.813763
-0.350585 -0.732046 -0.584123
-0.204721 0.596046 0.776414
-0.196250 0.314490 0.928753
-0.204494 0.063788 0.976787
0.370278 -0.707699 0.601712
0.565682 0.563571 0.601990
-0.407273 0.570424 0.713263
-0.108079 0.954653 0.277411
-0.330494 -0.437907 -0.836069
-0.096251 -0.714621 -0.692859
-0.283730 0.946372 -0.154521
-0.391410 -0.306330 -0.867733
-0.253427 -0.121328 -0.959716
-0.432611 0.878074 0.204534
-0.791174 0.565828 0.232125
-0.008206 0.233265 0.972378
-0.423876 -0.143575 0.894268
-0.771403 -0.446245 0.453655
-0.817199 -0.503964 0.279655
-0.983635 0.005084 -0.180100
-0.735904 -0.658237 -0.158647
-0.847361 0.518381 0.115151
-0.902821 0.017645 0.429653
-0.870966 -0.376554 -0.315634
-0.795148 0.111733 -0.596033
-0.618566 0.365422 -0.695588
-0.611386 -0.733121 -0.297892
-0.936175 -0.213505 -0.279271
-0.636457 0.538539 -0.552176
-0.945844 0.314083 0.082045
-0.270201 -0.750165 -0.603527
-0.367128 0.929865 -0.023853
0.673932 0.199851 0.711249
0.529356 0.590392 0.609277
-0.271843 0.719693 0.638861
-0.317091 0.334514 0.887442
-0.341683 -0.016560 0.939669
-0.099689 0.994549 -0.030581
-0.401477 0.584737 0.704911
-0.292703 -0.184600 0.938215
-0.928816 -0.280786 0.241785
0.130359 -0.991020 0.029757
0.227430 -0.964953 -0.130926
0.678768 0.633297 -0.371765
-0.946258 -0.097916 0.308235
0.075588 -0.954508 -0.288447
-0.395250 0.902612 0.170498
-0.363953 -0.922427 0.129102
-0.773197 0.634035 -0.012898
0.497179 -0.866052 -0.052600
-0.570638 -0.170898 -0.803223
0.317201 -0.779854 -0.539640
0.702091 -0.635613 -0.321037
0.021592 -0.406681 -0.913315
-0.735523 -0.560936 -0.379943
0.597369 0.102827 0.795347
0.481402 -0.087111 0.872161
0.396830 -0.103383 0.912051
0.334644 -0.276540 0.900855
-0.355322 0.924226 -0.139831
-0.254728 0.147427 -0.955709
-0.404630 -0.887423 0.220805
0.720382 -0.264691 0.641084
-0.327406 0.941680 0.077748
0.411805 0.099312 -0.905844
0.132834 0.787484 0.601850
-0.016078 0.650561 -0.759284
-0.306289 -0.951937 -0.001412
0.189844 0.852503 0.487030
0.015208 0.146909 -0.989033
0.285260 -0.586288 -0.758217
-0.532263 0.266495 -0.803540
-0.628651 0.772333 0.091109
0.115623 -0.653961 -0.747641
-0.483392 0.587207 -0.649246
-0.043188 -0.267500 -0.962590
0.111342 -0.079900 0.990565
0.008186 0.840507 0.541739
0.176246 -0.774200 0.607907
0.009592 0.997934 0.063521
-0.300557 -0.728311 0.615816
-0.721143 -0.348007 0.599036
0.016326 0.999290 0.033959
-0.859949 -0.423190 0.285302
-0.326736 0.162155 0.931101
-0.855793 0.229430 -0.463660
-0.854745 -0.454541 0.250607
-0.450787 -0.873658 -0.183064
-0.775471 -0.303779 -0.553501
-0.555519 -0.699784 -0.449111
0.566613 -0.065491 0.821377
0.085493 0.992051 0.092337
0.645973 0.343833 0.681541
0.664567 0.408218 0.625866
0.816608 -0.267582 0.511421
-0.368579 0.918789 0.141337
-0.428163 -0.451762 -0.782680
-0.978443 -0.195077 0.067784
-0.398664 -0.683897 0.611025
0.062508 -0.974761 0.214322
-0.345622 0.923700 0.165298
0.361710 -0.750406 -0.553225
0.613968 0.690925 0.381663
-0.724997 -0.675707 -0.133414
-0.992732 0.067556 0.099598
0.416104 -0.898213 -0.141671
-0.979935 0.135999 -0.145708
0.552174 -0.833532 0.018130
-0.464503 0.884177 -0.049677
-0.230692 0.047422 -0.971870
-0.503005 -0.126573 -0.854965
0.012238 -0.443955 -0.895965
0.499988 0.002148 0.866030
0.456722 -0.055553 0.887873
-0.665845 0.585918 -0.461900
-0.680161 0.086515 -0.727940
-0.166783 0.616595 -0.769411
-0.493568 0.123649 0.860873
-0.644592 -0.642096 -0.414986
-0.597993 -0.545661 -0.587076
-0.394936 -0.564813 -0.724577
0.451310 0.504002 0.736411
0.334295 0.923157 0.189812
0.410576 0.240109 -0.879645
0.288373 0.942367 -0.169664
-0.091038 0.525538 -0.845885
-0.633643 0.585209 0.505991
-0.374656 -0.088587 0.922922
0.243509 -0.817837 0.521388
-0.054828 0.348148 0.935835
0.292643 0.660702 0.691254
-0.860218 -0.393276 0.324591
-0.672232 0.470659 0.571476
-0.057571 0.483463 0.873470
-0.809679 0.575290 0.116024
-0.821944 0.434759 -0.367957
0.044125 -0.993766 0.102382
-0.452769 0.860993 -0.231715
0.660320 -0.381617 0.646796
0.881567 -0.397507 0.254612
-0.029622 0.944443 0.327337
0.646971 0.539378 0.538980
0.159070 0.876290 -0.454766
0.666377 -0.563093 0.488742
-0.138327 0.495340 0.857615
-0.307238 0.951592 0.008821
-0.395604 0.844691 0.360548
-0.537826 0.013327 0.842950
-0.013560 0.721506 -0.692276
0.854050 0.471675 0.219366
0.659523 0.613422 0.434445
0.420974 0.651811 0.630811
-0.148833 0.964188 0.219525
-0.347621 0.936267 0.050641
-0.442706 0.770476 -0.458670
-0.173645 0.061037 -0.982915
-0.260819 0.235862 -0.936131
0.577288 -0.017295 0.816357
0.670220 0.030781 0.741524
0.626909 -0.082339 0.774729
-0.476556 0.857504 -0.193858
0.518372 0.034852 0.854445
0.673898 0.220644 0.705108
-0.087699 -0.865657 -0.492896
-0.556301 0.203137 -0.805769
0.316236 0.186763 -0.930115
0.711555 -0.403876 0.574955
0.689868 -0.162967 0.705354
0.505667 -0.712713 0.486150
-0.374686 -0.634838 -0.675715
0.390889 0.677125 0.623464
-0.549967 -0.199758 -0.810946
-0.512627 -0.427072 -0.744864
0.650112 0.638584 0.411783
0.072614 -0.451746 -0.889187
0.261485 -0.426776 -0.865730
-0.680089 -0.414506 -0.604701
-0.271375 0.651070 0.708847
-0.434830 -0.403424 -0.805091
-0.593343 0.517697 0.616387
0.209822 -0.565108 -0.797889
0.077022 0.477557 0.875218
0.167442 0.155008 0.973620
0.474172 -0.405190 0.781653
0.280118 -0.687978 0.669492
-0.815144 -0.389043 0.429169
-0.663903 0.597581 0.449590
-0.261905 -0.023209 0.964815
-0.038768 0.976229 0.213246
0.039580 -0.972095 0.231226
-0.071362 -0.966969 -0.244700
-0.304243 0.661856 0.685116
-0.368566 -0.826555 -0.425401
-0.050427 -0.984305 -0.169116
-0.557690 0.767932 0.315059
-0.900208 0.084804 -0.427123
-0.595975 0.632008 -0.495358
-0.330510 -0.926926 -0.177681
-0.755449 -0.031986 0.654427
-0.283308 0.502429 0.816885
-0.201158 -0.325529 0.923886
-0.188691 0.744979 0.639846
-0.797086 0.290607 0.529340
-0.817957 -0.359704 0.448954
-0.034425 -0.448789 0.892974
-0.861101 -0.212176 0.462046
0.867783 -0.361720 0.340751
-0.286343 -0.957490 -0.034946
-0.524939 -0.838810 -0.144345
-0.835397 -0.135349 0.532721
-0.156363 -0.230838 0.960346
-0.366435 0.808639 0.460249
0.578596 0.136720 -0.804074
0.986152 0.134983 -0.096351
0.976254 0.082842 -0.200162
0.864024 0.452022 0.221673
0.996032 0.088563 0.008776
0.993608 -0.002387 0.112860
0.928394 0.016311 0.371240
0.010975 0.917084 0.398543
-0.518245 -0.848708 -0.105442
-0.128199 0.991564 0.019133
0.485591 -0.656102 -0.577695
0.759514 -0.430922 -0.487282
-0.406587 0.376192 -0.832566
0.144979 -0.668612 -0.729341
0.654013 0.067599 0.753457
0.556898 0.123063 0.821413
0.195018 0.892451 0.406816
0.646776 0.226791 0.728181
0.799955 -0.552799 0.233422
-0.069130 0.996963 0.035869
-0.127642 -0.985350 -0.113109
0.688190 0.152033 0.709423
0.867689 -0.336282 0.366103
-0.615772 -0.514441 -0.596804
-0.212339 -0.791542 -0.573038
-0.301708 0.899030 0.317361
-0.411448 -0.561781 -0.717713
0.129723 0.771373 -0.623021
-0.700389 -0.126595 -0.702445
-0.099456 -0.119893 -0.987793
-0.421259 -0.553716 -0.718289
-0.243471 -0.397922 -0.884522
-0.367726 -0.339831 -0.865617
-0.442499 0.238304 -0.864526
-0.348725 -0.068078 -0.934749
0.218184 -0.196698 -0.955880
-0.106796 0.475777 -0.873058
-0.325993 0.883793 0.335617
0.625500 -0.708142 0.327543
-0.764157 0.549203 0.338290
-0.667694 -0.279426 0.690004
0.762352 0.123759 0.635218
0.817017 0.439543 0.373209
0.994012 -0.066586 -0.086637
0.009778 0.144121 0.989512
-0.357891 0.360783 0.861249
-0.677741 0.594243 -0.433062
-0.730105 0.279054 -0.623759
-0.873826 0.097185 -0.476427
-0.319932 -0.784128 -0.531777
-0.607998 0.698817 -0.376820
0.468883 -0.223413 0.854538
0.357116 -0.269533 0.894327
0.013766 0.677848 0.735073
-0.408965 -0.347089 0.843965
-0.026465 -0.524409 0.851055
0.691093 -0.447658 0.567443
-0.874636 -0.388097 0.290505
-0.877324 -0.472404 0.084484
-0.950941 -0.038505 0.306966
0.220419 0.953429 -0.205886
0.152394 -0.584336 0.797074
0.589168 0.578060 0.564560
0.338972 -0.694164 0.635007
-0.083695 0.197506 0.976722
-0.180802 0.879344 0.440528
-0.196732 0.908980 0.367495
-0.042808 0.996629 0.069989
0.176458 0.108599 -0.978299
0.925169 0.159517 -0.344407
0.103775 -0.971115 -0.214863
0.101435 -0.993226 -0.056683
0.780217 0.497770 -0.378795
0.864483 0.415749 -0.282528
-0.884413 0.352728 -0.305610
0.654420 0.053890 0.754209
0.778394 0.569115 0.264972
0.699244 -0.014237 0.714741
0.649497 0.151465 0.745125
0.483023 -0.049056 0.874232
0.017300 0.998045 0.060052
-0.003011 0.999440 -0.033339
-0.177698 0.981804 -0.066966
-0.451963 0.205027 -0.868155
-0.309784 0.063212 -0.948703
-0.596654 0.203193 -0.776348
0.825151 0.006341 0.564876
0.627968 0.480852 0.611913
0.870296 0.210841 0.445120
0.020489 0.974734 0.222425
0.998280 0.048055 0.033569
0.990594 0.126494 0.052173
0.604203 -0.794892 0.055545
0.784703 -0.287161 0.549345
-0.617095 -0.432839 -0.657149
0.303721 -0.802707 0.513239
0.456874 0.857981 -0.234809
-0.273822 -0.711157 -0.647516
0.070180 -0.450148 -0.890192
0.203135 -0.076178 -0.976183
0.370659 0.013505 -0.928671
-0.314417 -0.375855 -0.871708
-0.213450 0.151460 -0.965142
-0.201786 -0.435489 -0.877287
0.280410 -0.524322 -0.804025
-0.373702 0.421644 -0.826173
-0.057442 0.885697 -0.460697
0.370367 0.566767 0.735937
0.873230 -0.460793 -0.158553
0.880996 -0.436816 -0.181763
-0.925519 -0.023700 0.377959
0.025456 -0.783909 0.620353
0.184503 0.189765 0.964338
0.128301 -0.989518 0.066276
0.662216 -0.584230 0.469197
0.927587 0.366642 0.071804
-0.165072 0.779512 0.604245
-0.910343 0.081797 -0.405691
-0.783084 0.374178 -0.496759
-0.790029 -0.283210 -0.543734
-0.929800 0.118323 -0.348527
-0.923536 0.297877 -0.241559
-0.717901 -0.403274 -0.567441
-0.987071 -0.152325 0.049870
0.206489 0.958744 0.195377
-0.825281 0.563241 0.040865
0.098284 0.520579 0.848138
0.108672 0.984193 -0.139838
-0.008541 -0.995583 0.093492
0.339926 0.565408 0.751508
0.830977 -0.384005 0.402514
-0.127206 -0.973079 0.192187
-0.665124 0.708718 0.235220
-0.018918 -0.998928 0.042242
-0.075479 -0.996912 -0.021672
-0.023837 0.821968 0.569035
0.103657 0.712960 -0.693501
0.159757 0.584432 -0.795561
-0.884565 0.463993 -0.047496
-0.635660 -0.767047 0.087036
0.517640 0.854432 0.044657
0.827143 -0.011995 0.561864
0.348305 0.847438 0.400664
0.602791 -0.041142 0.796838
0.119865 0.985743 -0.118085
-0.122312 0.970910 0.205849
-0.593073 0.024618 -0.804772
-0.615976 -0.070651 -0.784590
0.473980 -0.483227 -0.736094
-0.486097 0.865412 -0.121542
-0.054013 0.543357 -0.837763
0.655300 -0.705672 -0.269460
0.917741 0.027413 0.396233
0.999996 0.002239 -0.001641
0.823421 0.457819 0.335231
0.929160 0.359668 -0.085442
0.963364 -0.011311 -0.267958
0.823855 -0.230365 0.517876
0.370676 0.395291 0.840443
0.093674 0.994661 0.043296
-0.175437 -0.678019 -0.713801
0.661439 -0.030434 -0.749382
0.521864 -0.084474 -0.848836
-0.357823 -0.622338 -0.696174
-0.635358 -0.030109 -0.771631
-0.502766 0.017251 -0.864250
-0.001013 -0.927189 -0.374593
-0.034664 -0.397937 -0.916758
-0.237435 -0.175599 -0.955400
-0.272803 -0.495299 -0.824777
0.628895 0.624491 -0.463143
-0.059864 0.625258 0.778119
-0.373611 -0.115788 -0.920331
-0.223084 0.522338 0.823041
-0.327673 0.905159 -0.270771
-0.155176 -0.334838 -0.929411
-0.090085 0.663488 -0.742744
0.480286 -0.201933 0.853551
-0.092105 0.553536 0.827716
0.765390 -0.611574 0.200388
0.259634 0.208856 0.942852
-0.476279 0.318849 0.819447
0.316833 0.584545 0.746943
0.990117 -0.036975 0.135279
-0.011177 -0.963928 -0.265928
0.122656 -0.472758 0.872614
-0.600582 0.799509 -0.009308
-0.219085 0.899486 0.378058
-0.686218 0.442409 -0.577390
-0.430245 -0.530009 -0.730739
0.188998 -0.617577 -0.763465
0.415592 0.071215 0.906759
-0.919290 0.118879 -0.375199
0.496697 -0.481142 0.722354
-0.023301 0.849814 0.526567
0.680366 -0.325082 0.656829
0.844475 -0.310800 0.436194
-0.051479 0.985941 0.158967
0.833741 -0.404749 0.375571
-0.069958 -0.800298 -0.595507
0.798166 -0.526559 0.292689
-0.280825 0.706906 0.649170
-0.120694 -0.990407 -0.067289
0.094879 -0.993420 -0.064141
0.101040 0.504359 0.857562
-0.553325 0.493560 -0.670992
0.090926 -0.849208 -0.520172
-0.471039 -0.793925 0.384454
-0.604294 -0.796751 0.004011
-0.369979 -0.923663 -0.099807
0.589516 0.319346 0.741950
0.777354 -0.065426 0.625652
0.038488 0.969961 0.240195
-0.422850 -0.783567 -0.455215
-0.221386 -0.580490 -0.783594
-0.709313 0.123906 -0.693918
-0.453021 0.111570 -0.884491
-0.125061 -0.939979 -0.317487
0.841468 -0.371835 -0.392008
0.200970 0.965604 0.164984
0.998297 -0.045243 -0.036838
-0.300424 0.772812 0.559024
0.801270 0.593982 -0.071776
0.716836 -0.225736 -0.659689
0.586323 0.537793 -0.605808
0.068626 -0.803663 -0.591115
-0.612567 0.097348 -0.784401
-0.278020 0.471191 -0.837068
-0.467778 -0.353596 -0.810033
-0.068479 0.357748 -0.931304
-0.338989 -0.425104 -0.839269
-0.524944 0.812850 0.252407
-0.509175 0.624249 0.592497
0.282304 -0.527323 -0.801396
-0.329709 0.093179 -0.939473
0.068559 0.373697 -0.925014
0.870338 0.469823 0.147578
0.676446 -0.235438 0.697847
0.884243 0.365342 -0.290928
0.964645 0.108926 -0.239991
0.638710 0.177562 0.748680
0.045923 0.490809 0.870056
0.642251 -0.212636 0.736410
-0.708743 0.528292 0.467537
0.475430 0.715814 0.511446
0.957563 0.278621 0.073782
0.736514 -0.558316 0.381877
-0.134287 -0.968243 -0.210886
0.874141 -0.332114 0.354370
0.280390 -0.906796 -0.314806
-0.855365 0.381906 -0.349998
-0.602665 -0.326375 -0.728200
-0.130758 -0.449872 -0.883469
0.715289 -0.364156 0.596450
0.810076 -0.392025 0.435997
0.833628 -0.094897 0.544113
-0.627946 -0.547705 -0.552904
-0.626371 0.748394 0.218094
-0.035511 -0.998293 0.046374
-0.555953 0.606229 0.568684
-0.205117 0.568028 0.797039
-0.749884 0.644752 0.148222
-0.046172 -0.988979 -0.140670
0.195629 -0.980078 -0.034302
-0.494260 -0.862514 0.108525
-0.213384 0.758330 -0.615957
0.599342 0.030226 0.799922
0.942524 -0.169196 0.288133
0.912000 0.394356 -0.112867
-0.241405 -0.852227 -0.464148
-0.372265 -0.030892 -0.927612
0.661320 0.017785 -0.749893
0.830477 0.202156 0.519077
0.961659 0.273830 -0.015124
0.669011 -0.150459 0.727864
-0.401215 -0.502655 -0.765744
-0.853105 0.492452 -0.172347
-0.571775 0.251776 0.780822
0.683034 -0.200571 0.702308
0.383843 -0.869028 0.312177
-0.001752 0.708454 -0.705755
0.281510 -0.225452 -0.932697
0.649973 0.177518 0.738933
0.916161 -0.398593 0.042107
0.868425 -0.495325 0.022155
0.896285 -0.357281 -0.262722
-0.660606 0.520697 0.540808
0.959898 -0.203424 -0.192912
0.982884 -0.075076 0.168234
0.313186 -0.821248 0.476935
0.275435 0.023647 0.961029
0.329649 0.409113 0.850857
-0.301912 0.518855 0.799774
0.929610 0.368361 0.011632
0.047266 -0.997463 -0.053236
-0.813705 0.373926 -0.445043
0.386018 0.378953 0.841061
-0.936706 0.308087 -0.166323
0.237356 -0.560997 -0.793061
0.941711 -0.084675 0.325591
0.944905 -0.128469 0.301081
0.060476 -0.979099 -0.194187
0.073020 -0.996638 0.037155
-0.380696 0.130726 -0.915413
0.089110 -0.964795 -0.247447
-0.184616 -0.790715 0.583685
-0.329401 -0.877380 0.348855
-0.105671 -0.981073 0.162261
0.798749 -0.087599 0.595254
0.932236 -0.157174 0.325933
0.681925 -0.092244 0.725582
0.962010 -0.103253 0.252738
0.745467 -0.184214 0.640581
0.471066 0.866511 0.165093
-0.603817 -0.333996 -0.723776
-0.386657 0.676265 0.627026
0.172868 -0.688493 -0.704339
-0.205912 -0.585926 -0.783767
0.672598 0.182364 0.717186
-0.280911 -0.640432 -0.714798
0.078821 -0.381745 -0.920901
-0.121446 0.472871 0.872722
0.128025 0.502554 -0.855014
0.098783 -0.306851 -0.946617
0.785999 -0.348604 -0.510569
0.186007 0.187504 -0.964491
0.038017 0.576366 -0.816307
0.282002 0.150914 -0.947470
0.711926 -0.526589 0.464614
0.356186 0.482639 0.800120
0.812657 0.522402 0.258235
0.928802 0.257698 -0.266306
-0.245467 -0.668678 0.701866
0.916047 -0.093472 -0.390026
0.049542 -0.993325 0.104169
0.293127 0.561572 0.773766
0.762559 0.605941 0.226581
0.692319 0.072417 0.717949
-0.553472 0.829168 0.078418
-0.843082 0.412313 -0.345270
-0.856370 0.377412 -0.352407
-0.852884 0.424178 -0.304404
0.619784 -0.386322 -0.683098
-0.850617 0.343226 -0.398306
0.766207 -0.512275 0.387944
0.823126 -0.519605 0.229073
-0.814817 0.408645 -0.411197
0.967521 -0.087815 0.237048
0.997504 0.034946 0.061351
0.877066 -0.443447 0.184689
0.991455 0.025957 0.127843
-0.492082 0.458708 0.739893
0.728970 -0.497591 0.470113
0.971388 0.075492 0.225179
0.860099 0.101238 0.499980
-0.107123 0.875239 0.471680
-0.021576 0.992368 -0.121410
0.243669 0.712469 -0.658037
-0.520474 0.651525 -0.551926
-0.724654 0.190066 -0.662383
0.574372 0.499694 0.648385
0.903813 -0.088746 0.418624
0.977117 -0.137602 0.162196
0.767606 -0.129571 0.627688
0.903018 -0.000573 0.429602
-0.138614 0.949972 0.279892
0.565235 -0.092108 0.819772
-0.305706 0.941536 -0.141610
-0.631059 0.503013 -0.590544
-0.826410 0.367128 -0.426924
-0.949537 -0.308802 0.054964
-0.933200 -0.352348 0.070624
0.773673 -0.631704 -0.048781
-0.940970 -0.193962 -0.277407
-0.839899 -0.397933 -0.369078
-0.671816 -0.385132 -0.632722
0.813104 -0.302305 0.497467
-0.605338 -0.131539 -0.785025
-0.647994 0.761591 0.009137
0.157737 -0.082672 -0.984014
-0.147167 -0.866258 -0.477430
0.089640 -0.127395 -0.987793
0.463463 -0.878010 -0.119586
-0.465737 -0.363710 -0.806724
-0.323137 -0.558221 -0.764180
0.262782 -0.303808 -0.915776
0.482066 0.464120 -0.743105
-0.310593 0.610541 -0.728541
-0.630310 0.039909 0.775317
-0.743926 0.425266 0.515484
0.021129 -0.912963 0.407494
0.507385 0.358710 0.783510
0.603655 0.567997 0.559446
0.663058 -0.486698 0.568752
-0.080694 -0.979407 -0.185071
0.147162 0.571561 0.807255
-0.192884 0.799634 0.568666
0.269033 -0.602757 -0.751202
0.312664 -0.237385 -0.919723
0.632638 -0.453742 -0.627605
0.261236 0.730754 0.630678
0.739215 -0.040524 0.672249
-0.853362 0.379055 -0.357897
0.832041 -0.276703 0.480774
0.855759 -0.443965 0.265652
-0.816939 0.339224 -0.466410
-0.166579 -0.912684 -0.373176
0.824098 -0.540108 0.170721
-0.807002 0.495735 -0.320929
-0.577969 0.151149 0.801939
-0.075605 -0.090531 0.993020
-0.080694 -0.942665 0.323839
0.005653 -0.991045 -0.133408
0.781768 -0.453446 0.428048
-0.073073 -0.221016 0.972529
0.496122 0.361557 0.789392
0.083713 -0.941385 0.326783
-0.703898 0.476097 0.527124
-0.993926 0.104124 -0.035641
-0.882877 -0.018780 0.469228
-0.981390 -0.141629 0.129674
-0.992055 0.022550 -0.123768
-0.956988 0.069324 -0.281723
-0.697750 0.098368 -0.709555
-0.946694 -0.090708 -0.309101
-0.783890 0.009743 -0.620823
0.207711 -0.884010 -0.418787
0.334518 0.832814 0.441042
0.943715 -0.255835 0.209642
0.214172 -0.698155 -0.683161
-0.436682 -0.609546 -0.661636
-0.770324 0.002367 -0.637648
-0.459618 -0.136789 -0.877519
-0.616178 -0.787061 0.029321
-0.634390 -0.266222 -0.725724
-0.615356 -0.768050 -0.177304
-0.446965 -0.635094 -0.629983
0.573765 -0.789579 0.217621
0.880936 -0.369735 0.295376
0.498082 -0.742559 -0.447795
-0.394234 0.680522 0.617632
-0.198233 -0.760719 -0.618070
-0.562495 0.320886 0.761992
-0.467173 0.005325 0.884150
-0.720595 0.180177 -0.669536
0.691582 -0.572060 0.440978
-0.565215 -0.491575 -0.662484
0.794786 -0.004826 -0.606870
-0.050680 0.564862 -0.823627
0.019474 0.999810 0.000744
-0.238809 0.357596 0.902826
0.193604 0.238365 -0.951683
0.994404 0.066476 -0.082104
-0.857331 0.414989 0.304577
-0.807429 0.558445 0.190259
-0.947624 0.034734 0.317493
0.888880 -0.278797 0.363544
-0.957795 0.039157 0.284772
0.834360 0.529034 -0.154810
-0.955055 -0.111822 0.274530
0.554418 -0.667795 0.496659
-0.030946 0.899300 0.436236
0.349131 -0.872287 -0.342379
0.386093 -0.643776 -0.660670
-0.765352 0.542156 -0.346848
-0.865808 0.347057 -0.360456
-0.805954 0.446135 -0.389104
0.068397 0.663010 0.745479
-0.468144 0.710757 0.525039
-0.611551 0.649333 0.452075
-0.269157 0.567605 0.778061
-0.421098 0.353371 0.835347
0.140336 -0.987775 -0.067876
0.036092 -0.786461 -0.616585
-0.913280 0.046934 0.404619
0.002886 -0.750295 0.661097
-0.657381 0.105328 0.746161
-0.799299 0.571805 -0.184824
-0.601520 0.207052 -0.771559
-0.158090 0.039363 -0.986640
0.902011 0.056727 0.427970
0.938854 -0.327743 0.105534
0.666222 0.699578 0.258337
0.537718 -0.249839 0.805258
0.575761 -0.287410 0.765438
-0.043472 -0.988286 -0.146294
0.342842 0.908936 0.237266
-0.552469 -0.457596 -0.696695
0.494645 -0.706704 -0.505862
0.358167 -0.857203 -0.370026
-0.993160 0.096866 0.065189
-0.571032 0.160148 0.805155
-0.576453 -0.248429 -0.778451
-0.648287 0.159043 -0.744600
-0.334748 0.544951 -0.768747
-0.327052 0.887076 -0.325782
0.459309 -0.464711 -0.757019
-0.193836 -0.645222 -0.738997
-0.465402 0.548174 0.694915
-0.629678 -0.182023 -0.755231
-0.490631 -0.385004 -0.781699
-0.155408 0.007474 0.987822
-0.361975 0.401598 0.841245
-0.212736 -0.564196 0.797763
-0.453617 0.576829 0.679338
-0.731088 0.281540 0.621486
-0.840320 0.030014 0.541259
0.944018 0.202639 0.260322
-0.966729 0.058188 0.249098
0.104403 -0.993319 -0.049168
0.418228 -0.034829 0.907674
0.995032 0.097724 0.019007
0.056808 -0.972801 -0.224570
0.805750 -0.472908 0.356547
0.914602 -0.209411 0.345907
0.250686 -0.866617 -0.431430
-0.695029 0.715273 -0.072928
-0.828948 0.453463 -0.327439
0.865482 -0.176036 0.468991
-0.900952 0.303937 -0.309691
0.853828 -0.456529 0.250116
0.364009 -0.604129 0.708891
-0.900985 0.229949 -0.367899
0.093684 -0.993408 -0.066066
0.855934 -0.477225 0.199080
-0.295393 0.842382 0.450705
0.000388 -0.999679 -0.025343
-0.729094 -0.011809 0.684311
-0.666379 0.177203 0.724251
-0.428985 0.867563 0.251607
-0.676857 -0.031651 0.735434
-0.343952 0.913180 -0.218630
-0.759476 0.205742 -0.617144
-0.576380 0.108872 -0.809897
0.021922 -0.988888 -0.147039
0.631849 0.517953 0.576620
0.910486 0.376223 -0.171673
0.971696 0.119901 0.203546
0.237346 0.007501 0.971396
0.970255 0.147575 0.191901
-0.030934 0.735216 0.677127
-0.287215 0.519854 0.804524
0.228810 0.972578 0.041690
-0.228171 0.902593 -0.365053
-0.401719 0.029065 -0.915302
-0.261626 0.909966 -0.321735
-0.447853 0.203358 -0.870674
-0.475388 -0.210819 -0.854144
-0.570527 0.104402 -0.814616
-0.680567 0.365919 0.634769
-0.959702 -0.017442 0.280477
-0.147606 0.958859 0.242492
-0.496340 0.610945 0.616760
-0.105877 0.994119 -0.022749
-0.601525 0.064294 -0.796262
-0.309998 -0.253940 -0.916196
-0.051462 -0.646817 -0.760907
0.717123 -0.333773 0.611825
0.847373 -0.398434 0.351012
0.168658 -0.837459 -0.519824
-0.275101 0.847360 0.454203
-0.029834 0.305699 0.951661
-0.063734 0.423397 0.903700
0.501920 -0.726338 -0.469584
-0.455612 -0.384037 -0.803078
-0.071752 0.318627 -0.945161
-0.100587 -0.841992 0.530030
-0.205547 0.402674 0.891966
-0.557854 0.586939 0.586772
-0.785791 0.247111 0.566982
-0.584178 0.134217 0.800451
0.118192 -0.968006 0.221349
0.897646 0.320320 0.302698
0.714154 -0.684079 0.148392
0.724934 -0.684823 0.074080
-0.341596 -0.651295 -0.677589
0.829781 -0.369456 0.418290
-0.817304 0.530084 -0.225886
-0.451441 -0.797541 -0.400162
0.550495 0.251314 0.796113
0.334416 0.323419 0.885192
0.846544 -0.477409 0.235465
0.009294 -0.999943 0.005337
-0.202161 0.854713 0.478118
0.247423 0.649053 0.719383
-0.055666 0.826369 0.560371
-0.083623 0.980534 0.177654
-0.031129 -0.994985 -0.095053
-0.451286 0.558422 0.696064
-0.436219 -0.216793 0.873335
-0.215880 0.915621 0.339166
-0.163523 -0.974935 -0.150869
-0.810062 -0.079711 -0.580901
0.092877 -0.990009 0.106096
-0.714918 0.387223 -0.582194
-0.326419 0.237356 -0.914939
-0.790350 0.197546 -0.579933
0.262076 -0.912785 -0.313274
-0.841335 0.408808 -0.353597
-0.006010 -0.527041 -0.849819
0.725457 -0.082418 -0.683315
0.567313 0.109801 0.816149
0.341679 0.153803 0.927146
-0.311445 -0.948066 0.064597
-0.164907 0.119689 -0.979020
-0.117213 -0.369632 -0.921755
-0.281634 -0.898769 -0.336002
-0.451082 0.608230 -0.653132
-0.811822 0.114487 0.572572
-0.720188 0.231487 0.654020
0.794752 -0.471461 0.382223
-0.159019 0.955345 -0.249056
0.623796 0.409264 -0.665869
-0.292766 0.773366 -0.562310
-0.161770 0.232075 -0.959151
0.248749 -0.266174 -0.931276
-0.156958 -0.677691 -0.718401
0.881940 -0.387712 0.268070
0.010118 0.468243 0.883542
-0.203724 0.976688 0.067659
-0.084578 0.327453 0.941074
-0.209335 0.594037 -0.776723
0.601181 -0.722109 -0.342257
-0.236069 -0.585924 -0.775219
0.018082 0.150987 -0.988370
0.131237 -0.091234 0.987144
-0.537590 -0.038038 0.842348
-0.760663 0.344195 0.550383
0.128836 -0.983138 0.129771
-0.615938 0.786179 0.050433
0.231492 -0.972780 0.010492
-0.727757 0.237594 0.643366
-0.970074 0.057736 0.235844
0.766782 -0.233966 0.597751
-0.905701 -0.409841 0.108334
0.422895 0.285253 0.860111
-0.964063 0.253741 0.078726
-0.987312 -0.112905 0.111661
-0.941044 -0.337992 -0.014057
-0.900930 0.433207 -0.025624
-0.304735 0.855333 0.418977
-0.950745 0.284244 -0.123654
-0.641582 -0.765279 -0.052160
0.589382 -0.616088 -0.522556
0.447971 0.715651 0.535879
0.785340 -0.594542 0.172513
-0.521941 0.843363 0.127738
-0.862967 0.462110 -0.204308
0.450584 0.630141 0.632374
0.827197 0.109274 0.551185
0.933809 -0.231315 0.272938
-0.963899 0.254101 0.079575
-0.050800 -0.995823 -0.075866
-0.326704 0.883771 0.334983
0.776278 -0.443292 0.448201
-0.739574 0.646577 0.187001
-0.144015 -0.921957 -0.359521
-0.106491 0.905814 0.410074
0.051203 -0.653510 0.755184
-0.095380 0.994097 0.051713
0.078217 -0.971827 0.222337
-0.572674 0.014227 -0.819660
-0.609378 0.237028 -0.756621
-0.097386 0.617620 0.780424
-0.293187 -0.922144 0.252373
-0.054873 -0.103564 -0.993108
-0.578066 0.391922 0.715707
-0.170588 -0.421696 -0.890546
-0.719194 0.228942 0.656007
-0.349190 -0.641094 -0.683422
-0.551620 0.007426 0.834062
-0.891047 0.017684 0.453566
-0.530215 -0.545799 -0.648826
-0.405982 0.094848 0.908946
0.721122 -0.214904 0.658635
-0.627347 0.281992 0.725890
0.998861 -0.044727 -0.016629
-0.018619 0.999766 -0.010994
-0.083554 0.996503 0.000777
0.000959 -0.492567 -0.870274
0.108462 -0.824398 -0.555521
-0.722072 -0.000166 -0.691818
-0.666098 -0.140396 -0.732532
-0.002631 0.410283 0.911955
-0.520877 -0.270476 -0.809648
-0.393327 -0.751356 -0.529866
0.031357 -0.325212 -0.945121
-0.383800 0.200007 -0.901496
-0.359419 -0.009628 -0.933126
-0.755758 0.172200 -0.631805
0.070219 -0.658303 -0.749470
-0.697966 -0.156124 0.698905
-0.853289 -0.264832 0.449178
-0.674260 -0.297597 0.675876
0.352834 -0.918433 -0.178854
-0.797094 0.478473 0.368381
-0.753624 -0.549389 0.360863
-0.790255 0.605768 0.092421
0.480981 -0.805550 -0.346044
0.580290 -0.671084 -0.461421
-0.857523 -0.513581 0.029814
0.044822 0.744583 0.666023
-0.790351 0.539607 -0.290120
0.007518 0.831620 0.555295
0.007993 0.355048 0.934814
-0.916993 0.332241 -0.220770
0.648457 -0.558640 0.517132
-0.842353 0.441992 -0.308356
0.805613 0.006430 0.592408
-0.841130 0.495771 -0.216128
-0.933990 0.295343 -0.201084
0.483202 -0.795358 0.365952
-0.991694 -0.001498 -0.128614
0.847641 -0.421714 0.321966
-0.995067 0.095958 -0.025164
-0.565012 0.554813 0.610692
0.201334 0.974190 0.102067
0.102925 0.963453 0.247315
-0.425275 0.861392 -0.277749
-0.959800 -0.151497 -0.236288
-0.755559 0.214785 -0.618868
-0.719899 0.166063 -0.673921
0.380099 -0.707944 -0.595264
0.589205 -0.616953 -0.521734
-0.012661 0.191034 0.981502
0.511392 -0.152000 0.845798
0.534161 -0.255702 0.805784
-0.335001 0.084580 -0.938414
-0.230547 -0.203735 -0.951494
-0.267915 -0.785229 -0.558245
-0.416329 0.699536 0.580793
0.181025 0.138939 0.973615
-0.515216 0.853743 -0.075334
0.598256 -0.799618 0.051963
-0.272780 -0.411333 -0.869710
0.042785 0.275019 0.960486
0.284042 -0.522046 -0.804231
0.168437 0.360287 0.917509
-0.429574 -0.230782 -0.873044
-0.392384 0.407757 -0.824481
0.221348 -0.634843 -0.740257
-0.493520 -0.343695 -0.798944
-0.239827 -0.490992 -0.837502
0.108966 0.381687 0.917846
0.141534 -0.634717 0.759672
-0.599943 -0.024896 0.799655
-0.640699 0.691439 0.333791
-0.507689 -0.014159 0.861424
-0.798105 0.595968 0.088608
-0.287103 0.141009 0.947464
-0.488998 0.774539 -0.401211
-0.309850 0.499496 0.809009
-0.397449 0.916717 -0.040789
-0.856671 -0.515660 0.014442
-0.603038 0.755287 0.256682
0.245779 -0.833634 -0.494618
0.733095 -0.632168 0.250872
-0.691992 0.711407 -0.122665
-0.555599 0.721816 -0.412665
-0.632673 -0.624917 -0.457388
0.449838 0.551179 0.702743
0.541930 0.432025 0.720879
0.579743 0.027341 0.814340
0.764469 0.066293 0.641243
0.138052 -0.990372 0.010223
-0.771021 0.609210 -0.185446
-0.089857 0.113041 0.989519
-0.083340 -0.995774 -0.038576
-0.153249 0.955608 0.251650
-0.100595 0.937108 0.334229
0.490774 0.845108 0.211975
-0.230058 0.969222 -0.087644
-0.964531 0.179538 -0.193509
-0.683964 0.527077 -0.504365
-0.369340 0.019341 -0.929093
-0.757714 0.214037 -0.616489
0.067117 -0.827055 -0.558100
0.752010 0.657903 0.040546
0.062950 0.665959 0.743328
0.268154 0.327723 0.905920
-0.412479 -0.901816 -0.128801
-0.121205 0.954125 0.273779
-0.155123 -0.338036 -0.928261
-0.104621 0.964006 -0.244431
-0.135731 0.512354 -0.847980
-0.091376 -0.043891 0.994849
0.104193 0.240103 0.965140
0.504780 -0.043773 0.862138
0.265343 0.548453 -0.792964
0.485818 -0.437041 -0.756952
-0.513630 -0.251673 -0.820271
0.701210 -0.355167 0.618191
0.511393 0.267720 0.816580
-0.182420 -0.328040 -0.926883
0.370486 -0.194412 -0.908264
-0.113440 -0.705950 -0.699118
-0.829135 0.056309 -0.556205
0.163748 0.695457 0.699661
0.314459 0.385783 0.867345
0.280279 0.361002 0.889450
-0.724240 0.628443 -0.283788
-0.201417 0.902487 -0.380721
-0.697998 0.378370 -0.607976
-0.007613 0.282200 0.959325
-0.370073 0.293819 0.881315
0.247041 0.516515 0.819868
0.049889 -0.818601 0.572192
-0.303915 -0.237453 0.922633
0.339514 -0.926967 -0.159570
-0.202932 0.667920 0.716032
-0.924720 -0.279666 0.258223
-0.977714 -0.199043 0.066759
-0.200261 -0.978931 -0.039879
-0.537645 0.826155 -0.168543
-0.683466 -0.677676 -0.271349
-0.631217 0.705611 0.321990
-0.872956 0.441472 -0.207484
0.439769 0.355817 0.824619
-0.803125 0.509500 -0.308869
0.169928 0.849155 0.500061
0.832102 0.015679 0.554401
0.297771 0.144306 0.943667
0.963660 -0.132914 0.231718
0.298832 0.934527 -0.193286
0.463700 -0.123302 0.877370
-0.916676 0.032080 -0.398343
-0.862235 0.164404 -0.479085
-0.625471 0.222681 -0.747797
-0.431642 0.091813 -0.897360
0.802857 -0.136586 0.580314
0.886553 0.151047 0.437274
0.017191 -0.967089 -0.253857
-0.409677 0.538662 0.736212
0.158131 -0.056997 0.985772
-0.118077 -0.325322 -0.938202
-0.423591 -0.783551 -0.454554
-0.101978 0.291737 0.951047
-0.532695 -0.671092 -0.515628
-0.766062 -0.299492 -0.568729
0.519581 -0.042560 0.853360
-0.246203 0.786710 0.566102
0.695822 -0.058090 0.715862
-0.067969 -0.134869 -0.988529
0.333810 0.750155 0.570822
0.524239 -0.165502 0.835334
0.764640 -0.183867 0.617672
0.448131 -0.655870 0.607465
-0.001184 -0.189089 -0.981959
0.535988 0.190103 0.822543
-0.525326 0.146494 -0.838196
-0.850052 -0.006805 -0.526655
-0.372330 0.809860 -0.453318
-0.386153 0.913552 0.127701
0.313140 0.611173 0.726919
0.887015 -0.408661 0.214941
0.662864 -0.726639 -0.180572
0.699611 -0.701457 0.136023
-0.603554 0.125035 -0.787457
-0.657429 -0.031029 0.752878
-0.350425 0.627943 0.694903
0.110088 -0.987864 -0.109566
-0.055760 0.542857 0.837972
-0.020146 0.457938 0.888756
-0.148485 -0.980470 -0.128958
-0.478759 0.861292 0.170196
-0.499614 0.826463 -0.259510
0.736512 -0.497117 0.458720
0.570302 -0.730504 0.375658
-0.213041 0.764741 -0.608099
-0.694995 -0.588152 -0.413592
-0.882011 0.453532 -0.127929
-0.120569 0.964790 -0.233759
0.523154 -0.217089 0.824125
-0.852214 0.438727 -0.285044
0.349166 -0.904245 0.245814
0.152460 -0.985788 0.070561
0.169485 -0.985428 0.014343
0.964228 -0.210690 0.160856
0.047179 0.886064 0.461155
0.962804 -0.262121 -0.065576
0.995538 0.041233 0.084872
-0.655018 0.735907 0.171443
0.048005 -0.757339 0.651255
0.507509 0.470094 0.722113
0.163300 0.807240 0.567183
0.003447 0.993217 0.116228
0.059266 -0.955271 -0.289732
-0.532970 0.648125 -0.543945
-0.535883 0.106134 -0.837595
-0.332367 -0.290264 -0.897373
-0.018839 -0.751019 -0.660012
0.276857 0.452215 0.847851
0.796746 -0.279254 0.535923
-0.051284 0.579979 0.813015
-0.365616 -0.854503 0.368985
0.202800 0.293623 0.934162
0.692738 0.015523 0.721022
0.419516 -0.165641 0.892507
0.688270 0.526966 0.498589
0.169215 0.080235 0.982308
0.277156 0.613136 0.739763
-0.171911 0.151947 -0.973324
-0.070113 0.981426 0.178567
0.661202 -0.202190 0.722448
-0.110512 -0.137874 -0.984265
-0.160485 0.986347 0.036924
0.589649 -0.001350 0.807659
0.594776 -0.803885 0.003256
-0.172135 0.984184 -0.041843
-0.227891 0.525905 -0.819445
0.596433 0.252871 0.761790
-0.377452 0.759898 -0.529231
-0.268627 -0.793923 -0.545459
0.562849 0.314048 0.764575
0.600753 0.547998 0.582061
-0.609873 -0.159564 -0.776270
-0.583569 0.239562 -0.775924
0.107136 -0.123440 0.986552
-0.584151 0.024594 0.811272
-0.341767 0.053260 0.938274
-0.786534 -0.275535 0.552670
0.029989 -0.990076 0.137294
0.385974 0.663463 0.640969
0.770700 0.435923 0.464751
-0.249675 0.894937 0.369797
0.522010 0.518175 0.677496
-0.403438 0.885911 -0.228910
-0.359775 0.826017 -0.433888
-0.751508 -0.617686 0.231733
-0.906482 -0.418012 0.059632
0.125848 0.621551 0.773199
-0.442879 0.795812 0.412966
0.757328 -0.398191 0.517589
-0.175621 -0.650686 -0.738759
-0.842352 0.443698 -0.305899
0.932920 0.160202 0.322485
0.156887 -0.987220 -0.027972
0.645003 0.674671 0.358875
0.247704 -0.966290 0.070193
0.944938 -0.327166 0.007421
0.101282 -0.992600 0.066986
0.508224 0.832450 0.220762
-0.271837 -0.604326 -0.748929
0.966217 -0.237790 -0.099397
-0.033664 -0.975128 0.219072
0.914172 0.344639 -0.213340
0.865661 0.269042 -0.422194
0.046292 -0.976020 0.212700
0.643876 0.685097 0.340684
-0.523387 -0.435304 -0.732514
-0.391306 -0.569302 -0.723032
-0.451242 0.118366 -0.884517
-0.414915 0.217584 -0.883460
-0.573768 0.187857 -0.797182
-0.440518 0.121635 -0.889466
-0.309566 -0.028801 -0.950442
-0.112947 -0.229181 -0.966809
0.788650 -0.589926 0.173257
0.791066 -0.604977 -0.090650
-0.436444 -0.877474 0.198890
-0.342801 -0.255446 -0.904011
-0.433617 0.796245 0.421866
-0.521647 -0.835028 -0.174965
-0.754891 -0.620672 -0.211909
-0.610857 0.791075 -0.032467
-0.856589 -0.453646 -0.245887
-0.780968 -0.012744 -0.624441
0.579690 -0.389938 0.715477
0.735156 -0.102783 0.670061
0.822805 -0.402809 0.400919
0.496127 -0.785330 0.370291
0.675177 -0.688517 0.264728
-0.400369 -0.673882 -0.620956
-0.880013 0.165195 -0.445296
-0.735527 -0.352414 -0.578622
-0.871497 0.190667 -0.451817
-0.626999 -0.240593 -0.740937
-0.481307 0.864962 -0.142072
-0.436700 0.531795 -0.725594
-0.591104 0.178686 -0.786554
-0.040436 -0.857838 -0.512327
-0.702166 0.200543 -0.683187
-0.164227 0.172061 0.971301
0.311743 -0.723299 0.616162
-0.354625 0.632940 0.688206
-0.512428 -0.160639 0.843572
-0.700645 0.528537 0.479317
-0.345200 0.325475 0.880286
0.306719 0.065994 0.949510
0.463034 -0.388529 0.796646
-0.191522 -0.965259 0.177747
0.642090 0.072857 0.763159
-0.715841 -0.691838 0.094506
0.683108 -0.646782 0.339171
-0.540343 0.826748 0.156584
0.975026 -0.217897 0.042952
0.998345 0.018461 0.054467
-0.894207 0.385716 -0.227193
-0.827216 0.511661 -0.232198
-0.846420 0.402020 -0.349219
-0.839010 0.406391 -0.361814
0.975628 -0.111608 0.188925
0.018715 -0.966930 -0.254356
0.038223 -0.829128 -0.557751
0.998960 0.035123 0.029081
0.136863 0.896207 -0.421998
-0.718222 -0.084052 -0.690718
-0.637515 0.628541 -0.445546
-0.424333 -0.304300 -0.852844
-0.509424 0.095984 -0.855146
-0.249464 -0.778903 -0.575394
0.592286 0.149791 0.791681
-0.419084 0.906624 0.049018
-0.133464 0.458735 0.878493
0.677742 -0.044559 0.733948
0.678321 -0.075473 0.730879
0.475983 0.800504 0.364188
-0.244015 0.969607 0.017854
0.985576 -0.007420 0.169073
0.105370 0.243930 -0.964051
-0.740895 0.367551 -0.562122
-0.899893 -0.431109 -0.065866
-0.929592 -0.251528 -0.269429
-0.252203 -0.034820 -0.967048
0.010829 0.979158 0.202814
0.516448 -0.114509 0.848628
-0.592062 0.515170 -0.619728
-0.695942 -0.344519 -0.630056
0.511693 0.590746 0.623850
0.704601 0.265625 0.658012
-0.132189 0.981384 0.139326
-0.620499 -0.004087 -0.784197
0.039206 0.961291 -0.272731
-0.429500 -0.614444 0.661807
0.101362 -0.407184 0.907704
0.095529 -0.983934 0.150823
0.194663 0.663197 0.722687
0.184231 -0.981165 0.058085
-0.456744 0.883800 -0.101406
-0.312454 -0.939217 0.142282
-0.380645 -0.861377 -0.336363
0.768591 -0.569391 0.291654
0.141670 0.786626 0.600957
-0.186361 -0.531765 -0.826133
0.898156 -0.231497 -0.373797
0.157484 -0.840558 -0.518326
0.840404 0.043153 0.540239
0.914323 -0.327853 0.237752
-0.849270 0.459961 -0.259184
-0.004855 -0.997791 0.066258
0.070331 -0.791051 0.607694
0.051276 0.519637 0.852847
0.336169 0.871757 0.356412
0.243748 0.968729 0.046389
0.038704 0.999081 -0.018430
-0.608764 0.030724 -0.792757
-0.601705 0.115310 -0.790351
-0.186896 0.777331 -0.600688
-0.169279 0.477052 -0.862418
-0.360932 0.248351 -0.898916
-0.311306 -0.943358 0.114738
-0.441025 -0.783939 0.436964
0.786253 -0.442163 0.431623
-0.224878 -0.925529 0.304673
-0.139251 0.157037 0.977726
0.333064 -0.089616 0.938636
-0.282883 0.527805 0.800874
-0.094600 0.852205 0.514585
0.074937 0.290042 0.954075
-0.494230 0.804850 0.328563
-0.392636 0.882156 0.260074
-0.248141 0.938327 0.240766
0.623685 -0.648819 -0.435949
-0.225462 -0.974102 -0.017119
-0.097998 -0.119103 -0.988034
0.698871 -0.604470 -0.382354
0.048719 0.981149 -0.187012
-0.425121 -0.899172 -0.103735
-0.381816 -0.921469 0.071501
0.017670 0.592406 0.805446
0.418971 0.216239 0.881875
-0.658463 0.751286 -0.044676
-0.634352 0.367848 -0.679916
-0.790686 -0.588276 -0.169551
-0.400607 -0.131929 -0.906702
-0.052011 -0.483859 -0.873599
-0.557687 0.299028 -0.774318
-0.924360 -0.111675 -0.364812
0.625278 -0.064888 0.777700
-0.836170 0.202528 -0.509708
-0.929394 0.185220 -0.319250
-0.917378 -0.209953 -0.338138
-0.131982 -0.072810 -0.988574
0.474668 -0.377811 0.794953
0.522374 0.156084 0.838310
-0.137527 -0.937695 -0.319084
-0.896046 0.070121 -0.438388
-0.542749 -0.310734 -0.780300
-0.652635 -0.182760 -0.735300
-0.445057 0.842519 -0.303457
-0.274410 0.665876 -0.693764
-0.391113 -0.690511 -0.608462
0.127457 0.313445 0.941014
-0.166679 -0.178799 0.969664
0.169184 0.206985 0.963605
-0.086297 0.439548 0.894064
0.252106 0.590716 0.766484
0.089446 0.573441 0.814349
0.628196 0.763427 -0.150161
0.453147 -0.151626 0.878446
0.803641 0.396307 0.443962
0.048778 -0.645616 -0.762103
0.945653 -0.266320 -0.186585
0.212877 -0.590788 -0.778237
0.305150 0.803882 0.510546
0.080587 -0.130563 0.988159
0.366924 -0.603009 0.708341
-0.766236 0.259811 -0.587691
0.512703 0.747810 0.421800
-0.106934 -0.905716 -0.410174
-0.490620 0.253142 -0.833793
0.098231 0.677452 -0.728979
-0.521080 0.288419 -0.803300
-0.603310 0.099077 -0.791329
0.812775 0.043608 0.580943
0.276574 0.372105 0.886027
-0.196964 -0.967463 0.158810
0.433963 -0.375708 0.818852
0.352070 -0.137886 0.925761
0.359517 0.157085 0.919822
0.141451 0.328997 0.933677
-0.862400 0.323570 -0.389318
0.347962 0.646905 -0.678555
0.415267 0.198092 -0.887870
0.703574 -0.630852 -0.327123
0.843318 0.155197 0.514518
-0.273575 0.786045 0.554337
-0.023737 0.586918 0.809298
-0.210349 -0.966660 0.146023
-0.646665 0.696897 -0.310094
-0.326154 -0.911581 -0.250289
-0.112720 0.664976 -0.738310
-0.207863 -0.419989 -0.883404
-0.435745 -0.856932 -0.275307
0.246611 0.907152 0.340967
-0.635133 0.573338 -0.517580
-0.717933 -0.650975 -0.246584
-0.016375 0.997808 0.064116
-0.045242 0.994259 -0.096969
-0.654599 -0.206784 -0.727145
-0.084135 0.931768 -0.353172
-0.624786 -0.425883 -0.654421
0.295654 -0.954647 -0.035182
-0.647395 -0.281979 -0.708073
-0.382027 0.599011 -0.703734
0.682706 0.111674 0.722109
-0.592300 0.772306 -0.229617
-0.886409 0.429832 -0.171824
-0.430332 -0.811861 -0.394583
0.621180 0.363010 0.694521
-0.363351 0.758948 -0.540346
-0.032750 -0.288248 0.956995
-0.356280 -0.177548 0.917356
0.386285 0.270749 0.881748
0.774247 0.093452 0.625946
-0.070815 -0.089376 0.993477
0.214738 -0.284715 0.934251
0.114584 0.684346 0.720098
0.562436 0.807776 0.176533
0.153625 -0.639729 0.753091
-0.243044 0.847315 0.472215
0.822780 -0.352524 0.445826
-0.732890 0.655237 -0.183130
-0.872632 0.423804 -0.242701
0.215968 -0.613774 -0.759368
0.618505 -0.337858 -0.709439
0.235138 -0.223887 -0.945825
-0.008301 -0.943323 -0.331771
0.949112 -0.303513 -0.084056
-0.612102 0.541885 -0.575927
0.702136 -0.665007 -0.254501
-0.571379 0.799742 0.184223
-0.446294 0.843970 0.297551
-0.896734 0.414632 -0.154752
-0.898219 0.353733 -0.260913
0.002172 -0.975665 0.219256
-0.950998 0.280565 -0.129948
-0.053982 -0.973749 -0.221130
0.095887 -0.956374 0.275960
0.914486 0.364798 0.175037
0.241271 0.104547 0.964810
0.049981 -0.983061 -0.176331
0.719868 0.688939 0.084577
-0.512841 0.449764 0.731236
0.913826 0.340522 -0.221283
0.722982 0.650715 0.232093
0.307285 0.842797 0.441892
0.646155 0.701699 -0.300169
0.747957 0.586202 -0.311331
0.063930 -0.287169 -0.955744
-0.001470 -0.249179 -0.968456
-0.514006 0.106311 -0.851173
-0.382513 0.562565 -0.732942
-0.283221 -0.121319 -0.951350
-0.011676 -0.134247 -0.990879
-0.441055 -0.874308 -0.202621
0.020182 0.998594 0.049009
0.370452 -0.169541 0.913248
0.639573 -0.653837 -0.404283
0.002356 0.967989 -0.250981
-0.155292 -0.979132 -0.131093
-0.448215 0.236684 -0.862023
-0.230909 -0.871420 -0.432791
0.789940 0.156709 0.592821
0.598387 -0.063383 0.798696
0.424221 -0.261466 0.866990
-0.937843 -0.218525 -0.269623
0.123443 0.991367 -0.044199
0.541581 -0.486532 0.685549
-0.915695 -0.031153 -0.400665
-0.783944 -0.260471 -0.563548
-0.475975 -0.796614 -0.372631
-0.665580 0.547623 -0.507063
-0.837274 -0.183219 -0.515173
-0.659487 -0.363137 -0.658186
0.333844 -0.902513 0.272064
0.037546 0.907385 -0.418620
-0.718157 -0.401581 -0.568316
0.547705 -0.800656 0.242837
-0.508930 0.115250 -0.853058
-0.938604 0.202903 -0.279022
0.003238 0.990737 -0.135756
0.622604 0.416659 0.662389
-0.725244 -0.130137 -0.676081
-0.593057 -0.564323 -0.574302
0.739093 0.172286 0.651199
0.037273 0.997250 0.064062
-0.921861 -0.113775 -0.370443
-0.619512 -0.015680 -0.784831
0.407402 0.426081 0.807762
0.255324 0.424955 0.868460
0.249669 0.430982 0.867133
0.580263 -0.749388 0.318925
0.211796 -0.967849 -0.135689
0.235723 0.295034 0.925954
0.057626 0.648580 0.758962
0.804430 0.550013 -0.224449
0.312177 -0.921255 0.232021
-0.515928 -0.296003 0.803866
0.876680 0.155519 0.455243
-0.061367 -0.917879 -0.392086
0.850184 -0.518337 -0.092272
-0.858194 0.417060 0.299272
-0.895573 0.268699 0.354613
-0.980650 -0.013131 0.195330
0.803365 -0.452751 0.386809
-0.967539 0.165445 -0.191042
-0.169225 -0.699326 0.694482
0.885335 -0.133645 0.445333
0.663916 0.386935 0.639920
0.012291 -0.974286 -0.224979
0.931512 0.322950 -0.167299
0.864309 0.501800 -0.034170
0.549710 -0.417711 -0.723420
-0.002547 -0.164393 -0.986392
-0.731263 0.668180 -0.137075
-0.297412 -0.935602 -0.190249
0.625657 -0.024749 0.779706
0.862654 -0.490597 0.123060
0.094860 0.147734 0.984467
0.223485 -0.384814 0.895529
0.027032 0.956633 -0.290038
-0.004275 -0.999462 -0.032517
0.171547 0.232922 -0.957246
0.790732 -0.498804 0.354878
0.448430 0.521653 0.725802
-0.645657 0.751332 -0.136482
0.021434 -0.997839 0.062116
-0.168070 0.307327 -0.936644
0.384006 0.920666 0.070102
0.010496 -0.978013 -0.208279
0.329489 -0.234726 0.914516
0.479847 -0.138071 0.866420
0.101986 0.971482 -0.214061
0.612514 -0.140502 0.777873
-0.647713 -0.434599 -0.625773
0.700430 0.287940 0.653061
-0.775445 -0.238123 -0.584792
-0.372642 -0.263189 -0.889870
-0.242598 -0.082055 -0.966651
-0.619906 -0.092876 -0.779160
-0.621671 -0.404616 -0.670680
-0.776868 -0.459676 -0.430318
-0.851774 0.154526 -0.500602
0.557162 0.786344 0.266895
-0.656590 -0.481366 -0.580668
-0.587309 0.195373 -0.785428
-0.657918 -0.369886 -0.655994
-0.617657 0.081911 -0.782170
0.571399 0.325987 0.753150
0.548590 0.560803 0.620120
0.525717 -0.707972 0.471591
0.699132 0.610770 0.371719
0.660062 0.715960 0.227420
0.746212 0.663820 -0.050108
0.747151 0.391325 0.537242
0.084420 -0.988176 -0.127990
0.960336 0.011911 0.278590
-0.981063 0.182965 0.063553
-0.580643 0.554920 0.595749
-0.958278 -0.146498 0.245440
0.942336 -0.219483 0.252646
0.768742 -0.200436 0.607339
0.518427 0.652496 0.552705
-0.954296 -0.016525 -0.298405
-0.869845 0.178455 -0.459918
-0.954011 0.297988 -0.032645
0.805804 -0.247021 0.538201
-0.557463 0.828984 -0.044956
-0.808037 0.425048 -0.407934
0.038962 -0.992565 0.115312
-0.300140 0.752920 -0.585685
-0.216831 0.812435 -0.541233
-0.197665 -0.936701 -0.288997
0.105382 -0.221150 -0.969529
-0.655414 0.750911 0.081030
-0.079940 -0.932870 0.351231
0.210904 0.698809 0.683509
0.233959 -0.174939 0.956378
0.108676 0.982877 0.148800
0.222568 -0.452604 0.863489
0.854854 -0.510165 -0.094634
-0.501986 0.800021 0.328599
-0.361294 0.617148 -0.698996
0.630147 -0.621208 -0.465850
-0.420791 0.803427 0.421236
0.671068 -0.741264 0.013967
0.136572 0.119804 0.983359
-0.420725 0.140115 -0.896302
-0.409766 0.132166 -0.902565
-0.291165 -0.769968 -0.567779
-0.091606 0.742908 -0.663096
0.682410 -0.084891 0.726024
-0.143356 0.689843 -0.709623
0.603420 -0.064996 0.794770
0.558365 0.323105 0.764088
-0.196629 -0.975927 -0.094355
-0.438127 -0.811251 -0.387191
-0.193456 -0.939084 -0.284070
-0.884847 0.126821 -0.448288
-0.386287 -0.580228 -0.717020
-0.647043 -0.372954 -0.665012
-0.391045 -0.565378 -0.726245
-0.816417 -0.403724 -0.412879
0.505850 0.842735 0.184154
-0.725738 -0.014800 -0.687812
0.038111 0.998613 0.036331
-0.550121 -0.475326 -0.686609
0.283124 0.120368 0.951500
0.057174 -0.402133 0.913794
0.440950 -0.468621 0.765479
0.813672 0.271059 0.514262
0.897298 -0.362784 -0.251484
0.713825 -0.699502 0.033921
0.963914 -0.119340 0.237967
0.988116 -0.120305 -0.095671
0.772236 0.593412 -0.226967
0.985897 -0.160981 -0.045746
0.993982 -0.095354 -0.053914
0.899578 -0.398315 -0.179179
0.834596 -0.489620 -0.252433
0.937766 0.242553 -0.248522
0.977103 -0.005184 -0.212704
0.255164 -0.851953 0.457239
0.145087 -0.755451 0.638939
0.143959 -0.458126 0.877153
0.265698 -0.798069 0.540823
-0.591652 0.801227 0.089344
-0.433176 -0.747687 -0.503311
-0.831615 0.515745 0.205971
-0.718411 -0.586250 0.374428
-0.973763 -0.175067 0.145384
0.919285 0.263351 0.292507
0.390039 0.717962 0.576542
-0.864553 0.358594 -0.352078
-0.021735 -0.999424 0.026072
-0.912485 0.404281 0.062672
-0.599534 0.553309 -0.578281
0.644095 -0.335918 0.687241
0.641255 -0.185643 0.744532
0.269098 0.841720 0.468074
0.615962 -0.348096 -0.706697
0.202523 -0.257983 -0.944685
-0.351553 0.036673 -0.935449
-0.123495 -0.990319 0.063377
0.395997 0.027929 0.917827
-0.050899 -0.983750 0.172177
0.872157 -0.284738 0.397828
0.265765 -0.263687 0.927275
-0.034014 0.462419 0.886009
-0.745080 0.403481 -0.531091
0.606847 -0.755386 -0.247242
-0.106731 -0.987746 -0.113870
-0.674830 0.300205 0.674152
-0.040672 -0.992436 -0.115834
-0.504769 0.381828 -0.774219
-0.488078 0.054886 -0.871073
-0.273130 -0.370979 -0.887567
0.360087 0.732981 0.577127
-0.132016 0.794899 -0.592206
0.344634 -0.696340 -0.629555
0.310182 0.811275 -0.495601
0.154562 0.622764 -0.766991
-0.271773 -0.268812 -0.924056
0.785624 -0.262525 0.560245
-0.499741 0.005736 -0.866156
0.324534 0.172707 0.929973
-0.464527 -0.738367 -0.488905
-0.725322 0.687206 0.040694
0.190046 0.973255 0.129065
-0.587282 -0.287205 -0.756712
0.221069 0.969668 -0.104269
-0.428187 0.477025 -0.767531
-0.647740 0.053434 -0.759985
-0.413235 0.381301 -0.826950
0.479228 -0.537265 0.694037
0.791628 -0.536591 0.292223
0.912848 -0.404783 -0.053462
0.942252 0.215433 -0.256416
0.996799 0.046546 0.065007
0.965550 -0.186338 -0.181636
0.360461 -0.121558 0.924820
-0.360829 -0.445554 0.819319
0.148550 -0.960505 0.235292
0.080079 -0.696586 -0.712991
-0.472120 0.864680 0.171555
-0.788822 0.607770 0.091514
-0.178709 -0.924000 0.338064
0.661571 -0.048077 0.748340
0.055438 0.963653 0.261341
0.034642 -0.954733 -0.295441
-0.346761 0.386282 -0.854718
-0.286969 0.712686 -0.640100
0.021047 -0.985072 0.170853
0.000318 -0.994096 -0.108501
0.247687 -0.528246 -0.812162
0.007106 -0.287015 -0.957900
-0.764771 0.569120 0.302039
0.061543 -0.964649 0.256252
-0.802883 0.594751 0.040620
0.430171 0.210408 0.877885
-0.505974 0.859482 -0.072676
-0.113050 -0.064925 -0.991466
-0.224298 -0.875475 -0.428059
0.335926 -0.041514 0.940973
0.688698 -0.059637 0.722591
0.118699 0.889181 -0.441890
0.035668 0.702373 -0.710915
0.030383 0.529373 -0.847845
0.029016 -0.231930 -0.972300
0.308005 0.261217 0.914822
0.180076 -0.743854 0.643625
-0.557216 -0.654215 -0.511384
0.761062 0.342914 0.550632
-0.285883 -0.843318 -0.455066
-0.334512 -0.702003 -0.628724
0.174876 0.978153 -0.112404
-0.779755 0.192945 -0.595613
-0.699571 0.135368 -0.701624
0.309802 0.947940 -0.073708
0.583200 -0.032427 0.811681
0.308787 -0.306496 0.900395
0.123766 0.535110 0.835667
0.609355 -0.469915 0.638644
0.903423 -0.376935 -0.204322
-0.363488 0.715806 0.596237
0.280799 0.544000 0.790706
-0.051853 0.761584 0.645989
-0.681050 -0.230903 0.694878
-0.478923 0.367150 0.797392
-0.740622 0.662419 0.112605
-0.357440 -0.466994 0.808797
-0.706640 0.518315 0.481674
-0.618947 0.707145 -0.341835
-0.602681 0.562276 -0.566235
0.638410 -0.539728 0.548750
-0.646365 0.349900 -0.678072
0.298388 0.781208 0.548341
0.078759 -0.991642 0.102196
-0.472103 0.434983 -0.766751
0.549043 0.775655 0.311306
-0.968456 0.134816 0.209564
-0.288181 -0.444739 -0.848033
-0.848092 0.516063 0.120077
0.377882 0.805407 0.456645
0.344157 -0.344623 0.873379
0.248542 0.019202 0.968431
0.641244 -0.539054 0.546102
0.663766 -0.729042 -0.167070
0.067465 -0.990452 -0.120222
0.251425 -0.040724 0.967020
0.614500 -0.662203 0.428810
-0.148835 0.957040 -0.248844
0.298050 0.820990 0.486971
-0.246712 -0.795658 -0.553228
0.568392 -0.195496 0.799194
0.288989 0.708623 -0.643691
0.242263 -0.195330 0.950345
-0.474173 0.398828 -0.784918
0.561129 -0.827022 0.034190
-0.373971 -0.916009 -0.145163
-0.404856 -0.910908 -0.079620
0.118578 0.992407 -0.032679
-0.483953 -0.536251 -0.691538
0.323263 0.940006 0.109043
-0.720526 0.015254 -0.693260
-0.782542 -0.271716 -0.560177
-0.425358 -0.904498 -0.030896
-0.575623 -0.059170 -0.815571
-0.102405 0.754005 -0.648837
0.554558 0.229283 0.799934
0.918130 -0.278217 0.282193
0.380740 -0.791746 0.477676
-0.213467 0.962761 -0.165900
0.483226 0.147574 0.862968
-0.684828 0.023510 0.728326
0.385204 0.894515 0.226849
0.139305 0.940666 0.309421
0.550112 -0.791325 -0.266799
-0.069533 0.993894 -0.085673
-0.137881 0.621442 0.771232
-0.619300 -0.759508 0.199034
-0.251121 -0.952604 0.171709
0.115458 -0.993256 0.010611
0.090875 0.987105 -0.131780
0.562954 -0.425690 0.708428
0.576427 -0.349407 0.738679
0.022607 0.819797 -0.572208
-0.387106 0.871015 0.302461
0.009495 -0.814148 0.580580
-0.063036 -0.973954 -0.217809
-0.491158 0.843400 0.217806
-0.318874 -0.301651 -0.898513
-0.281345 -0.872720 -0.399006
-0.302387 -0.255377 -0.918338
-0.516253 0.637870 0.571493
-0.717711 0.377613 -0.585064
-0.774399 0.628819 0.069953
0.419692 -0.310733 0.852821
0.095767 0.150471 0.983965
-0.557593 0.736345 0.383257
0.107846 -0.994167 0.000605
-0.807626 0.496920 0.317508
0.095849 -0.973356 0.208303
-0.305759 0.688955 -0.657155
-0.675694 0.184655 -0.713680
0.562098 -0.435036 0.703412
-0.182464 -0.835197 -0.518799
0.630142 0.579288 0.517056
0.106176 0.815757 -0.568566
0.285970 -0.330039 0.899608
0.308407 0.936607 0.166292
0.432593 -0.284654 0.855474
0.080144 0.986058 -0.145829
0.314982 0.716059 0.622933
0.253024 0.093371 0.962944
0.395050 0.597163 -0.698092
-0.112597 0.812149 -0.572482
0.198401 0.179401 -0.963562
-0.036723 0.641216 -0.766481
0.313288 0.375530 0.872255
-0.141027 0.413840 -0.899360
-0.283534 -0.809375 -0.514315
-0.357079 -0.611241 -0.706314
-0.408487 -0.550777 -0.727862
0.699902 0.684026 0.205538
0.142553 0.989251 0.032568
-0.757233 0.105503 -0.644567
-0.710988 0.260699 -0.653095
-0.659306 -0.473308 -0.584205
-0.778388 0.122329 -0.615749
0.163843 0.934063 -0.317303
-0.624010 -0.428246 -0.653619
0.078760 0.792900 -0.604240
-0.335941 0.448119 -0.828452
0.902107 -0.293272 0.316536
-0.213245 0.976229 -0.038787
0.112012 0.940374 -0.321169
0.350103 0.650704 0.673804
0.004083 -0.995734 0.092183
0.267143 -0.955389 -0.125965
0.137339 -0.987869 -0.072474
0.305269 -0.758821 0.575328
-0.545083 -0.427842 0.720997
-0.705865 0.686120 0.176052
-0.508771 -0.014816 0.860774
-0.185992 0.921533 -0.340857
0.518015 -0.176269 0.837012
0.098900 -0.954676 -0.280737
-0.692265 0.527665 0.492278
-0.414721 0.880296 0.230401
-0.932693 -0.179081 0.313072
0.165316 -0.216324 -0.962224
-0.568167 0.813956 0.121085
-0.199097 -0.165377 -0.965925
-0.259708 -0.669762 -0.695680
-0.562983 0.804226 -0.190447
-0.352583 0.126096 -0.927246
-0.003058 0.759055 0.651019
0.107827 -0.985472 0.131220
-0.753911 0.628725 -0.190586
-0.882201 0.402450 -0.244450
0.612199 0.062363 0.788240
0.111788 0.992632 0.046752
0.558481 -0.475543 0.679675
0.679544 -0.710680 0.182082
0.543197 -0.817525 -0.191285
0.592294 -0.764958 0.253037
0.000185 0.996056 -0.088726
0.378560 -0.717196 0.585083
-0.346014 0.414487 -0.841710
-0.674044 0.121933 -0.728558
-0.455576 -0.395217 -0.797656
0.008702 -0.900142 -0.435510
-0.308404 -0.669770 -0.675496
0.113466 0.583666 -0.804027
0.270101 -0.817354 -0.508898
0.520170 -0.152331 0.840368
-0.011390 -0.639075 -0.769060
-0.054649 -0.386724 0.920575
-0.184249 -0.901340 0.391966
0.904762 -0.093246 0.415585
-0.502094 -0.845410 -0.182164
0.720151 0.664203 0.200539
-0.623460 -0.671719 -0.400115
-0.600690 0.228779 -0.766049
0.138305 0.783844 -0.605360
-0.715378 0.111061 -0.689855
0.550725 0.084529 0.830395
-0.073751 0.643617 0.761786
0.174211 0.243355 0.954164
0.883486 0.253240 0.394108
-0.071946 0.096082 0.992770
0.620237 0.418749 0.663292
0.626828 0.614305 0.479287
0.993274 0.100445 -0.057601
0.554959 -0.826543 0.094060
0.769710 0.522535 -0.366748
0.962656 -0.022572 -0.269784
0.795310 0.434966 -0.422240
0.506566 -0.528212 -0.681457
0.696197 0.711498 -0.095296
0.985701 -0.151707 -0.073341
0.754546 0.579471 -0.308016
0.463449 0.841499 -0.277661
0.976009 0.053223 -0.211124
0.797378 0.319382 0.512038
0.864246 0.384717 0.324147
-0.725582 0.379654 0.573928
0.841967 -0.132302 0.523056
0.275290 -0.959378 -0.061716
0.323548 -0.945215 -0.043424
0.460383 -0.150826 0.874814
-0.649739 0.491205 -0.580135
-0.027690 -0.987810 0.153181
-0.914074 0.386152 -0.123917
-0.826311 -0.178358 0.534227
-0.856074 -0.476489 0.200239
-0.000672 0.998402 0.056498
-0.413379 -0.117128 -0.902994
-0.127537 0.985751 -0.109682
-0.935664 0.343539 0.080706
0.120512 -0.985169 -0.122146
-0.931989 0.342280 -0.119339
-0.117401 -0.969163 -0.216656
-0.546208 0.617324 -0.566187
-0.505877 0.375395 -0.776639
0.311145 0.638851 0.703604
0.040531 0.908431 0.416064
0.032429 0.852456 0.521792
-0.760069 0.648135 0.047073
-0.860825 0.480190 -0.168520
0.612734 -0.143031 0.777238
0.493575 0.731686 0.470127
0.609847 -0.773207 -0.173887
-0.726848 0.641762 0.244610
0.018506 0.938590 -0.344539
-0.357935 0.160722 -0.919810
-0.462423 0.277716 -0.842044
0.478593 -0.362310 0.799800
-0.027496 -0.983455 -0.179052
-0.184492 -0.038141 -0.982094
-0.543605 0.488403 -0.682609
0.443174 0.535902 -0.718614
0.419852 0.906374 0.047016
0.516345 0.268191 0.813303
0.336845 -0.629700 -0.700010
-0.021744 0.336067 -0.941587
0.374962 -0.868795 0.323418
-0.982507 0.009691 -0.185973
-0.221406 -0.924831 -0.309302
0.687901 0.611057 0.391664
-0.365690 -0.613341 -0.700060
0.887074 0.395506 -0.238066
-0.724432 -0.440001 -0.530657
-0.684118 -0.538765 -0.491645
-0.700843 -0.173037 -0.692010
0.276113 0.779433 0.562357
0.102605 -0.266042 0.958485
-0.269592 -0.388410 0.881168
-0.821948 -0.237422 0.517718
-0.725795 -0.624951 0.287503
-0.552390 -0.481769 0.680268
-0.251338 -0.008926 0.967858
0.655312 0.511419 0.555893
0.973431 0.109063 0.201339
-0.709795 -0.517708 0.477672
0.872123 0.482176 0.083112
0.886001 0.402857 -0.229584
0.948576 -0.316547 -0.001059
-0.555226 0.326733 0.764833
-0.495849 0.725518 0.477240
0.929169 0.099364 0.356051
0.896085 -0.220312 0.385350
0.144124 -0.844183 0.516317
0.601516 -0.681057 0.417540
-0.013625 -0.988043 0.153576
0.485783 -0.523290 0.700131
-0.062827 -0.968910 0.239304
0.250545 0.684812 0.684295
-0.497883 0.254667 0.829010
0.070717 -0.962464 0.262033
-0.907173 -0.305506 0.289315
0.073083 0.978006 0.195356
-0.902474 -0.265358 0.339301
0.116570 0.973888 0.194815
-0.878140 -0.229422 0.419804
0.025985 -0.701393 -0.712301
-0.589779 -0.132276 -0.796658
-0.610930 -0.199819 -0.766053
-0.165528 -0.014669 -0.986096
0.533536 0.586857 0.609047
-0.271184 0.672152 -0.688963
-0.240577 -0.167606 -0.956050
-0.138889 -0.989445 -0.041329
-0.964504 0.222402 -0.142369
0.826703 0.091741 0.555109
0.248316 0.163330 0.954810
-0.898716 0.390448 0.199647
0.093030 -0.993521 -0.065274
0.343962 0.211766 0.914793
0.353087 0.934674 0.041410
0.446542 0.894678 -0.012310
0.096201 -0.987588 -0.124161
-0.540395 0.823591 -0.172253
0.202815 0.945436 -0.254984
-0.128889 -0.581516 -0.803260
-0.107406 -0.429617 -0.896601
-0.449281 -0.518009 -0.727882
0.495040 0.516571 -0.698634
0.320936 -0.267926 0.908414
0.569508 0.182973 -0.801363
0.447589 -0.152534 -0.881134
-0.120888 -0.357639 -0.926002
0.286623 0.121528 -0.950304
0.430814 0.538619 -0.724078
0.723479 0.656022 0.214974
-0.391716 -0.640860 -0.660195
-0.285878 -0.771994 -0.567714
-0.483993 -0.755832 -0.440986
0.902781 0.404624 0.145827
0.991543 0.088217 -0.095183
0.704118 0.591554 -0.392788
0.053449 0.925801 -0.374214
-0.335033 -0.941380 0.039445
-0.726620 -0.423776 -0.540775
0.180358 0.936430 -0.300948
-0.805605 -0.034358 0.591456
-0.736529 -0.609621 0.293065
-0.628698 0.043582 0.776428
-0.400350 -0.915443 0.041050
-0.256712 0.465065 0.847239
-0.541615 -0.146256 0.827806
-0.048033 0.766510 0.640433
0.753346 0.590434 0.289583
0.997130 -0.020696 -0.072826
0.963788 0.214223 -0.158810
0.942159 0.297217 -0.154916
-0.648225 0.182851 0.739169
-0.682964 -0.089101 0.724997
-0.422225 0.845449 0.327020
-0.551285 0.809643 -0.201401
-0.520109 -0.853116 -0.040970
0.870333 -0.345870 0.350564
-0.518284 0.652301 -0.553069
-0.454107 0.556563 -0.695719
0.371286 -0.745944 0.552915
-0.039869 0.900333 -0.433371
0.086751 -0.915118 -0.393743
-0.337492 0.451633 0.825910
0.071742 -0.812581 0.578416
-0.392782 0.207710 0.895867
-0.264969 0.796662 0.543251
-0.969662 -0.175010 0.170668
0.092006 -0.980212 -0.175267
0.078541 0.974056 0.212243
-0.602414 -0.148944 -0.784164
0.269331 -0.707929 -0.652915
0.673310 -0.372959 -0.638400
-0.512622 0.643905 -0.567983
-0.094545 0.926264 -0.364824
-0.027933 -0.035634 -0.998974
0.363940 -0.453167 -0.813749
0.156748 -0.254097 -0.954392
-0.019505 0.357910 -0.933552
0.047941 0.924943 0.377069
-0.734988 0.644317 0.211300
0.884479 0.458819 0.084743
0.363187 0.616744 0.698371
0.412928 -0.896341 -0.161442
-0.517241 0.837924 0.174201
-0.021022 0.973579 0.227379
-0.496977 0.820095 -0.283651
-0.043277 0.796683 -0.602846
0.085491 0.961340 -0.261758
0.018881 0.886678 -0.462001
0.181265 -0.983038 0.027913
-0.060350 0.130295 -0.989637
-0.220884 0.589689 -0.776838
-0.642981 -0.502677 -0.577833
0.307302 -0.301518 0.902581
-0.465868 -0.442742 -0.766124
0.651479 0.258661 -0.713210
0.295352 0.937717 0.182904
0.157769 -0.057098 0.985824
-0.115439 -0.929021 0.351560
0.392836 0.373635 -0.840284
0.286798 -0.758792 0.584792
0.325233 0.159793 0.932035
-0.209071 -0.895656 -0.392544
-0.070601 0.987580 -0.140359
0.740785 0.652246 0.160662
0.407221 0.396933 0.822566
0.236807 0.877281 -0.417493
-0.732060 -0.573820 -0.367177
0.294892 0.910915 -0.288571
-0.731941 0.135997 -0.667658
-0.716595 -0.303216 -0.628133
0.307783 0.690774 0.654295
0.739409 -0.643967 -0.196420
-0.404361 -0.911060 -0.080390
0.787195 -0.590715 -0.177142
0.368696 -0.089905 0.925192
-0.177307 0.777642 0.603188
-0.382442 0.069551 0.921358
-0.640006 -0.465848 0.611046
-0.415047 0.890942 -0.184281
-0.515097 0.525906 -0.676829
0.338728 -0.888696 0.309002
0.534374 -0.411670 0.738222
-0.228273 -0.912496 -0.339475
-0.012590 0.773873 0.633216
0.218084 0.941133 0.258278
0.159615 0.965266 0.206845
0.858224 -0.194821 -0.474865
0.123974 0.991368 -0.042649
0.082215 0.810347 -0.580154
0.734688 -0.285072 -0.615604
-0.060702 -0.997515 -0.035778
0.295571 -0.168114 -0.940412
0.572518 0.558493 0.600257
-0.045757 -0.996219 -0.073855
0.558226 0.681293 0.473523
0.664134 -0.559753 0.495582
-0.191558 0.927805 0.320132
-0.007606 0.992929 0.118467
0.337172 -0.887560 0.313930
0.378110 0.924992 0.037710
0.077158 -0.994954 -0.064138
0.299844 0.789778 -0.535111
0.464023 -0.721245 0.514285
0.479024 0.272672 -0.834378
0.334946 0.180309 -0.924824
0.363408 -0.096324 -0.926637
-0.737623 -0.496650 -0.457439
0.284562 0.500304 -0.817753
0.433162 0.006431 -0.901293
-0.018188 0.903584 -0.428025
-0.046353 0.789715 -0.611720
-0.458733 -0.875610 0.151231
-0.216744 -0.945283 -0.243850
0.226803 -0.607968 0.760878
0.614731 0.637768 0.464067
-0.340929 -0.542086 -0.768056
-0.559177 -0.803876 -0.202741
-0.690671 -0.544375 -0.476057
-0.034105 0.732906 -0.679475
-0.884616 -0.051791 -0.463436
-0.238251 0.456210 -0.857385
-0.454704 0.317864 -0.831990
-0.740407 -0.186203 0.645852
0.280880 0.837586 -0.468568
-0.485047 -0.645179 0.590317
-0.111071 -0.013693 0.993718
0.240280 0.765186 0.597291
-0.050319 -0.974060 -0.220626
-0.226162 -0.596143 0.770366
0.419656 -0.854115 -0.307208
-0.601783 -0.795873 0.066651
0.864866 0.232982 -0.444664
0.922392 0.206838 -0.326207
0.537212 0.696944 -0.475050
0.199714 0.731833 0.651563
-0.154031 0.369866 0.916228
-0.622334 -0.563051 0.543759
0.033056 0.955110 0.294403
0.922512 -0.147874 0.356519
-0.553426 0.635837 -0.537988
0.738488 -0.532016 0.414240
0.702270 -0.370672 0.607799
-0.618549 0.490810 -0.613598
0.135051 0.972050 0.192044
0.582700 -0.592909 0.555805
0.071455 0.830496 0.552422
-0.503528 0.853786 0.132323
0.320670 0.941921 0.099777
0.055800 -0.998215 -0.021300
0.039344 -0.990238 -0.133716
-0.533934 -0.038144 -0.844665
0.132578 0.484599 -0.864631
0.337499 0.061349 -0.939325
0.511473 0.676210 0.530222
0.297483 -0.067715 0.952323
0.698089 -0.431961 0.571036
0.628194 -0.754383 0.190472
0.172162 0.919904 0.352329
0.207789 0.967109 -0.146708
-0.529433 0.764169 -0.368438
0.641896 -0.438111 -0.629308
-0.379680 0.919277 -0.103794
-0.448000 0.568933 -0.689646
-0.084633 -0.938969 -0.333429
-0.043367 -0.197789 -0.979285
-0.125520 0.823786 -0.552830
-0.533759 -0.739953 -0.409355
0.007762 -0.156686 0.987618
0.855397 0.497607 0.143817
-0.281681 -0.815347 -0.505831
0.788248 0.496317 0.363778
-0.356569 -0.914801 0.189732
0.293222 0.857904 -0.421926
-0.569612 0.173401 -0.803414
-0.720006 -0.683515 -0.119999
-0.772287 -0.451563 -0.446838
-0.338904 0.487000 -0.804969
0.271973 0.438087 0.856802
0.466357 0.879522 0.094614
-0.477852 -0.072001 0.875485
-0.039316 -0.506946 0.861081
-0.721535 0.093254 0.686069
0.306618 0.886761 -0.345892
0.100011 -0.915590 0.389477
-0.223611 -0.528401 0.819018
0.418830 0.899504 -0.124397
0.092490 0.853250 -0.513235
0.890527 0.443470 -0.101471
0.851577 0.488292 -0.190755
0.719739 0.459201 -0.520683
0.185945 0.531130 0.826635
-0.610203 -0.514011 0.602863
-0.715802 -0.615221 -0.330349
-0.936810 -0.076067 0.341468
-0.382711 0.740340 -0.552657
0.552782 0.214354 0.805286
0.178910 0.920602 0.347106
0.683847 -0.460612 0.565853
-0.132628 -0.938559 -0.318619
0.165954 -0.824651 0.540749
0.659955 0.751234 -0.010366
-0.509479 -0.087030 -0.856070
0.642883 -0.345755 -0.683487
0.134804 0.949493 -0.283357
-0.170425 -0.059965 -0.983544
0.522974 -0.338958 -0.782052
-0.147412 0.735094 0.661745
-0.153113 0.417361 0.895749
0.073802 0.994604 0.072916
0.107979 -0.988293 -0.107784
-0.477678 0.540688 -0.692446
0.174544 -0.976045 0.129889
0.340559 0.878922 -0.333940
0.295465 -0.954898 0.029501
-0.203230 0.164255 -0.965255
-0.310918 0.495325 -0.811162
0.379031 0.305597 0.873468
-0.840518 -0.212687 -0.498291
0.443803 0.239455 -0.863539
0.329053 0.920354 0.211362
0.227313 0.150023 0.962196
0.018341 -0.281078 0.959510
0.131188 -0.132568 0.982454
-0.242129 0.553042 -0.797194
0.787458 0.287937 0.544980
-0.210848 -0.893455 -0.396587
-0.311988 -0.802986 -0.507816
0.440524 0.430206 0.787948
-0.324954 -0.608742 -0.723767
-0.619609 -0.770713 -0.148613
0.168303 0.897948 -0.406648
-0.618737 -0.758916 -0.203006
-0.751759 -0.218089 -0.622330
-0.777305 -0.178907 -0.603149
-0.521667 -0.613025 -0.593350
-0.257398 0.132125 0.957230
0.011984 0.008201 0.999895
-0.808508 -0.316480 0.496141
0.210192 0.735317 0.644305
-0.831368 -0.197718 0.519361
0.760332 0.407571 0.505748
0.786153 0.557181 -0.267420
0.910771 -0.064124 -0.407903
0.397586 0.842830 0.362716
-0.130494 0.990546 -0.042300
-0.586646 0.526940 -0.614964
0.365782 -0.791182 0.490137
0.546394 0.440060 0.712602
-0.693255 0.591050 -0.412381
-0.115070 0.984756 0.130442
-0.070601 -0.993340 -0.091053
-0.028035 0.771044 0.636164
0.930850 -0.221526 0.290594
0.196904 0.716599 0.669115
0.955170 0.235005 0.180062
-0.921819 0.027804 -0.386622
0.275137 0.951939 0.134583
-0.807506 0.048384 -0.587872
-0.075537 -0.987447 -0.138716
0.758192 -0.421777 0.497241
0.118330 0.773256 0.622955
-0.186299 0.908001 -0.375270
0.128552 0.985593 -0.109917
0.376679 -0.816797 0.436984
0.339546 -0.430106 0.836491
-0.136926 0.982701 0.124701
-0.899491 -0.223367 -0.375531
-0.714680 -0.261259 -0.648827
0.154671 -0.810065 -0.565572
-0.681255 -0.377622 -0.627131
0.116422 -0.329477 0.936958
-0.160096 0.967873 -0.193885
-0.794573 -0.431120 -0.427539
-0.811520 0.020076 -0.583979
0.256815 -0.498497 0.827978
0.725616 0.160628 0.669088
0.252353 0.456401 0.853238
-0.467145 0.878707 0.098230
-0.385421 -0.827070 -0.409152
-0.323254 -0.946204 0.014304
-0.420497 0.531114 0.735595
-0.662302 -0.709171 -0.241729
-0.269709 -0.040160 -0.962104
-0.246733 0.251716 -0.935821
-0.373942 0.523150 -0.765821
-0.358061 -0.914696 0.187413
-0.393428 0.677518 -0.621437
-0.094583 0.013075 0.995431
-0.047038 -0.304651 0.951302
0.181494 -0.460426 0.868946
0.386211 -0.620454 0.682552
-0.500151 -0.797567 -0.337247
-0.056153 0.644330 0.762683
0.100599 0.984246 0.145398
-0.900400 -0.070479 0.429317
-0.396111 0.193957 0.897484
-0.955321 0.039908 0.292862
-0.864788 -0.290358 0.409675
-0.880906 0.111782 0.459901
-0.963230 0.016726 0.268157
0.594901 0.669309 0.445104
0.504856 0.771705 0.386771
0.549688 -0.498057 0.670658
0.650394 0.402352 -0.644283
0.882288 -0.179935 0.434962
0.970373 -0.025347 0.240278
-0.633139 0.603414 -0.484796
0.660092 -0.332571 0.673554
-0.553279 0.708403 -0.438233
0.862818 -0.505510 -0.002035
0.208171 -0.856654 0.472027
0.579411 0.802584 0.141922
0.963239 -0.218573 -0.156195
-0.637312 0.316889 0.702435
-0.009634 -0.973020 -0.230518
0.092250 -0.989150 -0.114331
-0.693631 0.093387 -0.714252
-0.840757 -0.075044 -0.536186
-0.967308 0.121795 -0.222445
-0.881345 -0.057116 -0.469009
-0.101205 -0.992901 -0.062490
0.513922 -0.029791 0.857320
-0.209992 0.937912 0.276089
-0.400367 0.814989 -0.418925
0.475169 -0.817741 0.324828
0.405113 0.112273 -0.907347
-0.370377 0.707062 -0.602398
0.636587 0.411139 -0.652474
0.483888 -0.637816 0.599202
-0.244623 0.534666 -0.808883
0.040158 0.392901 -0.918704
-0.009371 0.219996 -0.975456
-0.083744 -0.019497 -0.996297
0.492536 0.745620 0.448841
-0.178283 0.718705 -0.672070
-0.549819 0.106072 -0.828522
-0.119621 -0.938962 -0.322555
0.587769 -0.755166 -0.290262
0.674909 0.558798 0.481915
-0.175239 -0.923088 -0.342343
-0.564857 -0.481410 0.670210
-0.096773 0.991949 0.081680
-0.176564 0.652245 -0.737157
0.094195 0.849657 -0.518854
-0.792284 -0.302793 -0.529720
-0.453246 -0.890934 0.028353
-0.343577 0.714431 -0.609544
-0.445469 0.264261 -0.855408
0.385438 0.366659 0.846758
-0.092747 -0.472316 0.876536
0.151074 0.915550 -0.372753
-0.611284 0.395954 0.685239
-0.835413 0.031880 0.548698
-0.364644 0.888827 -0.277528
0.268968 0.669166 0.692729
-0.826439 -0.560190 0.056442
-0.858105 -0.259469 0.443094
0.689477 0.689326 0.222379
-0.920913 -0.311580 -0.234172
-0.762708 -0.635577 -0.119657
-0.917712 -0.315963 -0.240775
0.117579 0.571320 -0.812261
0.274188 0.952255 0.134279
0.022092 0.909769 -0.414528
-0.494354 0.600523 -0.628479
0.506499 -0.552491 0.661976
-0.565249 -0.816938 -0.114479
-0.544271 0.628199 -0.555999
0.054538 -0.995005 -0.083605
0.842905 -0.533304 0.071397
0.760455 0.646416 0.062080
0.918772 -0.075411 -0.387520
0.142012 0.935000 0.324972
-0.994288 0.050694 -0.093926
0.026660 -0.518125 -0.854889
-0.571280 -0.502348 -0.649065
-0.018817 -0.970430 -0.240650
-0.087334 0.407341 0.909091
0.047290 0.475539 0.878423
-0.263817 0.909108 0.322371
0.713367 -0.576259 0.398791
0.066628 -0.997705 -0.012032
-0.660583 -0.709886 -0.244320
-0.437117 -0.868792 -0.232657
-0.789383 -0.562707 -0.245428
-0.116722 -0.422553 -0.898791
-0.748729 -0.230777 -0.621407
-0.463769 -0.298374 -0.834201
0.145065 -0.344717 0.927430
-0.720094 -0.424114 -0.549174
0.314442 0.928197 -0.198940
0.134127 -0.397574 0.907714
0.207180 0.892506 -0.400636
-0.776167 -0.138780 -0.615065
-0.456205 0.303716 -0.836441
0.579730 -0.778250 0.241330
0.908572 0.413038 0.062428
-0.061121 -0.942451 -0.328709
-0.482688 -0.866981 0.123917
-0.008012 0.744343 -0.667750
-0.194241 0.323547 -0.926060
0.120965 0.937646 -0.325864
0.158160 0.313362 -0.936371
-0.738990 -0.657070 -0.148837
-0.231126 0.712880 -0.662105
-0.678001 0.069107 -0.731805
0.386375 0.290433 0.875422
0.298036 -0.124530 0.946397
0.322804 -0.490043 0.809725
0.240996 -0.898507 0.366888
0.495812 0.860103 -0.119977
0.300744 -0.642350 0.704939
-0.173369 -0.955499 -0.238674
0.092841 -0.031409 0.995185
0.132503 0.690580 0.711015
0.307049 0.919815 -0.244256
0.400819 -0.096994 0.911009
-0.274013 0.595050 0.755535
-0.338041 0.298199 0.892640
-0.175467 0.910241 -0.375064
-0.454995 -0.848709 0.269578
-0.052963 -0.997815 0.039499
-0.347975 -0.673218 0.652450
-0.542853 -0.600035 0.587595
-0.183386 -0.116660 0.976094
0.231998 0.547676 0.803883
-0.211255 -0.977339 -0.013416
-0.644062 -0.641391 -0.416896
-0.145568 0.656877 -0.739813
-0.527245 0.609771 -0.591770
0.796204 -0.404886 0.449584
0.875461 0.270386 -0.400574
0.054037 -0.997176 -0.052157
-0.919212 0.392591 0.030356
-0.955631 0.294323 -0.011979
-0.933888 -0.305858 -0.185216
-0.054754 -0.983752 -0.170978
0.635291 -0.091018 0.766891
0.737234 -0.389857 0.551813
-0.100990 -0.994496 -0.027921
0.042972 0.926074 -0.374887
0.518462 -0.675173 0.524728
-0.299095 0.952669 -0.054452
-0.104117 0.968855 -0.224675
-0.164621 0.807767 -0.566050
-0.570059 0.783753 -0.246506
-0.615728 -0.535903 -0.577656
-0.116778 0.296809 -0.947770
0.242578 -0.953762 -0.177464
0.471885 0.359746 0.804927
0.566425 0.766029 0.303911
0.103013 0.870660 -0.480978
-0.402288 -0.053923 -0.913924
-0.091447 0.476557 -0.874375
-0.156731 0.937490 0.310722
-0.161324 -0.152790 0.975002
0.978401 0.206533 0.008712
-0.456998 0.627767 0.630128
-0.754390 -0.656423 -0.002187
-0.750638 -0.086440 -0.655035
-0.228146 0.125557 -0.965497
0.351307 0.318389 0.880461
0.542012 0.759236 0.360254
0.605671 0.681390 0.410938
0.207906 -0.598024 0.774043
0.302043 0.389632 0.870033
-0.257380 -0.951815 -0.166747
-0.114315 -0.540895 0.833286
-0.673492 -0.734133 -0.086357
-0.205478 -0.125157 0.970626
0.304491 0.692692 0.653807
-0.752239 -0.251698 0.608921
-0.549980 -0.490043 0.676299
-0.327029 -0.759265 0.562645
-0.790775 -0.420211 0.445083
-0.438612 -0.685666 0.580931
-0.070111 -0.824812 0.561043
0.655893 -0.754789 -0.009895
0.443113 0.860996 0.249673
-0.287417 0.647497 -0.705790
0.270277 -0.281714 0.920645
-0.225243 0.879735 -0.418727
0.350475 -0.888309 0.296774
0.824269 -0.392062 0.408496
0.846465 0.197221 0.494571
0.126759 0.970807 -0.203631
0.201493 0.978644 0.040700
0.968693 -0.235433 0.078772
0.053418 -0.948885 -0.311067
-0.011044 -0.986908 -0.160903
0.340771 0.933635 0.110457
-0.367050 0.701031 -0.611416
-0.852477 0.038321 -0.521358
-0.609439 -0.265642 -0.747006
-0.808924 0.510651 -0.291338
0.101210 -0.993505 0.052012
-0.889675 0.075303 -0.450343
-0.298661 -0.628705 -0.718005
0.393801 0.716274 0.576083
-0.105860 -0.990951 -0.082517
0.013073 -0.998869 -0.045711
0.484504 -0.733493 0.476701
-0.096948 0.952863 -0.287494
0.205578 -0.927889 -0.311062
0.217985 -0.946553 -0.237738
0.280620 -0.634688 0.720017
-0.080642 0.197046 -0.977072
-0.157671 -0.553475 -0.817805
-0.213401 0.264443 -0.940494
-0.205965 0.242668 -0.947993
-0.022787 0.958939 -0.282696
0.271029 0.951567 -0.145130
0.125201 -0.410733 0.903119
0.092106 -0.148546 0.984607
0.211192 0.903746 -0.372345
-0.424070 0.021085 -0.905384
-0.822493 -0.565834 -0.057770
-0.854673 0.095102 0.510382
-0.879382 0.023267 0.475548
-0.581202 -0.356194 0.731662
0.387766 -0.849767 0.357118
-0.236582 -0.687818 -0.686248
-0.064919 0.692624 0.718371
-0.034514 0.920507 -0.389199
-0.536692 -0.843057 -0.034875
-0.048963 0.726416 -0.685509
-0.628792 0.412276 -0.659279
-0.621890 -0.595587 -0.508458
0.015760 0.409699 -0.912085
-0.195962 -0.077905 -0.977512
0.241278 -0.130902 0.961587
0.038545 -0.672164 0.739398
0.172547 -0.821282 0.543805
0.113882 0.083261 0.989999
0.316089 0.694095 0.646776
0.301280 0.943837 0.135651
-0.458749 -0.886232 0.064362
0.209552 0.856349 -0.471969
0.444805 0.616144 0.650012
0.530142 0.746583 0.401949
0.148582 0.952599 -0.265479
0.205203 0.705229 -0.678634
0.270943 -0.962025 0.033144
-0.171578 -0.902772 0.394415
0.581835 -0.758406 0.293748
0.080499 -0.593809 0.800569
0.212383 0.977110 0.012190
0.345132 -0.610308 0.713027
-0.331801 0.938076 0.099605
-0.135141 -0.990097 -0.038007
-0.640916 0.682414 -0.351478
0.908252 -0.353940 0.223172
-0.794580 0.556877 0.241931
-0.751405 0.229621 0.618598
0.084870 -0.995055 0.051600
-0.100776 -0.948747 -0.299538
0.014113 -0.248793 -0.968454
0.160178 0.970897 0.178051
-0.905534 0.394425 -0.156324
0.119003 -0.528446 -0.840585
-0.685859 0.105100 -0.720105
-0.884121 0.459461 0.085006
-0.784459 0.433888 -0.443131
-0.171966 0.740879 0.649250
-0.672114 0.090983 -0.734837
-0.362216 0.671429 0.646516
-0.063305 0.992590 -0.103718
0.643367 -0.505038 0.575340
0.079125 -0.955163 -0.285313
-0.322445 0.820783 -0.471533
-0.745570 0.662056 -0.076200
-0.420011 0.605735 -0.675778
0.332662 -0.665468 0.668197
-0.100688 -0.815678 -0.569677
0.511768 -0.094635 0.853895
0.747939 -0.638527 0.181302
0.823694 -0.396005 -0.405842
0.202656 0.406165 -0.891045
0.068027 -0.544198 -0.836194
0.324890 -0.353760 -0.877098
0.361662 0.106301 0.926229
0.437541 0.823839 0.360342
-0.919823 -0.338317 -0.198665
-0.448243 -0.893786 -0.014963
0.518144 0.802344 -0.296260
-0.185525 0.975871 0.115136
-0.402553 0.452141 -0.795940
-0.948505 0.219211 -0.228658
-0.621190 -0.482045 -0.617863
0.010004 0.360688 -0.932633
-0.352477 -0.026063 -0.935458
0.463622 0.458457 0.758203
0.606576 0.785146 -0.124945
0.314626 -0.949151 0.011080
0.183725 0.802923 0.567062
-0.265604 -0.698341 0.664661
0.081813 -0.991164 -0.104402
-0.509710 -0.469234 0.721121
0.224072 -0.955401 -0.192357
0.307028 0.412062 0.857869
0.378088 -0.909030 -0.175255
0.035805 -0.398597 0.916427
0.456620 0.853418 -0.251348
0.544530 -0.814712 -0.199326
-0.215827 -0.894038 0.392574
0.594270 0.608719 0.525647
0.462288 0.427467 0.776892
0.060789 0.684172 -0.726783
-0.532566 -0.690910 -0.488894
0.292032 0.649666 0.701892
0.554052 -0.583797 0.593470
-0.861956 0.496163 0.104183
0.858266 -0.382815 0.341806
-0.287000 0.860256 0.421415
0.842311 -0.489348 0.225943
0.850792 -0.145878 0.504849
0.272866 -0.952735 0.133567
0.348736 -0.780056 0.519514
0.798861 0.431446 -0.419136
0.918703 0.265170 0.292693
0.069924 0.992594 0.099338
-0.024986 0.999342 0.026291
0.033432 -0.995226 -0.091698
0.030861 -0.997380 0.065424
0.498933 0.115366 -0.858928
0.098202 -0.813363 -0.573408
0.115725 -0.993258 0.006869
-0.788108 0.446834 -0.423351
-0.031863 -0.973465 -0.226606
-0.154620 -0.707052 -0.690051
-0.268052 0.841791 0.468546
0.667769 -0.374248 0.643445
0.639268 -0.522687 0.564034
0.512620 -0.844200 -0.156677
-0.593275 0.578890 -0.559385
0.342688 0.267144 0.900666
0.409193 0.281184 -0.868042
0.759763 -0.640131 -0.113983
0.580126 0.134508 0.803344
0.133242 -0.362348 0.922470
0.200884 0.676033 -0.708961
-0.150723 0.343589 -0.926946
-0.546308 -0.569808 0.613894
0.582204 0.320864 0.747050
0.731104 0.478435 0.486403
0.256076 0.822689 0.507551
0.444986 0.331306 0.832000
-0.491561 0.484706 -0.723483
-0.412119 -0.866908 0.280407
-0.613027 -0.790058 0.002384
-0.383706 0.437575 -0.813202
-0.621543 0.339111 -0.706179
-0.630581 0.095823 -0.770186
-0.026898 0.355588 -0.934256
0.392223 0.093365 0.915120
0.169085 -0.477694 0.862101
0.404908 0.064061 0.912111
0.083397 -0.531926 0.842674
0.482823 0.632483 0.605679
0.275315 0.923841 -0.265930
0.232990 -0.964929 -0.120943
0.007651 -0.978989 -0.203768
-0.391457 -0.841702 0.371886
0.529825 0.553303 0.642760
0.492447 0.851440 -0.180404
0.328979 0.824635 -0.460164
0.473292 0.721289 0.505704
0.004712 -0.999986 0.002447
0.127986 0.633585 -0.763013
0.721677 -0.605755 0.335026
0.818600 -0.461071 0.342501
0.218440 -0.970669 -0.100426
0.848408 -0.387016 0.361140
-0.653761 0.517346 0.552222
-0.515026 0.627392 0.584062
0.228531 0.034904 0.972911
-0.362201 0.620410 0.695630
0.898504 -0.197650 -0.391950
-0.417982 0.480897 0.770733
0.053818 -0.998551 -0.000252
0.952803 -0.303120 -0.016899
0.306498 0.757127 0.576903
0.067173 0.955801 0.286237
-0.113054 -0.651623 -0.750071
0.009059 0.998444 0.055017
-0.812158 0.045563 -0.581656
-0.502644 0.610097 -0.612479
-0.871488 0.319117 -0.372388
0.110131 -0.985307 -0.130543
-0.729365 0.264514 -0.630919
-0.146242 0.812628 0.564135
0.313603 0.800667 0.510476
0.614265 0.118786 0.780108
-0.079677 0.959432 -0.270449
-0.026693 -0.995494 -0.090986
0.458329 -0.646739 0.609642
-0.440789 0.775034 -0.452799
0.727637 -0.565673 -0.388019
0.479373 -0.431547 -0.764178
0.535631 -0.709946 -0.457248
-0.151594 0.406900 -0.900806
-0.313055 0.561215 -0.766181
0.359649 -0.668423 0.651047
0.733909 0.035366 -0.678327
0.177813 0.852578 -0.491419
-0.482097 -0.070099 -0.873309
-0.419329 -0.348186 0.838409
-0.038781 -0.973146 0.226898
0.029319 -0.944568 -0.327005
-0.589874 0.218787 -0.777291
0.929393 0.299388 -0.215861
0.040131 -0.818555 -0.573024
0.665468 0.580606 0.469094
0.876292 0.059982 -0.478033
0.350162 0.911152 -0.217231
-0.150852 0.714896 -0.682764
0.960400 -0.172858 -0.218522
0.953465 0.080482 -0.290562
-0.531195 -0.823670 0.198494
0.084258 0.295440 -0.951638
-0.213092 0.314060 -0.925180
0.381360 0.169865 -0.908686
-0.535982 -0.803132 -0.260196
-0.511957 -0.229504 -0.827785
0.531919 0.796683 0.286982
0.543677 0.822878 -0.165189
0.350244 -0.926277 0.139069
0.355284 0.677286 0.644249
0.220067 0.341206 0.913865
-0.081276 -0.541888 0.836512
0.218696 0.887010 0.406676
0.356897 0.831516 -0.425682
-0.212045 -0.795644 0.567440
0.553687 0.698399 0.453508
0.424407 0.891103 -0.160667
0.885776 0.079822 0.457197
0.477209 0.780462 0.403920
0.387101 0.921376 -0.034921
0.047720 -0.982160 0.181889
0.133597 0.834887 0.533963
-0.760216 0.600577 -0.247750
-0.204375 0.913455 0.351897
-0.661987 0.562649 -0.495176
-0.074645 -0.989551 0.123359
0.389702 0.859550 0.330615
0.135081 -0.990589 0.022079
0.724929 -0.112437 -0.679585
0.849452 -0.178255 -0.496646
0.893829 -0.409438 -0.182837
-0.024358 0.460470 -0.887341
-0.858712 0.261270 -0.440853
-0.776636 0.311071 -0.547787
0.631826 0.547493 0.548678
0.793779 0.440511 0.419363
0.593051 0.591369 0.546419
-0.576768 -0.156073 -0.801860
-0.173894 0.916022 0.361474
-0.123867 -0.992295 -0.002819
0.755126 -0.023212 0.655169
-0.398776 0.911905 -0.096985
0.432266 0.887833 0.157793
0.586863 -0.413700 0.696020
0.654907 -0.472380 0.589876
-0.474365 0.859669 -0.189595
0.822341 -0.328419 -0.464646
-0.195511 0.535173 -0.821806
-0.092968 -0.444740 0.890822
0.179210 -0.844414 -0.504826
-0.212028 -0.941559 -0.261747
0.717058 0.676228 -0.168950
0.606151 0.367807 0.705194
0.678969 0.667346 -0.306024
0.528234 0.848964 0.015117
0.055227 0.788741 -0.612240
-0.308008 -0.858501 0.410008
0.723293 -0.086629 -0.685086
0.957516 0.272279 0.095012
-0.301021 -0.940968 0.154811
-0.509173 0.523991 -0.682772
-0.239680 -0.874076 -0.422545
0.370835 0.488856 -0.789621
-0.176145 -0.438354 -0.881373
-0.368074 -0.584933 -0.722755
-0.143062 0.247975 -0.958145
-0.307525 0.208941 -0.928317
0.118283 -0.110665 -0.986794
0.272970 -0.210968 -0.938605
0.501850 0.473328 0.723953
0.285155 -0.928514 0.237801
0.178332 0.080509 0.980671
0.133385 -0.991043 0.006460
0.171836 0.838392 -0.517273
-0.417277 -0.813389 0.405311
0.061107 0.791102 0.608625
0.857508 0.441668 0.263835
0.090897 0.334669 0.937942
0.484827 -0.849292 -0.208917
-0.749090 0.576419 -0.326504
-0.098790 -0.939894 -0.326864
0.015253 -0.997840 0.063899
0.639010 -0.676782 0.365556
0.775955 0.618817 -0.122309
0.808924 -0.557642 0.186221
-0.037717 -0.999288 -0.000158
0.876535 -0.470785 0.100236
-0.084752 0.927979 0.362865
-0.686467 0.376443 0.622136
0.104985 -0.935014 0.338714
0.298764 -0.831512 0.468325
-0.074316 0.996424 0.040209
0.903514 -0.426053 0.046282
0.947878 -0.302553 0.099950
-0.686097 0.695876 0.212194
0.951742 -0.032598 0.305162
0.139165 -0.990261 -0.004070
-0.719675 0.339392 -0.605707
0.039387 -0.843354 -0.535913
-0.756546 0.317095 -0.571917
0.000084 -0.989917 -0.141649
-0.693451 0.243578 -0.678082
-0.298046 -0.552171 -0.778637
0.542315 0.463088 0.701031
-0.357603 0.894857 -0.267117
0.164521 -0.797394 -0.580600
0.580079 -0.553338 0.597767
-0.320231 0.739030 -0.592695
-0.015782 -0.663181 -0.748292
-0.013735 -0.566219 -0.824140
0.407628 -0.505264 -0.760624
0.605687 -0.699728 -0.378844
-0.030239 0.854703 -0.518236
0.087256 0.995816 0.027142
0.441214 -0.641760 0.627276
0.892267 -0.260290 -0.368929
0.019565 0.731863 -0.681171
0.033283 -0.096276 -0.994798
-0.195332 0.384221 -0.902341
0.453263 -0.666679 0.591686
0.695391 -0.153353 0.702078
0.435464 0.179676 0.882093
0.572369 -0.455186 0.682055
-0.168586 0.895098 -0.412770
0.248431 0.926410 -0.282924
0.017599 0.729400 -0.683861
0.379570 -0.340184 0.860350
-0.029455 -0.594722 0.803391
0.288042 -0.910187 -0.297644
-0.015947 -0.992110 0.124353
0.348499 -0.845425 -0.404728
0.646079 0.573415 0.503763
0.661543 0.368831 -0.652935
0.589641 0.422088 -0.688597
0.786985 -0.043273 -0.615452
0.730590 0.526666 -0.434582
-0.025740 -0.488290 -0.872302
0.242870 0.150460 -0.958319
0.423538 -0.013168 0.905783
0.337857 -0.606263 0.719929
0.373336 0.898814 0.229683
0.282411 -0.425739 0.859645
-0.101733 -0.332046 0.937761
0.600355 -0.109620 0.792185
-0.144010 0.858135 -0.492813
0.219571 -0.008784 0.975557
-0.018165 -0.733539 0.679405
0.950815 0.258201 -0.171125
-0.090536 0.927099 -0.363718
-0.279676 -0.946649 0.160112
0.272995 -0.453449 0.848444
0.571141 -0.617206 0.541160
-0.430714 0.750178 0.501716
-0.100834 0.862932 0.495157
0.911433 -0.128753 -0.390785
-0.201606 -0.919033 -0.338722
0.824684 -0.333882 -0.456530
0.215045 -0.886210 0.410351
0.877133 -0.478809 -0.037147
-0.007942 -0.994612 -0.103358
-0.081072 -0.970382 -0.227565
0.912532 -0.407065 0.039785
-0.697715 -0.286199 -0.656722
0.363389 0.927796 0.084516
0.027390 0.969877 -0.242050
-0.129411 0.803478 0.581098
0.132531 -0.987516 -0.085133
-0.535751 0.497401 -0.682322
-0.585350 0.392667 -0.709350
-0.044958 -0.818741 -0.572400
-0.589062 0.309264 -0.746567
0.711793 0.441599 0.546206
0.335229 0.879920 0.336693
0.553860 0.831190 0.048601
0.104026 -0.946778 -0.304616
-0.330846 0.664977 -0.669587
0.258520 -0.636042 0.727062
0.597307 -0.666732 -0.445749
0.377109 -0.590911 0.713171
-0.266717 -0.219399 -0.938470
0.617400 -0.502913 -0.604894
0.329569 -0.368543 0.869230
0.577421 0.811911 0.085940
0.626870 -0.659408 0.414988
0.500534 -0.840070 -0.209161
-0.574787 0.404444 -0.711368
0.663927 0.747150 -0.031110
0.991429 0.035014 -0.125867
-0.036025 -0.999347 0.002768
0.049562 -0.855724 -0.515054
0.194565 0.196446 -0.961017
0.996642 0.067346 -0.046585
0.172848 -0.448091 -0.877119
0.506295 0.397449 -0.765310
0.486352 -0.157835 -0.859389
0.262676 0.923706 0.278868
0.497322 0.531893 0.685391
0.363531 0.021943 0.931323
0.031620 0.281346 0.959085
0.116069 0.627510 0.769909
-0.456149 -0.888005 0.058104
-0.235332 -0.905457 0.353222
0.182825 -0.977138 0.108521
-0.004232 -0.876722 -0.480979
-0.562252 0.783017 -0.266002
0.413446 0.056085 0.908800
0.620620 -0.010963 0.784035
-0.651865 0.740010 -0.165700
0.782239 -0.608398 0.133994
-0.468321 0.461966 -0.753169
0.877015 -0.479630 0.028301
0.801922 -0.046029 -0.595653
0.811537 -0.069368 -0.580168
-0.098661 0.974495 0.201557
0.791152 -0.491990 -0.363351
0.757269 -0.625517 -0.187807
0.802591 -0.573854 -0.162907
0.803827 -0.556315 -0.210656
0.922992 -0.384769 0.006294
0.016687 -0.983243 -0.181534
0.964436 -0.252349 -0.078637
-0.157507 0.801403 -0.577014
0.171118 0.757044 -0.630557
0.380478 0.863621 -0.330750
0.410349 0.745741 0.524865
0.197885 0.542583 -0.816361
-0.065521 0.670757 -0.738777
0.140168 -0.988963 -0.048008
0.019971 -0.792964 -0.608941
-0.465469 -0.215485 -0.858432
-0.260824 -0.077109 -0.962302
0.443549 0.690877 0.570923
0.361628 0.539301 0.760512
-0.090232 -0.919422 -0.382781
0.126493 0.966882 -0.221675
0.693929 0.275543 0.665236
0.194640 0.885915 -0.421035
-0.462183 0.056594 -0.884977
-0.567128 -0.011208 -0.823553
0.167326 0.760030 -0.627978
0.906534 -0.332774 0.259726
0.975917 -0.004283 0.218102
0.500950 -0.118842 0.857278
0.732856 -0.224101 0.642418
0.725854 -0.673946 -0.137593
0.475058 -0.808080 -0.348319
0.975493 0.219162 0.019554
-0.007907 -0.932231 0.361778
0.778246 0.233223 -0.583044
0.566365 0.004687 -0.824141
-0.265005 0.892347 -0.365362
0.988250 0.059957 0.140596
0.608534 0.459591 0.646887
0.094253 -0.907627 0.409060
-0.355843 -0.933719 0.039294
-0.195507 0.725046 0.660367
0.265877 -0.928462 -0.259359
0.236812 -0.948985 -0.208202
-0.144171 0.794111 0.590426
0.850701 -0.453434 0.265904
-0.560241 0.731490 -0.388654
-0.072644 0.441678 -0.894228
0.310187 0.845137 0.435348
0.915338 -0.226963 -0.332634
-0.117733 -0.991675 0.052149
0.768372 -0.346332 -0.538200
0.141260 0.917212 0.372516
0.929507 -0.164429 -0.330121
-0.515237 0.292803 0.805479
-0.175807 -0.161213 0.971134
0.537479 0.825450 0.172477
0.820472 -0.557517 -0.126492
0.991865 -0.058062 -0.113278
0.283623 0.958875 -0.010832
-0.821396 0.374255 0.430396
0.548076 0.829033 0.110984
0.956372 -0.271135 -0.108801
-0.069869 -0.963198 -0.259552
-0.040550 0.988320 0.146901
0.998428 -0.040814 -0.038410
0.796730 0.589010 -0.135231
0.996416 -0.046403 0.070729
-0.665680 -0.455896 -0.590786
0.679831 0.629163 -0.376808
0.797450 0.380951 -0.467921
0.412855 0.804576 0.426857
0.220572 0.964681 0.144009
-0.357929 0.615594 -0.702091
0.524716 0.846304 -0.091885
0.116553 0.860030 -0.496753
-0.657892 -0.151828 -0.737649
-0.799600 -0.044703 -0.598867
-0.323462 0.146216 -0.934876
0.340422 -0.715372 0.610209
-0.787815 -0.078933 -0.610833
0.308757 0.036856 -0.950427
0.969992 -0.212507 0.118137
0.625270 -0.045491 0.779082
0.360003 0.925710 -0.116012
0.482889 -0.494039 0.723010
0.803763 -0.201706 0.559714
-0.150053 0.803188 -0.576518
0.684106 -0.308447 0.660954
0.865894 -0.239452 0.439193
0.885960 -0.463586 0.012772
-0.640897 0.070095 -0.764420
0.724313 -0.548103 0.418276
0.108139 0.891102 0.440731
0.490114 -0.861720 0.131250
0.235903 -0.961660 -0.139858
0.282620 0.163474 -0.945200
0.500420 0.470939 0.726496
0.113783 -0.963039 0.244149
-0.086401 0.968466 -0.233685
-0.066520 -0.587597 0.806415
-0.103504 -0.988531 0.109972
0.179153 -0.983817 -0.002866
-0.212908 -0.847274 0.486618
0.310454 0.710574 0.631430
0.536191 -0.818566 0.206032
0.282674 0.276961 -0.918361
0.921516 -0.364175 -0.134849
-0.226855 -0.965289 -0.129441
0.956047 -0.150801 -0.251464
0.839925 -0.169363 -0.515598
0.981890 -0.008902 -0.189243
0.776786 0.629528 0.017254
0.041254 -0.997502 -0.057345
0.899908 0.407826 -0.154411
0.960285 -0.025802 -0.277824
0.034918 0.354855 -0.934269
0.079813 -0.994706 -0.064727
0.332842 0.761613 0.556022
-0.052985 0.360158 -0.931385
0.023188 -0.999731 -0.000105
0.227800 -0.364599 -0.902870
0.320367 0.864064 0.388276
-0.016714 0.741630 -0.670601
0.268380 -0.558223 0.785085
-0.016520 0.699670 -0.714275
-0.752904 -0.340912 -0.562952
-0.300437 0.647062 -0.700749
0.342113 -0.662107 0.666763
0.501642 0.426799 0.752462
0.688981 0.641770 0.336802
0.751225 -0.388127 0.533870
0.736685 0.574426 0.356833
0.735650 -0.315610 0.599341
0.566400 -0.570604 0.594644
0.077848 0.885632 -0.457816
0.499260 -0.513850 0.697637
-0.086953 0.889443 -0.448699
-0.522805 0.338015 -0.782573
-0.225547 0.749011 -0.622986
-0.190555 -0.941334 0.278531
-0.735356 0.354218 -0.577738
-0.111227 -0.908576 0.402640
0.323482 -0.178493 -0.929247
0.355031 -0.775637 -0.521862
0.546437 0.218954 0.808372
0.571714 0.247526 0.782223
0.157856 0.980313 0.118607
0.302453 0.765124 0.568425
-0.061232 -0.994923 0.079869
0.369745 -0.828937 0.419704
-0.000834 0.841961 -0.539537
0.204389 -0.837105 0.507425
0.089252 -0.991515 0.094505
0.321822 0.797606 -0.510152
0.754469 0.448483 0.479207
0.252644 -0.966359 -0.048191
-0.709340 0.682484 -0.176219
0.834962 -0.055597 0.547492
-0.283298 0.691441 -0.664569
0.456800 -0.458363 0.762389
0.182143 0.446871 -0.875860
0.160811 -0.968692 0.189145
0.940984 0.337923 0.018883
0.620382 0.729284 0.288568
0.624486 0.747503 0.226399
-0.123706 -0.986754 -0.104945
0.132448 -0.957909 0.254693
-0.772944 0.031789 0.633677
-0.822808 0.290608 0.488400
0.005295 -0.998658 -0.051525
0.359807 -0.730285 -0.580709
0.393429 0.671052 0.628413
0.503322 0.686372 0.524939
0.510841 0.854152 -0.097290
0.394095 0.780609 -0.485117
0.013638 0.626924 -0.778961
0.513165 -0.109707 0.851250
-0.727157 -0.642245 -0.242414
0.320521 0.945883 -0.050722
0.212650 -0.750040 0.626275
0.096949 0.957756 -0.270748
-0.787508 -0.114773 -0.605524
0.014536 0.474838 -0.879953
0.273115 -0.747777 0.605176
0.282610 0.942241 -0.179760
0.691227 -0.200978 0.694128
-0.614007 0.000046 -0.789300
-0.375927 -0.639027 -0.671062
-0.570004 0.367199 -0.735024
-0.000583 0.906100 -0.423064
-0.027301 0.782141 -0.622504
0.541358 -0.205208 0.815366
0.377408 -0.738779 0.558362
0.266956 0.864785 0.425301
0.622449 -0.477999 0.619738
-0.047755 -0.972914 0.226182
0.425916 -0.089310 0.900344
0.240620 -0.153162 0.958459
0.275286 -0.960914 -0.029369
0.207397 -0.933027 -0.294018
-0.120336 0.601347 0.789874
0.245635 -0.921056 0.302192
0.139220 -0.976580 -0.164042
-0.580105 0.523488 0.624050
-0.678262 0.642928 0.355815
0.614623 -0.769305 0.174381
-0.879190 0.467685 0.091087
-0.151457 -0.633573 0.758714
-0.411435 -0.614029 0.673565
0.981862 0.084294 0.169827
0.644399 0.643088 0.413748
0.342712 0.361138 -0.867253
0.125981 0.462322 -0.877717
0.699108 -0.016870 0.714817
0.627679 -0.601635 0.494019
0.598696 -0.770890 0.217467
0.114209 -0.993385 0.011954
-0.156432 -0.963419 -0.217608
0.306910 0.768478 0.561469
-0.448221 -0.031041 0.893384
-0.781976 0.159457 0.602567
0.125898 -0.984414 0.122798
-0.875687 0.450890 0.172834
-0.872380 0.487065 -0.041481
-0.627778 -0.437749 -0.643639
-0.300685 -0.585995 -0.752462
-0.150692 0.748369 -0.645938
-0.026969 -0.342376 -0.939176
0.179539 0.116102 -0.976876
0.070273 -0.989356 -0.127426
0.539690 -0.233891 0.808721
-0.907030 0.213745 -0.362781
-0.829619 -0.230564 -0.508500
-0.869702 -0.011133 -0.493452
-0.781787 -0.393838 -0.483426
-0.371058 0.227013 -0.900434
0.527092 -0.462746 0.712770
0.550467 -0.339600 0.762665
0.273732 0.883853 -0.379307
0.484994 -0.111764 0.867346
0.115661 0.841269 -0.528100
-0.442812 0.413832 -0.795400
0.421668 -0.615819 0.665555
0.516326 -0.661528 0.543864
0.333114 -0.645389 0.687393
-0.169311 -0.514827 -0.840409
-0.284390 -0.723881 -0.628584
0.101070 -0.906317 0.410334
0.193121 -0.975027 0.109663
-0.108894 0.527869 -0.842316
0.203322 0.092011 -0.974779
0.354834 -0.932569 -0.066397
0.549165 0.380941 0.743842
0.376896 0.925788 0.029410
-0.075207 -0.727507 0.681966
-0.101415 0.900844 -0.422132
0.151154 -0.985017 -0.083030
0.341652 -0.722252 0.601354
0.164612 -0.062482 0.984378
0.288733 -0.507331 0.811941
-0.050384 -0.792371 0.607955
0.418891 -0.902959 0.095893
0.256572 0.787787 0.559967
0.123566 0.936154 0.329161
-0.652943 0.754803 0.062755
0.076467 -0.997043 -0.007570
-0.669416 0.742745 0.014556
-0.656608 0.749942 0.080333
0.050488 0.932771 -0.356916
-0.167310 0.712626 -0.681301
0.142503 0.576559 -0.804533
0.110613 -0.993854 0.004244
0.021634 -0.998736 -0.045360
-0.172629 -0.274939 0.945837
0.277962 -0.453085 0.847025
-0.666522 0.671641 0.323492
-0.870257 0.486015 0.080258
-0.612729 0.753670 0.237792
-0.895933 0.390752 0.211227
-0.099063 -0.966061 -0.238563
0.113339 0.426343 -0.897433
-0.655024 -0.472241 -0.589857
0.018861 -0.998911 -0.042681
-0.774690 -0.194097 -0.601815
-0.931908 -0.023075 -0.361960
0.342198 0.791097 0.507017
0.316880 0.673954 0.667362
-0.456492 -0.826672 -0.328982
-0.137147 0.871321 -0.471159
-0.804694 -0.077204 -0.588649
-0.883053 -0.042429 -0.467351
0.302280 -0.758018 0.577958
-0.919190 0.089665 -0.383471
-0.915817 -0.129724 -0.380067
-0.442926 0.635938 -0.631981
0.373922 -0.676173 0.634801
0.754805 0.354556 0.551869
0.907164 0.035857 0.419246
0.791727 0.009013 0.610808
0.839813 -0.061670 0.539361
0.384464 0.833026 -0.397812
0.089483 0.116200 -0.989187
0.603981 -0.737257 -0.302751
0.287873 -0.834646 0.469570
0.498681 0.669819 0.550146
0.078067 -0.990816 0.110406
-0.011549 0.628808 0.777475
0.076370 0.669092 0.739245
0.177908 0.676613 -0.714523
-0.161223 0.669306 0.725283
0.398575 0.665548 0.631018
0.410224 -0.845680 0.341382
0.024764 0.981248 0.191150
0.145705 -0.824974 0.546066
0.422000 0.395203 -0.815923
0.522260 0.369769 -0.768450
-0.488286 0.447623 -0.749139
0.671177 -0.235367 0.702939
0.485512 -0.825808 0.286913
-0.760643 0.219596 0.610901
-0.771720 0.135696 0.621317
-0.792180 0.357868 0.494349
0.443684 0.890362 0.101982
0.331004 0.868675 0.368565
-0.921902 0.353581 0.158360
-0.393507 0.878791 0.269962
-0.044472 -0.990674 -0.128790
-0.898709 0.408967 0.158328
0.744220 0.615851 0.258581
-0.809719 0.586286 0.024982
0.158522 0.980954 0.112254
-0.672152 0.740413 -0.000445
-0.262695 -0.626002 -0.734243
-0.794901 -0.045338 -0.605043
-0.489078 0.859030 -0.151233
-0.449271 -0.524105 -0.723512
0.140287 0.778509 -0.611755
0.275460 0.420274 -0.864576
0.042435 0.045851 -0.998047
0.148562 0.816457 0.557967
0.356763 0.933837 0.025874
-0.386149 -0.913842 0.125624
0.569109 0.670448 0.476040
0.584320 0.771158 0.252755
0.088458 0.983433 -0.158222
-0.322318 0.436257 -0.840114
-0.465102 0.398124 -0.790682
-0.821127 -0.173619 -0.543698
-0.531746 0.062994 -0.844558
-0.220347 -0.821117 -0.526512
-0.579431 -0.382878 -0.719489
-0.403899 0.744125 -0.532112
0.197606 -0.573820 0.794784
0.789135 0.613688 -0.025560
0.706393 0.707179 0.030109
0.369772 -0.754547 0.542151
-0.102172 0.108944 -0.988783
0.682612 -0.634372 0.362784
-0.181372 -0.840763 -0.510119
-0.426083 -0.282653 -0.859395
0.069605 0.889646 -0.451315
0.749377 -0.661193 -0.035465
0.550105 -0.197635 -0.811372
0.551740 -0.396061 -0.733974
0.568098 0.391851 0.723683
0.617436 0.161853 0.769790
0.538822 -0.460634 0.705328
0.443471 0.627444 0.640037
0.239351 0.967342 -0.083425
0.062640 -0.992396 -0.105953
0.207967 0.231032 0.950460
0.193088 0.685483 -0.702019
0.077648 0.766711 -0.637280
0.121066 0.906622 -0.404202
0.638647 -0.622133 0.452859
-0.710835 0.670408 -0.212757
-0.132405 0.926999 0.350916
0.764000 0.396731 -0.508830
0.763050 0.366607 -0.532310
0.299773 0.705549 -0.642135
0.770423 0.311904 -0.556026
-0.456466 0.753292 -0.473487
-0.614863 0.435173 -0.657699
0.151422 -0.967885 0.200673
-0.500192 0.802328 -0.325696
0.133034 -0.241375 0.961270
-0.851418 0.205979 0.482348
-0.448675 0.189629 0.873345
-0.543605 0.839031 -0.022838
0.131100 0.797359 -0.589094
0.081396 -0.996107 -0.033833
0.046695 -0.570731 -0.819809
-0.108454 0.988351 0.106767
0.224256 0.957163 -0.183162
0.034407 -0.721098 -0.691978
-0.676468 0.057467 -0.734226
-0.483149 0.100295 -0.869775
-0.003893 -0.999773 -0.020951
-0.500654 -0.042079 -0.864624
0.071582 0.763882 0.641374
-0.457593 -0.615528 -0.641664
-0.295214 -0.953983 0.052583
0.380511 0.746329 -0.546081
-0.073513 -0.996888 -0.028464
0.694723 0.291553 0.657538
0.758031 -0.140549 0.636894
0.073129 0.441395 -0.894328
0.695749 -0.204437 0.688577
0.469500 -0.679664 0.563583
0.001975 0.929217 -0.369528
-0.728332 0.469683 -0.498929
-0.463732 -0.423939 -0.777964
0.427625 -0.742518 0.515562
-0.756825 -0.465566 -0.458763
0.330299 0.016446 -0.943733
0.001312 -0.049476 -0.998774
-0.342967 0.768936 -0.539546
-0.187228 0.636837 -0.747920
0.250555 0.754274 -0.606871
0.863828 0.503415 -0.019371
0.827330 0.106809 0.551469
-0.582437 0.503550 -0.638126
0.115292 0.849952 -0.514090
-0.701765 0.305374 -0.643641
-0.657295 0.365323 -0.659167
0.733932 -0.455292 -0.504036
0.242430 0.216629 -0.945674
0.281146 0.951980 0.121207
0.501272 0.317632 0.804883
0.479001 0.463075 0.745734
0.451976 0.787079 0.419790
0.763888 0.558910 0.322636
0.678141 0.472717 0.562728
-0.532121 0.844358 0.062506
0.854285 0.495233 0.157929
0.604027 0.628032 0.490640
0.435779 -0.845465 0.308682
0.849627 -0.462831 -0.252828
0.693176 0.711250 -0.116749
-0.091723 -0.126013 0.987779
0.408620 -0.092228 0.908033
-0.405812 -0.112761 0.906974
0.567372 0.061146 0.821188
-0.812217 0.187334 0.552457
0.453694 -0.342008 0.822917
0.040346 -0.994510 0.096550
0.849185 -0.277457 0.449336
0.963180 -0.150285 0.222934
0.289308 -0.861563 0.417146
0.965966 0.258195 -0.015649
-0.745561 0.663938 -0.057664
0.974335 0.181775 0.132772
0.890343 0.449662 0.071369
0.993243 0.021152 0.114113
0.968465 0.167707 0.184257
-0.057880 -0.996868 -0.053887
0.224130 0.868927 -0.441284
0.847744 0.445299 0.288167
0.947874 0.047605 0.315070
0.559733 0.584837 -0.587082
0.937714 0.206214 0.279586
0.876270 0.452912 -0.164382
-0.117812 -0.647600 -0.752818
0.155534 0.118554 -0.980691
-0.077285 -0.474385 -0.876918
0.347698 0.025332 -0.937264
-0.016110 -0.993841 -0.109642
0.033929 0.700419 0.712925
-0.434053 -0.849113 -0.301005
0.271232 0.572891 -0.773453
0.450826 0.872123 -0.190149
0.443168 -0.587413 0.677162
0.234971 -0.527841 -0.816194
-0.863773 0.186424 -0.468127
0.329132 -0.384304 -0.862544
0.077478 0.852302 -0.517281
0.319272 -0.656349 0.683573
0.173390 -0.589489 0.788948
0.566103 0.739260 -0.364720
0.466256 -0.785498 0.406937
0.537270 0.746311 -0.392887
-0.577556 0.345766 -0.739510
0.221046 0.704707 -0.674186
-0.003706 0.480180 -0.877162
-0.034125 -0.616187 -0.786860
0.772967 -0.551022 -0.314480
0.655795 -0.622406 -0.427251
0.023377 -0.102151 0.994494
-0.015510 -0.986779 -0.161330
0.320847 0.814327 -0.483662
0.350126 -0.236542 0.906344
-0.145360 -0.972640 -0.181225
0.020232 -0.744946 0.666818
0.391531 0.704340 0.592123
-0.181497 -0.676924 0.713325
0.510842 0.797062 0.322074
0.272130 0.924306 0.267588
0.815248 -0.523254 -0.248144
0.859981 0.469339 -0.200382
-0.444128 0.879321 0.171887
-0.466891 -0.761979 -0.448777
0.744271 -0.413646 0.524364
0.730147 -0.261531 0.631258
-0.602490 0.391423 0.695552
-0.772997 0.248425 0.583747
0.964985 -0.168411 0.201103
-0.758896 0.617684 0.206261
0.080069 -0.996743 0.009609
-0.116266 -0.941135 -0.317406
0.231203 0.958848 0.164789
-0.955226 0.245293 -0.165455
-0.049168 -0.979028 -0.197702
0.733708 0.659956 0.161648
0.810295 0.357862 -0.464065
0.794656 0.590331 -0.141535
0.950899 0.067425 0.302067
0.975833 0.019908 0.217607
0.393785 -0.678137 -0.620535
0.981144 0.124597 -0.147756
0.995174 -0.076545 0.061396
0.889563 0.254264 -0.379511
0.420855 -0.347820 -0.837796
0.005753 -0.995519 -0.094386
-0.127303 -0.924323 -0.359750
-0.121516 -0.980033 -0.157380
0.821328 0.440142 0.362899
0.751840 0.359185 -0.552922
0.473949 0.450693 -0.756471
0.041791 -0.923584 -0.381112
0.637578 -0.403229 0.656430
-0.604118 0.791921 -0.088899
0.025592 0.834793 -0.549969
0.429370 -0.326825 0.841919
0.960364 0.246472 0.130204
0.271061 0.908318 0.318566
0.687709 0.721839 0.077484
-0.049687 -0.897954 -0.437274
0.578056 -0.814686 0.046245
0.685456 -0.138262 -0.714867
0.504147 -0.265012 0.821952
0.369517 -0.813372 0.449313
0.136588 -0.990538 -0.013381
0.246303 0.398690 0.883392
0.052296 0.978658 0.198731
0.462598 0.856155 0.230219
-0.124463 0.773067 0.621994
-0.203695 -0.719251 0.664218
0.080472 -0.993613 -0.079109
0.663145 0.584597 0.467424
0.325677 -0.794452 0.512621
0.671595 0.503066 0.543953
-0.142942 -0.987062 0.072643
0.578629 -0.769092 0.271454
-0.038157 -0.990553 0.131718
-0.238175 -0.970016 -0.048399
-0.339395 -0.656439 -0.673720
0.867389 0.073990 0.492099
-0.257992 0.085519 0.962355
-0.608295 0.466999 0.641786
0.226802 -0.735476 0.638464
-0.041398 0.673156 0.738341
0.952875 -0.266021 0.145813
-0.268674 0.899258 0.345179
0.811469 -0.449745 0.373159
0.592406 0.565417 -0.573898
0.917830 0.309900 -0.248094
0.610893 0.245884 -0.752563
0.927863 0.060021 -0.368060
0.695062 -0.367148 -0.618135
-0.039548 -0.997871 -0.051857
0.816469 0.267900 -0.511477
0.925792 -0.024264 -0.377255
0.798582 0.331204 -0.502563
0.943243 0.208841 -0.258220
-0.266770 -0.960233 -0.082374
0.355035 -0.083191 -0.931144
-0.277633 0.531483 -0.800278
0.779290 -0.377341 0.500321
0.700178 0.682637 -0.209183
0.229800 -0.509144 0.829436
-0.304504 0.705539 -0.639915
0.209902 -0.607576 0.766024
0.259257 -0.745413 0.614122
0.302132 -0.172413 0.937545
0.375584 -0.415136 0.828612
0.786037 0.596759 -0.161324
0.657607 0.686520 -0.310231
-0.083556 -0.788878 -0.608844
0.364259 0.577356 -0.730736
0.155884 0.429169 -0.889671
-0.091089 0.310595 -0.946168
0.072319 -0.045011 -0.996365
0.179458 0.664942 -0.725015
0.342174 -0.916806 0.205874
-0.288112 -0.596144 0.749402
-0.294947 0.907458 -0.299209
0.475135 0.220366 0.851872
0.565894 0.041645 0.823426
0.172704 -0.458005 0.872012
0.390358 0.588776 0.707788
-0.728120 0.683773 0.047911
0.718459 -0.689646 0.090582
0.790066 -0.597247 -0.138174
0.603817 -0.785330 -0.136609
-0.566878 -0.452047 -0.688697
0.561300 0.161856 0.811631
0.499315 -0.063034 0.864125
0.269695 -0.947972 0.169156
0.574633 0.221357 0.787907
0.730492 -0.277997 0.623778
-0.044465 -0.970070 -0.238718
0.288540 -0.943809 0.161151
0.195944 -0.466188 -0.862714
0.306471 -0.576982 -0.757079
-0.093351 -0.988757 -0.116810
0.868978 -0.330477 -0.368324
0.916503 0.190151 -0.351945
-0.268986 0.612321 0.743444
0.287400 0.876816 -0.385480
0.676528 0.302816 -0.671277
0.904910 0.301855 -0.300036
-0.292137 -0.940581 0.173100
-0.419127 -0.867909 -0.266582
0.905502 -0.179712 0.384407
0.683950 0.723184 0.096011
0.811559 -0.194548 0.550929
0.681933 0.699473 -0.213787
-0.765603 -0.330283 -0.552055
-0.425693 -0.322407 -0.845482
-0.598521 -0.778193 -0.190232
0.037552 0.669834 -0.741561
-0.775140 0.477617 -0.413571
-0.769703 0.003586 -0.638392
-0.073368 0.494990 -0.865796
0.321349 -0.817085 0.478651
0.567958 -0.475614 0.671725
0.149730 0.292687 -0.944413
0.191752 -0.392690 -0.899459
0.824214 -0.091822 -0.558784
0.321709 0.250997 0.912964
0.005390 0.880726 0.473596
0.134651 0.257920 0.956737
-0.061968 -0.565989 0.822080
0.187232 0.964179 -0.187892
0.030449 -0.997463 -0.064349
0.734183 -0.483321 0.476840
0.058575 -0.997998 0.023874
0.111613 -0.992982 0.039102
0.101554 -0.982323 0.157250
-0.028632 -0.997366 0.066644
-0.461602 -0.411176 -0.786039
-0.946953 0.143151 -0.287729
0.417145 0.163348 0.894040
0.342395 -0.392336 0.853720
0.364044 0.787718 0.496963
0.472282 -0.667842 0.575271
0.352937 0.918433 0.178650
-0.726167 0.681904 0.087689
-0.968615 0.245425 0.039383
-0.359562 0.888281 0.285783
0.112593 -0.993426 0.020675
-0.479096 0.875756 0.059312
-0.998858 0.040783 -0.024892
-0.986512 -0.015458 -0.162959
0.510909 -0.767461 0.387267
-0.994270 -0.106286 0.011382
-0.410658 0.904688 0.113574
-0.974607 0.214551 -0.064106
-0.996782 0.041657 -0.068486
-0.194258 0.117847 -0.973846
-0.916932 0.303382 -0.259221
0.882477 0.028948 -0.469464
-0.092181 -0.993073 -0.072861
0.578395 -0.130359 -0.805273
-0.188962 -0.969700 -0.154840
0.937192 0.287814 -0.197062
0.671348 -0.216198 0.708908
-0.931303 -0.147945 -0.332848
0.357863 0.821601 -0.443741
0.541231 0.597574 -0.591586
0.000711 -0.092328 -0.995728
-0.744230 0.590511 -0.312118
-0.417624 -0.195884 -0.887254
0.247173 0.712645 -0.656538
-0.166819 0.969350 -0.180367
0.573356 0.648196 -0.501103
0.407696 0.499900 -0.764122
0.494388 0.677442 -0.544658
0.285489 0.173932 -0.942467
0.406439 -0.693362 0.595026
0.246774 0.669911 0.700229
0.067290 -0.350996 0.933956
-0.795074 0.419256 0.438270
0.199150 -0.948024 0.248171
-0.309268 -0.627591 0.714481
-0.239342 -0.906258 -0.348441
-0.855988 0.421867 -0.298853
0.880927 0.375607 0.287900
-0.451059 -0.391067 -0.802254
-0.818865 0.486999 -0.303797
-0.908765 0.344412 -0.235641
0.894308 -0.252272 0.369557
0.808401 0.345717 0.476411
0.736976 0.454102 0.500657
0.914481 -0.245904 0.321334
-0.008426 -0.851566 -0.524179
0.981876 -0.173228 -0.076889
0.125796 -0.981436 0.144769
0.984007 -0.104171 -0.144496
0.439470 0.858621 0.263888
0.195951 0.237016 0.951539
0.081187 -0.453082 0.887764
0.247860 0.053082 0.967341
-0.990104 0.014955 0.139537
-0.548203 0.835019 0.047077
-0.674850 0.665924 -0.317998
-0.878012 0.073367 -0.472982
-0.565392 0.171007 -0.806900
0.754554 0.077755 -0.651615
0.193470 0.131962 -0.972191
-0.136973 -0.984497 -0.109566
0.144530 0.674011 0.724445
-0.124875 -0.983179 -0.133286
0.259069 0.965822 -0.008432
0.557744 0.717050 -0.418045
0.670680 0.724214 -0.160321
0.304169 0.935465 0.179965
0.970434 0.214806 0.110072
-0.975738 -0.173170 0.133968
-0.708556 0.693422 0.130822
0.214038 0.473451 -0.854419
-0.360117 -0.007291 -0.932879
-0.292115 -0.559505 -0.775643
-0.519539 0.195534 -0.831773
0.447296 0.890738 -0.080705
0.391567 -0.535556 0.748234
0.584931 -0.197007 0.786794
0.631923 -0.617085 0.468913
0.932049 -0.262058 0.250220
0.760751 -0.019542 -0.648749
0.791091 -0.599592 -0.121099
0.117260 -0.616799 -0.778337
0.410968 0.135203 -0.901568
0.248850 0.884975 0.393565
-0.029778 0.186961 0.981916
0.119209 -0.992022 0.041014
0.802936 0.172864 0.570448
0.639314 -0.768946 0.000466
-0.728639 0.562203 0.391169
0.183875 -0.982642 -0.024589
0.036981 -0.765358 0.642542
-0.059839 -0.796356 0.601861
0.057314 -0.968161 0.243679
0.732130 0.489535 -0.473646
-0.871686 0.484617 0.072862
-0.294653 -0.768472 -0.568005
0.023960 0.645119 -0.763706
0.546257 -0.300099 0.782013
0.989719 -0.022728 0.141210
0.858865 0.439807 0.262528
-0.251968 -0.317965 0.914008
0.671075 0.508719 0.539317
-0.496797 -0.384272 0.778157
0.444015 0.884445 0.143555
-0.126577 0.983801 -0.126938
0.177026 -0.978916 0.101907
-0.689982 0.320456 -0.649025
-0.987458 0.139520 -0.073895
-0.102472 0.713286 0.693341
0.609622 -0.107565 -0.785361
0.209518 -0.138650 -0.967925
0.818333 0.457456 -0.347944
0.044207 0.871670 -0.488096
0.620770 0.698031 -0.356928
-0.395418 -0.914847 -0.081849
-0.289750 -0.871767 0.395052
0.902511 0.423493 -0.078277
0.835252 0.235076 0.497085
0.753554 -0.218557 0.619991
-0.371110 0.595393 -0.712590
-0.611264 0.787185 -0.081830
0.269466 -0.107995 -0.956935
-0.098438 -0.131248 -0.986450
0.088078 -0.018074 -0.995950
0.036762 -0.154944 -0.987239
0.589199 0.713187 -0.379748
0.473485 -0.604509 0.640610
-0.295242 0.306282 -0.904999
0.482043 -0.810593 0.332526
0.127164 0.953793 0.272228
0.749645 -0.661838 0.001568
0.750241 -0.414218 -0.515326
0.366134 -0.380943 0.849016
0.143868 -0.942181 0.302651
0.889311 -0.242037 0.388001
0.493319 0.309646 0.812869
-0.677846 0.669802 0.303134
-0.046385 0.653546 0.755464
0.001859 -0.999487 0.031961
0.536135 -0.783042 0.315285
-0.416880 0.615380 0.668968
0.361101 0.846253 -0.391742
-0.553107 0.487963 0.675252
0.188084 0.795927 0.575434
0.631015 0.563201 -0.533502
-0.726734 0.639495 0.250806
0.062150 -0.996454 0.056714
-0.812859 0.411491 -0.412231
-0.354643 0.566243 -0.744041
-0.775541 0.551482 -0.307253
-0.577549 0.685699 -0.443006
0.473457 0.443473 -0.761032
0.171864 -0.905912 0.387021
0.812630 0.578965 0.066573
0.655939 0.706730 0.265098
-0.257102 -0.242594 0.935439
0.394382 0.918792 0.016838
0.439057 0.815139 0.377859
0.147114 0.862070 0.484967
-0.025169 0.991090 0.130792
-0.350702 -0.102968 -0.930809
0.218276 0.882393 0.416818
0.195312 0.859594 0.472178
0.409942 0.863856 0.292746
0.777943 0.554594 0.295349
0.619863 0.632807 -0.464032
0.666568 0.256086 -0.700077
-0.912069 0.213173 -0.350267
-0.465383 -0.883565 0.052265
-0.218505 0.604339 0.766179
-0.443237 -0.887076 0.128982
-0.124770 0.114040 -0.985610
-0.489197 0.231609 -0.840859
-0.634211 -0.481587 -0.604856
0.972684 0.193840 0.127718
0.922310 -0.365031 -0.126873
0.413454 0.903863 -0.109941
0.730897 -0.254041 -0.633445
0.997969 -0.063511 -0.004980
0.412479 -0.340392 -0.844982
0.473601 -0.379383 -0.794840
0.411436 0.011700 0.911363
0.411464 0.470606 0.780530
0.310100 -0.007804 0.950672
0.367350 0.444702 0.816881
0.008524 -0.982165 0.187829
-0.402022 0.841127 0.361779
-0.026909 -0.999279 0.026789
0.076966 -0.992796 -0.091822
0.293638 0.591805 0.750696
-0.177971 0.977230 -0.115531
0.120653 -0.984296 0.128856
0.305508 0.641818 0.703373
0.619078 0.444717 -0.647278
0.389446 0.910794 -0.137059
0.090712 -0.962142 0.257009
-0.645266 0.717933 -0.261160
0.271129 0.844739 -0.461417
0.040064 0.680560 -0.731596
0.546428 0.388773 -0.741803
0.310092 -0.933740 0.178807
-0.113718 -0.958934 -0.259834
0.255761 0.892685 0.371078
0.281399 0.938869 0.198340
-0.877286 -0.161270 -0.452063
0.237810 -0.911749 0.334904
-0.134757 -0.990679 -0.019866
0.450302 0.689789 0.566939
-0.210402 -0.976144 -0.053615
0.563609 0.674521 0.476829
0.033412 0.357662 -0.933253
-0.882584 0.197472 0.426674
-0.974611 0.200461 -0.099743
-0.679769 0.666332 -0.306458
-0.775215 -0.404945 0.484831
-0.955780 0.293850 -0.011683
-0.967118 0.041657 0.250893
-0.954953 -0.294581 0.035869
-0.811328 -0.408744 0.417942
-0.950401 -0.263080 0.165912
-0.838026 -0.157241 -0.522483
-0.580532 0.470119 -0.664809
-0.289809 -0.926477 0.240105
-0.895818 0.299651 0.328208
-0.266467 -0.952214 -0.149279
-0.466684 -0.783913 -0.409495
-0.062061 0.292955 -0.954110
-0.057994 0.103662 -0.992920
0.851645 -0.504675 0.141432
0.984708 0.167851 0.046642
0.475445 0.866674 0.151090
0.988690 -0.123586 0.084957
0.782238 -0.016448 0.622763
0.851529 -0.255032 0.458101
0.854244 -0.244826 -0.458615
0.723887 0.549420 -0.417283
0.695890 0.234663 -0.678727
0.524281 0.095296 -0.846196
0.128161 -0.828947 0.544446
0.425577 -0.070063 0.902206
0.061415 -0.985370 -0.158981
-0.462297 0.824964 0.325138
0.714789 -0.224469 0.662337
0.463237 0.471808 -0.750206
0.193327 0.653804 0.731550
0.603547 0.672209 0.428796
0.332264 0.795338 0.506990
0.645661 0.561880 0.517120
0.826465 0.470716 0.308839
-0.297248 0.946907 0.122521
0.588589 0.656681 0.471522
0.153794 -0.985755 0.068070
-0.354115 -0.751366 0.556822
-0.186521 -0.943754 -0.273016
0.868731 -0.135015 0.476526
-0.424258 -0.410211 -0.807299
0.215363 0.484991 -0.847586
0.437055 -0.339868 0.832750
0.368708 0.641027 -0.673156
0.026259 -0.984568 0.173022
-0.010808 -0.998095 -0.060738
0.353492 0.799372 0.485848
-0.537806 0.645814 -0.541931
0.760340 0.648743 -0.031877
-0.183558 -0.976252 -0.115055
-0.538039 0.752903 0.379012
-0.510291 0.148229 0.847131
-0.291303 -0.949643 0.115418
-0.755304 -0.339746 0.560437
-0.614873 0.540687 -0.574098
-0.443609 -0.892529 0.081261
-0.996695 -0.056622 -0.058246
-0.154228 0.821480 -0.548985
-0.832629 0.067211 -0.549738
0.030470 0.432475 -0.901131
-0.295549 0.820997 -0.488482
-0.093793 0.948418 -0.302831
-0.784378 -0.119628 0.608638
-0.589534 0.692068 -0.416524
-0.567676 0.775000 -0.277703
-0.259031 0.713288 -0.651248
-0.291087 0.655092 -0.697225
0.311795 -0.278959 -0.908276
-0.198054 -0.591595 -0.781530
0.052668 -0.120674 -0.991294
0.943256 0.328520 -0.048394
0.984626 -0.060294 0.163941
0.969670 0.194069 -0.148583
0.957145 0.056108 -0.284122
0.846307 -0.137598 -0.514618
0.600498 0.142905 0.786753
0.184448 -0.647572 0.739344
0.534686 0.210812 0.818333
0.159660 0.825410 0.541486
0.071061 -0.987622 -0.139832
0.586227 0.371920 0.719732
0.370410 0.581024 -0.724712
0.548566 0.653137 0.522003
0.449285 -0.367447 0.814325
0.733646 0.636820 0.237115
0.965602 0.085396 0.245603
-0.694441 -0.420814 0.583667
-0.432430 -0.556910 -0.709123
0.337536 0.389085 -0.857136
-0.419437 -0.463315 -0.780648
0.154167 0.907859 -0.389903
0.643363 0.169683 0.746519
-0.534816 0.533232 0.655466
0.667012 0.166061 0.726304
0.244579 -0.951928 0.184430
0.265747 -0.891899 0.365917
-0.065150 0.929310 -0.363509
-0.706949 -0.164540 -0.687859
-0.074086 -0.995548 -0.058275
-0.968202 -0.014075 -0.249774
-0.969355 -0.214884 -0.119062
-0.508987 -0.431290 -0.744930
-0.415939 0.895994 0.155528
-0.622290 0.438519 -0.648426
-0.583824 -0.149660 -0.797967
-0.155805 -0.402111 -0.902237
-0.094290 -0.991524 -0.089385
0.699033 0.713235 0.051470
-0.530801 0.789360 0.308481
-0.583897 -0.498968 0.640387
-0.371012 0.471849 -0.799818
-0.914041 -0.313100 0.257872
-0.944365 -0.282140 0.169031
-0.413239 0.350212 -0.840586
0.168223 -0.966049 0.196087
-0.120796 -0.975797 0.182288
-0.004855 -0.958298 0.285729
0.665760 -0.424462 -0.613673
-0.038577 -0.988382 -0.147016
-0.159933 -0.952860 -0.257836
0.393846 -0.349058 -0.850320
-0.316027 -0.226197 -0.921391
0.614182 0.428696 0.662571
-0.243993 0.775525 0.582261
0.051460 0.998261 0.028760
0.872533 0.447275 -0.196548
-0.102074 -0.529819 0.841946
0.744462 0.645352 -0.171163
-0.592923 -0.452016 0.666427
-0.232557 0.970733 0.059953
-0.216739 -0.711012 0.668944
0.611759 0.790735 -0.022113
0.581378 0.246072 0.775531
0.405469 -0.775022 0.484702
0.391900 -0.905920 0.160384
0.361936 0.453820 -0.814279
0.015766 0.913802 0.405853
-0.329572 0.402961 0.853818
-0.711772 -0.019534 0.702139
0.506619 -0.645222 0.571862
-0.608885 -0.315951 0.727622
0.722166 0.173420 0.669628
0.653513 0.483536 0.582334
-0.094350 0.911794 0.399663
-0.439697 -0.110490 0.891324
-0.207617 -0.947780 -0.242092
0.058451 -0.996127 0.065684
0.427934 0.903774 0.008060
-0.516477 -0.439541 -0.734884
-0.879285 -0.152730 -0.451145
-0.020886 -0.997448 -0.068268
-0.817266 0.558722 -0.141086
-0.979475 -0.201565 -0.000208
-0.990419 -0.000038 0.138098
-0.941709 -0.124890 0.312389
0.007597 0.967728 -0.251882
-0.927814 0.008426 0.372947
-0.307664 -0.445881 -0.840555
-0.986925 0.119059 -0.108650
-0.392157 0.886955 -0.243975
-0.672100 0.657213 -0.341103
0.027479 -0.997825 0.059911
-0.745632 -0.517868 0.419338
0.093044 -0.966444 0.239436
-0.396950 0.744417 -0.536912
-0.665939 -0.185032 0.722695
-0.012618 -0.999024 -0.042320
-0.388407 0.407278 -0.826598
-0.236566 -0.924094 -0.300143
-0.094663 0.600659 -0.793882
-0.273060 0.916350 -0.292817
-0.214388 0.914604 -0.342839
0.218596 -0.970152 -0.104981
-0.071445 -0.817135 -0.572001
-0.305576 -0.030025 -0.951694
-0.186846 0.113255 -0.975839
0.417927 -0.208765 0.884168
0.764321 0.179278 0.619413
0.131210 -0.917883 0.374532
0.760826 0.212540 0.613165
0.745403 0.219349 0.629492
0.095983 -0.995381 -0.001813
0.682528 0.454412 0.572421
0.761313 0.354852 0.542662
0.601935 0.288770 0.744504
0.678071 0.506154 0.532943
0.409103 0.559017 -0.721204
0.861500 0.282649 0.421815
0.169409 -0.442987 0.880377
-0.022599 0.716119 0.697613
0.391467 -0.919337 -0.039658
0.658428 0.720852 0.216439
-0.421095 0.843059 0.334561
-0.037433 -0.994472 -0.098106
0.418750 0.603570 -0.678493
-0.032897 0.100850 0.994358
0.014819 0.667037 -0.744877
0.588439 0.602642 0.539038
0.048195 0.775967 0.628930
-0.366742 -0.173479 0.914005
-0.441503 -0.359493 0.822095
-0.031819 0.859679 0.509842
-0.594294 -0.416562 0.687961
-0.251430 -0.417123 0.873379
-0.606267 -0.607083 -0.513702
0.714374 0.020619 0.699460
0.271948 -0.355134 0.894385
0.395519 0.815333 0.422844
0.529613 0.830507 0.172534
0.260415 -0.932767 0.249259
0.306812 -0.923413 0.230599
0.286703 0.953299 -0.094989
-0.313840 -0.235737 -0.919746
-0.977851 -0.171993 -0.119272
0.312873 -0.254393 -0.915093
-0.083357 0.554026 -0.828316
0.029648 0.030403 -0.999098
-0.406533 0.858389 -0.312890
-0.640450 -0.618574 0.455182
-0.723520 -0.438066 0.533494
-0.893411 0.410000 0.183620
-0.396641 0.635464 -0.662466
-0.803731 -0.108845 0.584952
-0.905405 -0.110695 0.409864
-0.200049 -0.630341 -0.750101
-0.169119 0.817778 -0.550125
-0.579939 0.630785 -0.515540
-0.267625 0.387345 -0.882236
-0.329316 0.154586 -0.931479
0.760500 -0.479808 -0.437520
0.047151 -0.992622 -0.111710
-0.542304 0.669118 -0.508121
0.025628 0.711996 -0.701716
0.179075 0.274977 -0.944627
0.259995 0.047144 -0.964459
-0.295854 0.472596 -0.830134
-0.270728 0.347268 -0.897837
-0.197932 -0.474769 -0.857565
-0.156342 -0.577810 -0.801057
0.552362 -0.245071 0.796766
0.668896 0.305719 0.677579
0.484632 0.573521 0.660458
0.159446 0.730004 0.664583
0.663298 0.652389 0.366640
0.462508 0.629583 -0.624268
0.069216 0.781543 -0.620000
0.097478 -0.990894 -0.092887
0.283789 -0.320005 0.903914
0.463190 -0.737611 0.491309
0.820910 0.372566 0.432784
0.036915 0.295430 0.954651
0.232830 0.045510 0.971452
0.641083 -0.764824 -0.063688
0.578530 -0.810860 -0.088369
-0.610875 -0.277840 -0.741374
0.030244 -0.544171 0.838429
-0.612457 -0.252185 0.749199
-0.349606 -0.512444 0.784332
0.932273 -0.340845 -0.121210
0.979270 -0.105266 -0.173058
0.942840 0.311642 -0.118031
0.734463 0.609024 0.299424
0.625932 -0.560035 0.542743
0.023483 -0.997926 -0.059937
0.324355 0.902014 0.284893
0.882217 0.019343 0.470445
0.944705 -0.181023 0.273430
0.748542 0.660959 0.053081
0.607346 0.792681 -0.052805
-0.171516 -0.377558 -0.909963
-0.503914 -0.303273 -0.808762
0.092040 -0.229954 -0.968839
0.316724 0.662021 -0.679275
0.197960 -0.542942 -0.816104
-0.956575 0.184267 0.225855
-0.055391 -0.996233 -0.066716
-0.327557 0.297699 0.896706
-0.690845 -0.301662 0.657064
-0.793698 -0.569933 0.212649
0.128971 -0.675702 -0.725805
-0.064686 0.199978 0.977663
-0.707503 0.108654 0.698308
0.111582 0.257610 -0.959784
0.220373 -0.890616 -0.397793
0.319738 0.656754 -0.682965
0.311704 -0.935730 -0.165079
-0.289749 0.571868 -0.767471
-0.078039 0.694881 -0.714878
0.660340 -0.731718 -0.168937
0.565435 -0.593438 -0.572813
0.154995 -0.987501 0.028603
-0.328970 0.891853 -0.310446
0.192758 -0.974336 -0.116251
0.242900 -0.078204 -0.966894
-0.296791 0.314363 -0.901716
-0.227403 0.733440 -0.640589
0.461635 -0.492063 0.738084
0.484373 0.089650 0.870256
0.394108 -0.684328 0.613493
0.217292 -0.972412 0.084849
0.009432 -0.999233 -0.038000
0.816284 0.556863 -0.153574
-0.126404 -0.989774 0.066098
-0.344151 0.922394 -0.175357
0.854497 -0.010594 0.519349
0.563198 0.807483 -0.175443
-0.182877 -0.971117 -0.153257
0.211580 -0.948110 0.237323
-0.206373 0.799365 -0.564293
-0.686686 -0.443996 -0.575612
0.047229 -0.322966 0.945231
0.438662 0.550271 0.710477
0.847594 0.460214 -0.264172
0.784213 0.525848 0.329384
0.992001 -0.105383 -0.069491
0.885897 0.154489 -0.437400
-0.623215 0.781698 0.023500
0.312706 -0.568346 0.761051
0.981724 0.108449 0.156384
0.412494 -0.813945 0.409074
0.490446 -0.573717 0.655982
0.371393 -0.912403 0.172014
-0.054012 -0.979624 -0.193441
0.986549 0.020974 0.162115
0.910687 -0.326961 -0.252479
0.878996 0.450221 -0.157061
0.848938 0.044917 0.526580
0.005127 0.987119 -0.159903
0.400535 0.490655 0.773841
0.061736 -0.976420 -0.206863
0.664538 0.738843 0.111804
0.340935 0.873254 0.348126
0.273845 -0.950552 0.146491
-0.134169 -0.498710 -0.856322
0.073879 -0.995656 -0.056660
0.251133 0.392944 -0.884606
0.185650 0.135790 -0.973188
0.084466 -0.992040 0.093391
-0.070166 -0.984098 -0.163178
-0.421195 0.877632 -0.228815
-0.176286 0.544043 0.820329
-0.288792 0.808029 -0.513506
-0.710679 -0.082776 0.698630
-0.212745 0.815130 -0.538797
-0.147310 0.175838 -0.973335
0.578903 -0.613938 -0.536612
0.139685 -0.989233 0.043652
0.002446 0.330982 -0.943634
0.687116 -0.658396 -0.307225
-0.383555 0.875478 -0.293979
0.197460 0.523734 -0.828681
0.319675 -0.203072 -0.925510
0.241003 0.079048 -0.967300
0.047519 -0.920736 -0.387282
-0.069015 0.152843 -0.985838
0.502977 -0.255070 0.825805
0.226909 -0.970532 -0.081121
0.776890 0.588500 -0.223853
-0.429387 0.902414 -0.035719
-0.612904 0.751896 0.242901
0.356780 -0.687852 0.632113
0.232472 0.646749 -0.726411
0.100482 0.615800 -0.781469
0.292295 0.315360 0.902835
0.902528 0.414029 0.118420
0.507578 0.384654 0.770977
0.280812 0.038308 0.958998
-0.418507 0.906274 -0.059320
0.642379 -0.728233 0.238800
0.927756 0.370407 -0.045463
0.338197 0.925183 0.172220
-0.113060 -0.142554 -0.983309
-0.982765 -0.086555 0.163345
0.646138 0.464889 -0.605297
-0.007524 -0.519827 -0.854238
-0.811570 -0.259284 0.523570
0.045993 0.473832 0.879413
-0.913119 -0.291556 0.284972
0.830779 -0.272945 -0.485085
-0.305314 0.382555 -0.872029
0.731674 0.343266 -0.588915
0.483998 0.709618 -0.512043
-0.317935 0.739619 -0.593196
0.884574 -0.454203 -0.105963
0.583987 -0.377166 -0.718822
-0.574729 0.663943 -0.478400
-0.286772 0.879344 -0.380153
0.392489 0.297812 -0.870207
-0.509828 0.630734 -0.585021
-0.152958 0.507833 -0.847767
0.436866 -0.794977 0.420902
0.905983 0.409649 0.106691
0.126237 -0.983057 0.132903
0.869004 0.401769 -0.288814
-0.018322 -0.999368 -0.030448
-0.014699 -0.985150 -0.171066
-0.348355 0.408047 0.843888
-0.230991 -0.920753 -0.314416
-0.656919 -0.476388 -0.584390
0.498448 -0.184332 0.847096
0.244136 0.948929 0.199827
-0.420323 0.717238 -0.555786
-0.497420 0.806164 -0.320425
0.344446 -0.613951 0.710226
-0.385840 -0.633866 -0.670330
0.621517 -0.101595 0.776785
-0.027796 -0.989659 -0.140724
0.093179 0.018066 0.995485
0.570282 -0.121805 0.812368
0.157459 -0.971173 -0.178968
0.055495 0.920670 -0.386377
0.608552 -0.724882 0.322816
0.623030 0.688144 -0.371876
0.114311 0.950478 0.289007
-0.784965 0.195190 0.587989
0.000386 0.633114 -0.774058
-0.961958 0.003685 -0.273173
-0.276399 -0.223275 -0.934747
-0.843901 0.014825 -0.536294
-0.145892 0.723066 0.675197
-0.940581 -0.270845 0.204820
0.089366 -0.415582 0.905155
-0.048089 0.851392 -0.522322
0.405766 -0.894398 0.188164
0.646394 -0.379174 -0.662119
0.453505 0.724181 -0.519515
0.028512 -0.801297 0.597586
0.281822 -0.745684 -0.603764
0.861363 0.507192 0.028460
-0.713558 0.676673 0.181518
0.255748 0.515217 -0.818012
0.844107 0.203631 -0.496002
0.188628 -0.897556 0.398514
-0.048090 0.881980 -0.468826
-0.003479 0.449920 -0.893062
-0.004009 0.231427 -0.972844
-0.053461 -0.224786 -0.972941
0.624132 -0.552366 0.552586
0.436762 -0.899565 0.004727
0.217820 -0.959432 0.179009
0.876976 0.478290 0.046386
0.462580 -0.682755 0.565567
0.579527 -0.813024 0.056031
-0.132809 0.991139 -0.002209
0.590317 0.557581 -0.583635
0.127628 0.440115 0.888825
-0.164289 -0.877329 -0.450890
-0.528307 -0.547137 -0.649256
-0.356637 -0.563825 -0.744924
0.212421 -0.347984 0.913118
-0.553186 0.799937 -0.232565
0.766605 -0.488246 0.417054
0.612372 0.343659 0.711968
0.302274 -0.417246 0.857051
0.099047 -0.994950 -0.016274
0.641461 0.758879 -0.112383
0.604292 0.730905 -0.317190
0.309428 -0.855483 -0.415215
0.046336 0.130075 0.990421
-0.232861 0.703916 -0.671028
0.009326 0.725505 -0.688154
-0.030709 0.812863 -0.581645
0.847961 0.222628 -0.481039
0.985008 -0.012872 -0.172029
0.905667 0.350652 -0.238351
-0.037660 0.489916 -0.870956
-0.548298 0.767873 0.331272
0.752965 0.038725 -0.656920
-0.435329 0.716697 -0.544825
0.197411 -0.979187 0.047139
0.031365 0.834961 -0.549415
-0.036033 -0.990823 -0.130274
0.380742 0.384056 0.841152
0.358213 0.557745 0.748735
0.440135 -0.796955 0.413696
0.713174 0.447227 0.539787
0.190125 -0.979629 -0.064650
-0.397564 0.539405 0.742284
0.655791 0.642464 0.396458
0.632664 -0.760656 0.145391
0.042251 -0.909220 0.414166
0.648017 0.637988 -0.415986
0.221474 -0.858941 0.461703
0.196083 -0.978363 -0.066005
0.077790 -0.942710 -0.324416
-0.660819 0.737828 0.137578
0.700103 -0.549728 0.455691
0.585654 -0.600621 0.544301
-0.811278 0.563589 -0.155546
-0.673510 0.626082 -0.392946
0.726238 0.289291 0.623610
0.354966 -0.932161 0.071241
0.801023 0.046226 0.596846
0.695328 -0.233786 0.679606
-0.005387 -0.983719 -0.179633
-0.107022 0.630618 0.768679
0.397588 -0.242986 0.884806
0.197460 0.927194 0.318309
0.535115 -0.822212 -0.193956
-0.602642 0.399226 0.690972
-0.079098 0.981962 0.171738
-0.537032 0.011246 -0.843487
-0.045269 -0.579878 -0.813445
0.894170 -0.296496 -0.335486
-0.275621 -0.846607 -0.455291
-0.583307 -0.189577 -0.789819
-0.423355 0.806587 0.412539
0.462019 -0.829764 -0.313099
-0.060714 0.605053 -0.793867
-0.076821 -0.996327 -0.037842
-0.103516 0.452879 -0.885542
-0.038841 -0.488009 -0.871974
0.400716 -0.026493 0.915819
0.315850 0.538383 0.781269
0.446265 0.699688 0.557929
-0.604290 0.796592 0.016605
-0.089131 0.397569 0.913233
0.006403 0.626830 0.779130
0.573322 0.439376 -0.691556
0.814931 0.352090 0.460348
0.518119 -0.556037 0.649904
-0.015214 0.921397 0.388325
-0.305894 -0.781222 -0.544170
-0.360651 0.891384 0.274527
0.754748 -0.449978 0.477363
0.309634 0.931358 0.191569
-0.684635 0.710923 0.160822
-0.398353 0.894336 -0.203660
-0.532548 0.531969 -0.658333
0.683282 -0.538602 0.492985
0.220669 -0.391697 0.893240
0.463553 0.885641 -0.027534
0.762686 -0.540901 0.354592
0.396315 -0.883922 0.248226
-0.567446 0.822363 0.041512
0.325439 -0.894759 0.305772
0.355223 -0.698532 -0.621184
0.450136 -0.347311 -0.822650
-0.926312 0.369441 -0.073885
0.599040 -0.311106 -0.737810
-0.229825 0.401474 -0.886566
0.001173 0.843339 -0.537381
0.107307 0.782765 -0.612997
-0.346242 0.070502 -0.935493
-0.470506 0.880376 0.059688
-0.141733 -0.905685 0.399557
-0.123673 0.512736 -0.849592
0.090219 0.851285 -0.516889
0.475744 0.688053 0.547951
0.782262 0.606683 0.141429
0.240213 -0.969958 -0.038448
-0.667411 0.491384 0.559558
-0.313006 0.946125 0.082911
-0.291810 -0.929736 -0.224585
0.076310 -0.914525 0.397266
0.846530 0.494859 -0.196221
-0.076483 0.992828 -0.091889
0.171871 -0.984757 -0.026712
-0.503369 0.863433 0.033206
0.893115 0.444955 0.066034
0.914790 -0.202894 0.349276
-0.505194 -0.549029 -0.665842
0.918786 -0.247474 0.307554
0.807686 -0.377479 0.452937
0.373354 0.354536 0.857270
-0.389818 0.597486 -0.700751
0.800594 -0.006342 0.599173
0.256251 0.170318 0.951487
0.631281 -0.167941 0.757153
0.423405 -0.414928 0.805334
-0.308574 -0.880999 -0.358641
-0.597377 0.751806 -0.279155
0.370372 -0.912884 0.171660
0.140811 -0.965002 0.221232
0.110688 0.993456 0.028169
-0.495489 -0.656389 -0.568897
0.158077 -0.968875 -0.190509
-0.056897 -0.970594 0.233901
-0.311125 -0.946476 -0.085936
0.063028 0.648439 -0.758653
0.035834 0.357871 -0.933083
0.204351 0.498168 -0.842656
-0.036760 0.310399 -0.949895
-0.213825 -0.266019 -0.939954
0.066396 -0.890429 -0.450253
0.502831 -0.562999 0.655892
0.613102 0.657557 0.437864
0.377945 -0.891194 0.250860
0.212672 -0.948594 0.234391
-0.396425 0.297706 0.868457
-0.190261 0.147600 0.970575
-0.333889 0.504497 0.796242
0.170128 -0.980640 0.096960
-0.018857 -0.433808 0.900808
-0.125840 0.985699 -0.112083
0.746463 0.652851 0.128762
0.307051 0.943561 -0.124145
-0.192328 -0.970132 0.147831
0.060476 0.879598 0.471858
0.132415 -0.990749 0.029723
-0.856968 0.505095 -0.102394
0.874153 0.333521 0.353017
0.174956 0.940353 -0.291765
0.586316 0.698700 0.409940
-0.270172 0.776882 -0.568737
0.576545 0.761583 0.295951
0.759036 -0.248954 0.601570
0.414576 0.909097 -0.040859
0.594550 -0.780365 0.193755
0.721492 -0.690925 0.045510
-0.319212 0.943145 0.092636
-0.151955 -0.972523 0.176375
0.252140 -0.940634 -0.227231
-0.243414 0.813205 0.528628
0.317450 0.774024 -0.547825
-0.031882 -0.443643 0.895636
-0.428753 0.888215 0.165060
-0.240079 -0.805280 -0.542112
-0.360297 0.845504 0.394092
-0.131454 0.988681 -0.072320
0.191835 0.225696 -0.955123
0.143205 0.517156 -0.843826
0.141813 0.818093 -0.557326
0.082288 0.504465 -0.859502
0.668389 0.257926 0.697661
0.367954 0.590674 0.718132
0.151047 0.851516 -0.502101
0.117887 -0.980561 0.156855
0.402024 0.711970 0.575739
0.254109 -0.925541 0.280717
-0.279057 0.956334 -0.086902
-0.240626 0.937381 0.251825
0.464111 -0.848902 0.252916
-0.151877 -0.987004 0.052508
-0.582565 -0.649466 -0.488684
0.904905 -0.075143 0.418928
0.734395 -0.060628 0.676009
0.578062 -0.268981 0.770386
-0.589913 -0.618139 -0.519526
0.840699 -0.312991 0.441885
-0.405521 0.460722 -0.789486
0.697628 0.154141 0.699683
0.849415 0.159328 0.503099
0.181301 -0.983019 0.028365
-0.239553 -0.920309 -0.309267
0.961733 -0.164116 0.219398
0.525511 0.548916 0.650022
-0.011216 0.910648 0.413030
-0.044009 0.820505 0.569943
-0.303779 -0.946938 0.105009
0.506236 -0.519096 -0.688669
0.477062 -0.111056 -0.871825
0.509345 -0.619115 0.597716
0.286927 0.830820 -0.476877
0.265393 -0.332566 -0.904968
0.468059 -0.317117 -0.824838
-0.409981 0.862690 0.296110
-0.070320 0.335956 -0.939249
-0.180231 -0.558186 -0.809905
-0.019569 -0.558851 0.829037
-0.131449 -0.755495 -0.641832
0.156820 0.042362 -0.986718
0.706413 -0.436258 0.557369
0.552334 0.451207 0.700956
0.443891 -0.893980 0.061328
-0.114449 0.829360 0.546866
-0.166248 0.384254 0.908136
0.567084 -0.821011 -0.066004
0.229972 0.238010 0.943644
0.295261 -0.867217 0.400944
-0.099186 -0.988891 -0.110711
-0.786980 0.613591 0.064561
0.765690 -0.200541 0.611148
0.712630 -0.447956 0.539901
0.764958 0.484453 0.424435
0.811026 -0.316876 0.491758
0.879921 -0.460317 0.117670
-0.053911 -0.994404 -0.090857
0.932965 -0.312136 0.179296
-0.154312 0.956110 -0.249082
0.238824 -0.911337 -0.335302
0.622971 -0.002014 -0.782242
0.577562 0.811381 -0.089909
-0.155824 -0.368056 0.916653
0.132382 -0.761126 0.634950
-0.462918 0.214043 -0.860170
0.484990 -0.690343 -0.536853
-0.758205 0.354874 -0.546982
0.126115 0.967822 0.217750
0.066368 -0.050648 -0.996509
0.125134 0.270772 -0.954476
-0.176419 -0.521842 0.834600
0.373805 0.866589 -0.330596
-0.065669 -0.977621 0.199862
0.295487 0.753639 -0.587125
-0.221411 -0.940797 0.256668
-0.002245 0.256391 -0.966571
0.839081 -0.075095 0.538798
0.089305 0.909534 0.405921
0.107451 0.340841 0.933960
0.319337 0.239925 0.916766
0.586796 -0.789131 0.181499
0.306334 -0.827863 0.469896
0.174773 -0.663750 0.727249
0.628458 0.199295 0.751879
0.762041 -0.645908 0.045789
0.178334 -0.877670 0.444851
0.740355 -0.585934 0.329479
0.960201 0.211812 0.182073
0.858389 -0.322022 0.399337
0.938885 -0.261613 0.223727
0.788240 -0.362157 -0.497514
-0.254670 -0.955537 0.148632
0.322767 0.892393 0.315368
0.921409 -0.362339 0.140412
0.056946 0.916086 -0.396917
0.299433 0.942123 0.150811
0.974792 -0.222210 0.020102
0.007161 -0.997389 0.071867
0.781813 0.567712 0.257821
0.384629 0.920046 -0.074674
0.742785 -0.323981 0.585924
0.769271 -0.200231 -0.606738
0.643644 0.173149 -0.745481
0.490709 -0.038265 -0.870483
0.313758 0.913343 -0.259539
0.620469 0.596256 -0.509409
0.934639 0.339713 -0.105097
-0.350231 -0.359519 0.864919
0.239964 0.109078 -0.964634
-0.820669 0.053642 -0.568880
-0.874150 -0.248983 -0.416977
-0.781091 0.297731 -0.548865
-0.263128 -0.954008 -0.143637
0.156038 0.863650 -0.479334
0.191144 0.500955 -0.844102
0.033716 -0.982412 -0.183660
0.246036 0.243909 0.938070
0.766865 -0.629641 0.124380
0.546583 -0.837229 0.017195
0.729303 -0.146616 0.668297
0.656441 -0.524697 0.542013
0.199306 -0.978086 -0.060208
0.505969 -0.855918 0.106766
-0.646956 0.506683 0.569842
-0.867698 0.178964 0.463759
0.237255 -0.951028 0.198131
-0.418111 0.864660 0.278470
-0.940744 0.130285 0.313093
-0.886496 0.441037 0.140039
-0.845849 0.462081 -0.266496
-0.964958 0.256775 -0.054059
-0.775531 0.524760 -0.350968
-0.653020 -0.718011 -0.240884
-0.747973 -0.393878 -0.534226
-0.151128 -0.806753 -0.571236
0.017769 0.990321 0.137652
0.491153 -0.320250 0.810067
0.867950 -0.495454 0.034475
0.936886 0.346443 -0.047143
0.667937 -0.718237 0.194927
0.817957 0.467328 0.335486
0.940885 -0.280278 0.190212
0.947947 0.198425 0.249046
0.890321 -0.436956 0.128052
0.990284 -0.099282 0.097366
0.774921 0.362585 0.517717
0.503000 0.825193 0.256998
0.844646 -0.510754 0.160320
0.731838 -0.668190 -0.133920
0.775682 -0.351644 0.524084
0.522982 0.202359 -0.827974
0.677798 -0.041881 -0.734055
0.313649 0.169039 0.934372
-0.114717 0.992185 -0.049072
0.691734 0.121046 0.711935
0.265039 -0.918089 0.294733
0.256149 -0.035284 -0.965993
-0.117152 -0.984303 0.131993
0.412192 0.883790 -0.221390
0.009538 0.566313 -0.824135
0.201971 -0.607158 -0.768484
-0.305885 0.905768 -0.293289
-0.045164 -0.935987 0.349125
-0.374567 -0.127426 -0.918402
-0.256518 -0.871072 -0.418846
0.832337 0.218099 0.509557
0.619618 0.415483 0.665919
0.920449 -0.390478 -0.017331
-0.069629 0.996860 0.037721
0.943296 -0.259642 0.206828
0.485695 0.590170 0.644825
0.224165 -0.961175 -0.160914
-0.080188 0.627916 0.774139
-0.428727 0.903056 0.026138
0.069457 -0.997560 -0.007052
0.055711 0.697058 0.714847
-0.059016 0.696207 0.715411
-0.028963 0.995613 -0.088976
-0.432438 -0.866233 -0.250274
-0.353781 0.933010 -0.065814
-0.541633 -0.371156 -0.754239
-0.112759 -0.347441 0.930897
-0.724255 0.503346 -0.471273
0.966031 -0.004003 0.258395
0.896837 -0.406613 0.174210
0.885733 -0.343646 0.312065
0.583156 -0.131762 -0.801603
0.964049 0.039777 0.262731
0.250476 -0.780551 0.572714
0.411842 0.383021 0.826850
-0.474681 -0.329592 0.816117
0.431040 -0.306012 -0.848859
-0.630750 -0.643629 -0.433469
0.024250 0.849061 -0.527739
0.446692 0.198793 -0.872323
-0.002302 0.676733 -0.736225
0.160284 0.299577 -0.940512
0.090524 0.062476 -0.993933
0.965480 -0.140489 0.219344
0.796511 0.131407 0.590171
0.734059 -0.485513 0.474800
0.150282 -0.988449 0.019589
0.391584 0.634414 0.666469
0.318258 0.831707 0.454945
0.290333 0.868435 -0.401904
0.729292 0.593895 0.339738
0.685646 0.642739 0.341725
0.480657 0.822732 0.303447
0.822632 0.457709 0.337311
0.688949 0.646387 0.327921
0.565850 0.809236 0.157958
-0.423961 -0.541102 0.726268
-0.594257 0.636267 -0.491958
-0.283780 0.573197 -0.768710
-0.682104 0.699061 0.214587
-0.575907 -0.586105 -0.569923
-0.061441 0.156766 0.985723
-0.504742 0.848450 -0.159271
-0.873806 0.484249 0.044335
0.816724 0.531186 0.225394
0.982173 -0.093278 -0.163202
0.974588 -0.105249 0.197737
0.989990 0.022862 0.139270
0.578124 -0.815911 -0.007878
0.921665 0.271176 -0.277484
0.699519 0.695349 -0.164814
0.797619 0.056347 -0.600523
0.841970 0.298429 -0.449474
0.613007 0.788118 -0.055611
-0.366343 -0.609729 0.702868
0.479512 -0.250354 -0.841065
-0.371312 0.211809 -0.904027
0.169595 -0.251849 -0.952791
0.303262 -0.443830 -0.843236
-0.022007 -0.113448 -0.993300
0.196258 0.293169 -0.935700
0.127970 0.540048 -0.831849
-0.238605 -0.930338 -0.278457
0.203805 0.543090 -0.814565
-0.138467 -0.947409 0.288519
0.098042 -0.320745 -0.942078
0.705833 0.270420 0.654731
0.423932 0.747391 0.511555
-0.546706 0.831198 -0.101108
0.045551 -0.831126 0.554215
-0.689067 0.693537 0.210223
-0.314387 0.907006 -0.280182
0.056759 -0.843305 0.534430
-0.210589 -0.754068 0.622120
0.623159 0.509235 0.593593
0.564687 0.756695 0.329455
0.214436 0.858646 -0.465558
-0.521625 -0.356006 -0.775350
0.305686 0.299040 0.903953
-0.556231 -0.672312 -0.488471
0.089359 -0.170975 0.981215
-0.910757 0.409457 -0.053542
0.965355 0.134835 -0.223405
0.957747 0.203043 -0.203699
0.938229 0.004797 -0.345981
-0.453706 -0.417645 0.787225
-0.261699 -0.797448 0.543682
0.264997 -0.949192 -0.169737
0.260045 0.943240 -0.206580
0.466501 0.430530 -0.772671
-0.102205 0.959179 -0.263687
-0.145436 -0.547925 -0.823788
-0.246332 0.492746 -0.834579
-0.258386 0.297040 -0.919241
0.016760 -0.999021 -0.040947
0.154462 0.895836 -0.416677
0.042595 -0.948565 -0.313703
0.134933 0.512253 -0.848169
0.753988 0.262506 0.602157
0.693332 0.368252 0.619420
0.805899 0.043536 0.590450
0.715624 0.345692 0.606943
0.788865 0.185064 0.586041
-0.149342 0.927482 0.342744
0.112652 -0.993357 0.023473
-0.329648 0.936768 0.117463
0.737520 0.197403 0.645830
0.538279 -0.693796 0.478439
0.672921 0.691612 0.262394
0.465107 0.743104 -0.481116
0.338061 -0.940371 0.037647
0.119039 -0.712016 0.691999
0.105829 -0.990941 0.082676
0.573130 -0.756965 0.313889
-0.050857 -0.993974 -0.097106
0.793802 0.408025 -0.450992
0.803156 -0.421106 -0.421438
-0.380339 -0.738859 -0.556265
0.023522 0.970693 0.239168
-0.645777 0.761151 -0.060176
-0.866313 0.483986 -0.123530
-0.379946 -0.887732 0.259948
0.237664 -0.493685 -0.836535
0.766394 0.505946 -0.395801
-0.698251 -0.301390 0.649315
-0.102783 -0.559643 -0.822335
0.170448 0.057625 -0.983680
0.195083 -0.109047 -0.974706
-0.329681 -0.319502 0.888385
-0.265332 -0.787721 0.555963
0.456219 0.880583 0.128209
-0.027102 -0.997722 -0.061783
0.142377 0.321096 -0.936283
0.402334 0.810589 -0.425526
0.120180 0.739087 -0.662803
-0.040905 -0.740413 -0.670907
0.190871 -0.072875 -0.978906
0.599062 0.245248 0.762219
0.660533 0.221065 0.717514
0.530609 0.545119 0.649076
0.022163 -0.988733 0.148042
0.340649 0.569801 -0.747854
0.731708 0.500946 0.462230
0.624014 0.739097 0.253657
0.538758 0.834199 -0.117692
0.549104 -0.834930 -0.037098
0.025427 0.779754 -0.625569
0.792353 -0.251977 0.555593
0.301095 -0.948324 0.100118
-0.636291 -0.384900 -0.668570
0.402445 0.592030 0.698239
0.292506 0.786729 -0.543598
0.062873 0.167254 0.983907
0.723622 0.072444 0.686384
0.224855 0.938076 0.263542
-0.189102 0.960640 0.203497
-0.586791 0.806154 -0.076100
-0.884198 0.416804 -0.210873
0.825821 -0.059919 -0.560740
-0.891243 0.449976 -0.056641
-0.759543 0.644564 -0.087357
0.755775 -0.629151 0.181584
-0.798615 0.486171 -0.354758
0.930419 0.366338 -0.010774
-0.689316 0.259571 -0.676362
0.512505 -0.167499 -0.842189
-0.174829 0.545963 0.819365
0.495541 -0.774971 -0.392249
0.162185 0.383628 -0.909134
0.239862 -0.231352 -0.942837
0.449527 0.887140 -0.104442
0.044103 0.339330 -0.939633
-0.020970 -0.959256 -0.281758
0.121143 -0.383104 0.915727
0.206284 -0.840006 0.501834
0.410182 0.821919 0.395221
0.374648 0.251313 0.892458
0.014076 0.904487 -0.426270
0.793768 0.038819 0.606981
0.681840 -0.342959 0.646122
0.470938 -0.450643 0.758379
0.035660 0.554344 0.831524
-0.195294 -0.947770 -0.252175
-0.855848 -0.412146 -0.312506
0.479071 0.759376 0.440271
0.791409 0.219270 -0.570607
-0.760175 -0.648893 -0.032738
0.901835 0.190087 -0.388023
0.876179 -0.318222 -0.362002
0.580893 0.791230 0.191099
-0.884555 0.381258 -0.268711
0.364377 0.930838 0.027748
0.587540 0.170221 0.791089
0.580285 -0.624096 -0.523234
0.389893 -0.867914 -0.307748
-0.219225 0.406445 0.886985
0.352841 0.851751 -0.387328
0.166978 -0.007133 -0.985935
-0.151489 -0.293962 -0.943736
-0.448681 -0.424431 0.786476
-0.191703 -0.974284 -0.118405
0.086985 0.636809 -0.766100
0.225376 -0.900759 -0.371267
0.174955 0.640414 -0.747838
0.276671 -0.694976 -0.663672
0.156193 0.557277 -0.815504
0.445898 0.031822 -0.894518
0.325234 0.061271 0.943646
0.654809 0.424676 0.625200
-0.063264 -0.996647 0.051887
0.159191 0.639345 -0.752261
-0.046715 0.625926 -0.778482
0.774212 0.070887 0.628945
0.037176 -0.998369 -0.043319
0.772437 0.602177 0.201803
-0.251414 0.903827 -0.346249
0.059789 -0.941891 -0.330554
-0.222170 0.964518 0.142636
-0.029670 0.995093 0.094396
0.610690 0.677195 0.410444
0.316365 -0.916671 0.244186
0.372230 0.926856 -0.048815
0.687045 -0.604076 0.403808
0.371194 -0.834709 0.406788
0.219537 0.513003 0.829838
0.364083 -0.915709 0.170059
0.536709 0.655906 0.530784
-0.797334 -0.518510 -0.308879
0.682695 0.686112 0.251352
0.735846 0.316057 0.598864
-0.451237 -0.889067 -0.077104
0.845141 0.530235 0.067726
-0.040078 0.987739 0.150881
0.713836 0.596238 0.367340
0.631735 -0.179991 0.753999
-0.821846 -0.557373 -0.117919
-0.051985 0.998345 0.024608
-0.027537 0.999614 -0.003805
-0.515940 0.834539 -0.193265
-0.508445 0.804708 -0.306478
-0.749881 0.319135 -0.579510
-0.750077 -0.425989 0.505884
-0.695001 -0.111345 0.710335
0.705990 -0.422646 -0.568286
-0.380688 -0.549699 -0.743578
0.169065 0.037001 -0.984910
-0.073301 -0.956831 0.281249
0.098460 0.462533 -0.881118
0.128912 -0.979109 -0.157248
0.211450 0.654433 -0.725952
0.113116 0.467083 -0.876948
0.148374 0.389339 0.909066
0.430751 0.902438 -0.007711
0.083249 -0.993088 0.082744
0.071541 -0.826405 0.558513
0.688887 0.724840 -0.006486
0.379074 -0.857988 0.346641
0.584557 0.403348 0.703991
-0.063945 0.872229 -0.484900
-0.598817 -0.771706 -0.214214
0.066320 -0.987567 -0.142524
0.538869 0.532738 -0.652541
0.344908 -0.698859 0.626605
0.393338 0.179319 -0.901737
0.820459 -0.013720 0.571541
-0.404340 -0.911786 0.071803
0.503124 0.850688 0.152303
-0.284935 -0.408616 -0.867090
-0.132664 0.839617 -0.526729
0.105313 0.428535 -0.897367
-0.173989 0.707924 -0.684523
0.291963 0.866576 -0.404726
0.935521 0.120401 -0.332121
0.294020 0.445555 -0.845596
0.909259 -0.081419 -0.408191
0.053169 0.842463 0.536124
-0.426459 -0.888956 0.167003
0.793235 -0.394091 -0.464188
-0.483998 -0.072249 0.872081
0.357074 0.930072 -0.086391
0.076163 0.477212 -0.875482
-0.293102 -0.367591 -0.882592
0.384606 0.915529 0.117838
0.417473 -0.427037 -0.802094
0.265686 0.034578 0.963439
0.135154 -0.259492 0.956241
0.748794 0.169891 0.640659
0.008882 -0.999907 -0.010395
0.361674 0.909602 -0.204491
-0.139147 0.667952 -0.731081
0.116414 -0.992085 -0.047059
0.577885 -0.539023 0.612783
-0.172219 0.979413 -0.105312
0.507692 -0.857545 -0.082852
0.948539 0.198695 0.246565
0.936276 -0.177162 0.303315
0.300584 -0.929253 0.214798
0.967891 -0.082463 0.237460
0.908751 -0.368612 0.195695
0.560654 -0.820901 0.108577
0.569023 -0.523932 0.633804
0.648527 -0.139834 0.748238
-0.597364 -0.773802 -0.210681
0.346786 0.078723 -0.934635
0.871658 -0.239442 -0.427645
-0.742610 -0.552771 -0.378119
0.181627 -0.040698 0.982525
0.459168 -0.791293 0.403758
0.251803 0.965777 -0.062218
0.493737 -0.580667 0.647340
-0.318807 0.131615 -0.938637
-0.182335 0.220752 -0.958135
-0.787588 -0.214080 0.577820
0.731514 -0.193359 -0.653834
0.522343 0.823420 0.221669
0.652083 -0.189788 0.734009
0.115880 0.856306 0.503300
-0.380015 0.270190 0.884639
0.285329 0.642741 -0.710964
0.235265 -0.200218 -0.951085
0.197870 -0.969940 -0.141648
0.208820 0.194283 -0.958461
0.224281 -0.918945 -0.324404
-0.237309 -0.476983 -0.846269
0.063275 0.306709 -0.949698
0.350169 -0.918012 0.186106
0.753766 0.443062 0.485318
0.874124 0.139097 0.465360
-0.465688 0.870495 -0.159290
0.589507 -0.464204 0.661056
-0.245128 0.960428 -0.132249
0.169059 -0.674705 0.718465
0.013426 0.959082 0.282811
0.362620 0.728700 0.580951
0.415662 -0.900935 0.124666
0.487156 0.757566 0.434480
0.752774 0.652382 -0.087910
0.563201 0.369232 -0.739238
-0.868503 -0.481924 -0.115985
0.389868 -0.802339 0.451945
0.207036 -0.800336 0.562671
0.700651 -0.562571 0.438864
0.413957 0.761387 -0.498928
0.230139 0.650268 0.724008
-0.079915 -0.988037 0.131898
-0.218678 -0.545750 -0.808911
0.150330 -0.018593 -0.988461
-0.107050 -0.780150 -0.616366
0.225324 -0.034103 -0.973687
0.607046 0.769738 0.197481
0.558554 -0.604078 0.568425
-0.415979 -0.644629 0.641416
0.159261 -0.443598 0.881962
0.357591 0.821404 -0.444325
0.119229 0.274709 -0.954107
-0.561943 -0.331748 0.757736
-0.787541 -0.357066 0.502278
-0.069155 0.923316 0.377763
-0.507241 0.244239 0.826471
-0.516625 -0.293091 0.804485
-0.481966 -0.384457 0.787338
0.554676 0.382752 -0.738807
0.239933 -0.347269 -0.906552
-0.068402 0.305104 -0.949859
-0.324060 -0.443902 -0.835426
0.376525 0.794682 -0.476140
0.591470 -0.540567 0.598289
0.758254 -0.340446 0.556010
0.723241 0.225439 0.652764
0.604150 0.746332 0.279269
0.697325 0.317303 0.642695
0.065977 0.890993 -0.449197
-0.296278 0.851935 -0.431772
0.742896 0.637369 -0.204615
0.671315 0.556885 -0.489096
0.465384 0.736649 0.490678
0.606408 -0.007069 -0.795122
-0.096180 -0.856094 -0.507792
0.635865 0.769749 -0.056230
-0.317706 -0.139887 0.937814
0.227627 -0.766062 0.601112
0.139658 -0.429540 0.892183
-0.078830 -0.966644 0.243692
-0.201150 0.684934 0.700289
-0.167695 -0.959557 0.226119
0.640998 -0.007875 -0.767502
-0.464804 0.880638 0.091836
0.476771 0.740731 0.473293
0.490676 0.862187 -0.125978
0.567683 0.683511 -0.458855
0.469842 0.507850 -0.722037
0.385157 0.409545 -0.826999
0.393683 0.917229 -0.060868
0.259332 -0.153347 -0.953536
0.317472 -0.948169 0.013690
-0.579885 0.095999 -0.809023
0.675424 0.303474 0.672091
0.838516 0.197670 0.507757
0.881296 0.367188 0.297473
0.648373 0.606700 0.459921
0.309285 -0.943193 0.121369
0.625482 0.640889 0.445010
0.365298 0.920991 -0.135398
0.867382 0.015022 0.497415
-0.027684 -0.998011 0.056642
0.857960 -0.332104 0.391933
0.237988 0.763993 -0.599731
-0.568044 -0.695850 -0.439453
0.445761 -0.392753 0.804389
0.537196 0.817933 0.205927
0.874227 0.299847 0.381864
0.722615 0.537055 0.435200
0.086165 0.993118 -0.079325
0.654952 -0.721951 0.223216
0.249800 0.464466 -0.849630
0.871398 0.039342 -0.488997
0.161874 0.070859 -0.984264
-0.415777 0.909260 -0.019395
0.246906 -0.749179 0.614629
0.566431 0.439153 0.697353
0.677958 0.535302 -0.503810
0.240826 -0.437811 0.866213
0.692858 -0.720528 0.028053
0.328336 -0.026666 -0.944185
0.337756 0.281648 -0.898107
0.373149 -0.279621 -0.884631
0.632488 -0.658530 -0.407795
0.199506 0.855289 0.478203
0.675255 -0.733956 -0.073071
0.447282 0.886034 -0.121995
0.568743 0.589259 -0.573851
0.384264 0.478271 -0.789682
-0.214764 -0.834933 0.506718
0.328894 0.539121 -0.775356
0.380132 -0.920556 -0.089871
-0.077369 0.011585 -0.996935
-0.149256 -0.982193 -0.114099
-0.014928 -0.596320 -0.802608
0.318472 0.753668 -0.574944
0.159968 0.517531 -0.840578
0.697540 0.152967 0.700028
0.652604 -0.609801 0.449724
-0.025605 0.924590 -0.380103
-0.429989 -0.835410 -0.342345
0.264826 0.877279 -0.400310
0.762834 0.189363 0.618244
0.580896 0.448842 0.679044
0.897963 -0.275134 0.343458
0.812561 0.582862 -0.004127
0.746387 -0.641756 0.176224
0.039711 -0.873247 0.485657
0.238069 -0.968645 -0.071061
0.211614 -0.314455 -0.925385
-0.797832 0.366876 0.478399
0.267850 -0.139719 0.953276
0.714358 0.697815 0.052418
0.440036 0.239076 -0.865570
0.351063 -0.897077 -0.268342
-0.068157 0.981196 0.180580
-0.282015 -0.570552 0.771322
0.402912 -0.645245 -0.649092
0.449522 -0.610749 -0.651855
-0.338947 0.224203 0.913700
0.369374 -0.596574 -0.712504
0.667789 -0.631826 -0.393515
0.529846 -0.318591 0.785979
0.634908 0.094233 0.766819
0.096440 0.139194 -0.985558
-0.034045 -0.156503 -0.987091
0.295371 0.221167 -0.929430
0.016979 0.307028 -0.951549
-0.163035 -0.315657 -0.934762
0.572288 0.815559 0.085737
0.089824 0.271575 -0.958216
-0.414663 -0.649451 -0.637391
0.352492 -0.891379 0.284945
0.683233 0.227572 0.693833
-0.608548 -0.730376 -0.310192
-0.009162 0.079230 0.996814
0.254912 0.776139 -0.576739
0.965370 0.143343 -0.217974
-0.876711 -0.459077 -0.143621
0.784835 -0.539311 -0.305249
-0.509062 0.521177 0.685004
0.224768 -0.022275 -0.974158
-0.033174 0.537659 -0.842509
0.222068 -0.688322 0.690578
-0.150710 -0.189471 0.970251
0.032048 -0.768894 0.638573
-0.060313 0.593582 0.802511
-0.090980 0.361988 0.927732
-0.514041 -0.493900 0.701303
-0.434785 -0.359687 0.825583
0.960859 0.261390 -0.091795
0.360314 -0.280759 0.889577
0.456837 -0.203140 0.866045
-0.019102 -0.987676 0.155344
0.350130 -0.930542 0.107238
0.540911 -0.636557 -0.549737
0.276448 -0.960705 0.024969
0.372505 0.565775 0.735621
0.563702 0.824331 0.052142
-0.126393 -0.991742 0.021753
0.652555 0.507591 -0.562604
0.468900 0.338400 -0.815854
-0.577242 -0.813911 -0.065881
-0.256341 0.536553 0.803990
-0.440111 0.897545 0.026744
0.087524 -0.318371 -0.943917
0.832507 0.553468 -0.024610
0.751893 0.211174 0.624550
0.321205 -0.653954 0.684961
-0.468230 -0.804279 0.365918
-0.304455 -0.236598 0.922675
0.826397 0.456647 -0.329457
0.549209 0.256938 -0.795206
0.932666 -0.310933 0.182905
0.511642 -0.503231 0.696406
-0.022448 -0.916249 -0.399979
0.658766 -0.732203 -0.172932
0.657306 -0.683049 -0.318424
-0.184563 0.367442 0.911550
0.293238 0.731493 0.615573
0.097930 0.839636 -0.534248
0.773116 0.057771 0.631629
0.569728 0.672003 -0.473098
0.264782 0.225085 -0.937671
-0.384988 -0.483485 -0.786147
-0.126941 -0.082938 -0.988437
0.482531 0.783015 -0.392494
0.183213 -0.959784 -0.212716
0.652442 0.614901 -0.442963
0.398959 0.539661 -0.741349
0.729174 -0.622459 0.284340
0.738057 0.421522 0.526869
0.615830 0.551920 0.562261
0.804312 -0.594163 -0.007247
0.407962 -0.891642 0.196321
0.339537 0.773899 -0.534598
0.764995 0.631384 0.127032
0.600480 0.799061 -0.030436
-0.657660 -0.753241 0.010558
-0.775489 -0.621836 -0.109254
-0.357954 -0.918238 -0.169434
-0.461195 0.362265 0.809977
0.271120 -0.131105 -0.953575
0.379007 -0.517660 -0.767060
0.989208 0.012304 0.146000
0.451664 -0.643460 0.618029
0.809845 0.140725 0.569514
0.267872 -0.258471 -0.928136
0.092175 0.558246 0.824539
0.216477 0.549125 0.807217
0.397374 -0.633664 -0.663750
0.743958 0.516033 -0.424543
0.135721 -0.956614 -0.257818
0.732794 0.499917 -0.461624
0.651172 -0.214759 0.727911
0.715608 -0.244602 0.654275
0.605940 -0.072586 0.792192
0.575808 0.791446 0.205079
0.332857 0.313812 -0.889229
0.139043 0.118335 -0.983191
0.935794 -0.164573 0.311778
0.867148 0.088019 0.490211
0.691937 0.396491 0.603339
0.531619 -0.679234 0.505987
0.617822 0.463973 0.634843
0.336690 0.091221 0.937186
0.262438 0.042666 0.964005
0.543126 0.559782 -0.625826
0.198343 0.679120 0.706722
0.055541 -0.994635 0.087268
-0.578370 0.367902 0.728105
0.272603 -0.860288 -0.430804
-0.683269 -0.674333 0.280034
-0.083797 0.538195 -0.838645
-0.523726 0.845111 -0.107228
-0.441979 -0.585130 0.679909
-0.189353 -0.847978 0.495055
-0.177785 0.976824 0.119197
0.528926 -0.223752 -0.818640
0.777337 0.572016 0.261812
-0.429259 0.638427 0.638864
-0.357050 0.682059 0.638209
0.312565 0.526161 0.790858
0.871126 -0.378893 -0.312378
0.616969 -0.327509 -0.715602
-0.560547 0.821871 0.101561
0.855401 0.033306 -0.516894
0.734087 0.675778 -0.066633
-0.138000 -0.875653 0.462803
0.981340 0.155409 0.113221
0.883254 0.105978 0.456762
-0.122022 -0.388546 -0.913314
-0.041699 0.318234 -0.947095
0.121809 0.227686 -0.966086
0.622579 0.661349 -0.418345
0.439673 0.607806 -0.661257
0.111425 -0.171950 -0.978784
0.923106 -0.213985 0.319508
0.385941 -0.458500 0.800517
0.255488 -0.943828 0.209557
0.271169 -0.960980 0.054632
0.745575 0.653414 -0.131026
-0.084679 -0.995805 0.034653
-0.555547 0.571241 0.604194
-0.232960 0.128472 0.963963
0.008532 0.656243 0.754501
-0.089497 0.883160 -0.460454
0.174764 0.754981 0.632029
0.075392 -0.982945 -0.167735
0.960633 -0.214439 0.176634
-0.585006 0.770386 0.253523
0.998936 0.011952 -0.044545
0.708367 0.643617 0.289782
0.927099 0.373696 0.028959
-0.444761 0.527237 -0.724023
-0.165747 0.377478 -0.911064
0.970231 -0.007724 0.242060
0.538952 -0.751433 0.380630
0.703349 0.290879 -0.648606
0.981920 0.174212 -0.074052
0.348508 -0.052736 -0.935821
0.260525 -0.036115 -0.964791
0.060794 -0.646431 -0.760547
0.431800 -0.061768 -0.899852
0.765614 -0.044619 0.641752
0.544437 0.265031 0.795831
0.844786 0.531982 0.057726
0.450905 -0.672814 -0.586520
0.885064 -0.389298 -0.255164
0.226948 0.266376 0.936770
0.471013 -0.398180 0.787147
0.103808 0.529927 0.841666
0.119716 0.849029 0.514604
0.958968 -0.081126 0.271660
0.861496 0.507361 -0.020253
0.584042 0.190412 -0.789074
0.179671 0.693702 -0.697493
-0.206525 0.492149 -0.845658
-0.428584 -0.895220 0.122050
-0.380305 0.713512 -0.588446
0.509265 -0.159016 -0.845792
0.446270 -0.376478 -0.811854
-0.208728 -0.898847 0.385365
-0.387094 0.814394 0.432342
-0.456777 0.788464 -0.411922
-0.079178 0.376888 -0.922868
-0.334548 -0.322531 0.885467
0.160631 0.610649 -0.775439
0.672680 0.290930 -0.680339
-0.008169 -0.905202 -0.424904
0.336015 -0.308030 0.890063
0.607981 0.633800 0.478179
0.681259 0.610908 0.403334
0.066337 -0.869179 -0.490028
0.167084 -0.015002 0.985829
0.088743 0.718709 -0.689625
0.591515 0.799761 -0.102431
0.844132 0.419118 0.334335
-0.344556 -0.858797 0.379141
-0.592145 0.624929 0.508752
0.445153 -0.308514 -0.840629
0.675531 0.176491 -0.715897
0.754294 0.278905 0.594350
0.946466 0.052655 -0.318480
0.628217 -0.141489 0.765065
0.355143 0.859672 -0.367202
0.683230 0.460409 -0.566763
-0.161454 -0.080507 -0.983591
0.059098 -0.643126 -0.763476
0.808230 0.332555 -0.485975
0.399061 -0.477594 0.782723
0.384449 -0.823253 0.417676
0.021402 0.726321 -0.687022
0.547753 0.357410 -0.756455
0.454248 -0.532226 -0.714418
0.868368 0.474579 0.143915
0.283515 -0.665954 0.690017
0.518031 -0.855240 0.014445
0.310428 -0.684816 -0.659289
0.183290 0.016607 0.982919
0.254245 -0.523009 -0.813524
0.258497 0.966004 0.004013
0.412013 -0.659148 -0.629101
0.311479 0.075201 0.947273
-0.004929 -0.975493 -0.219974
0.837824 0.404592 0.366547
0.733320 0.262725 0.627070
0.008847 0.945010 0.326923
-0.353504 0.905139 -0.236131
0.510829 -0.588778 0.626414
0.452602 0.074824 0.888568
0.531844 -0.294876 -0.793845
-0.494354 0.792472 0.357214
-0.411797 -0.362768 0.835956
0.255481 0.103149 0.961296
0.466110 0.784724 -0.408594
0.691344 0.327578 -0.644000
-0.113067 0.613800 -0.781323
0.851816 0.299800 0.429569
0.234735 -0.429616 -0.871969
0.372910 -0.896114 -0.240661
0.387281 -0.744803 0.543399
0.069333 0.664430 -0.744128
0.028976 -0.969332 0.244042
0.597142 0.802099 0.007723
0.365403 -0.775204 -0.515305
0.617286 0.779897 -0.103534
-0.207689 -0.715590 0.666931
0.541690 0.250335 0.802437
0.715562 0.465521 -0.520828
0.031232 -0.979677 0.198135
0.104610 -0.970199 -0.218565
0.379538 0.542083 -0.749731
0.179388 -0.974668 -0.133578
0.534578 -0.603782 0.591332
0.677280 -0.625847 0.386790
0.548942 -0.830835 0.091518
0.307045 0.458349 -0.834050
0.600145 -0.676487 -0.426839
0.820591 0.067978 0.567459
0.791712 0.160448 0.589447
0.632885 -0.633432 -0.445219
0.545510 0.302294 0.781689
0.614747 0.482438 0.623971
0.737737 -0.041386 0.673818
0.393794 0.007481 0.919168
0.233905 -0.971918 0.025780
0.677101 0.735851 0.007647
0.151416 0.517108 0.842421
0.683846 0.636481 -0.356716
0.363949 0.527103 -0.767921
0.324217 0.870033 0.371385
0.689968 -0.315797 0.651319
0.288760 0.955303 0.063362
0.226622 -0.924646 -0.306060
0.487110 0.141715 -0.861766
0.483238 -0.051552 0.873970
0.198298 -0.018526 -0.979967
0.596171 0.402385 0.694742
0.604333 0.624449 -0.494819
0.099082 -0.041148 0.994228
-0.147965 -0.556084 -0.817849
-0.093226 -0.620746 -0.778450
0.753594 -0.258498 -0.604380
0.773975 -0.462891 0.432082
0.961778 -0.200231 0.186792
0.512690 0.738748 0.437492
0.534409 -0.502930 -0.679315
0.238397 0.127555 0.962755
0.513785 0.485000 0.707672
0.483223 -0.710427 0.511653
0.818585 0.519408 0.245222
0.191147 -0.973371 -0.126538
0.792350 0.269859 0.547136
0.319926 -0.066544 -0.945103
0.436756 -0.511153 -0.740248
0.883670 -0.162887 0.438858
0.177382 0.965377 0.191265
-0.255006 -0.633263 0.730719
0.576800 0.120233 -0.807988
0.746184 0.242023 -0.620189
0.768251 0.268591 0.581076
0.025917 -0.992033 0.123287
0.389034 -0.129481 0.912079
0.178330 -0.035221 0.983340
0.456908 -0.169528 0.873210
0.835970 0.344710 -0.427000
0.710240 0.496329 -0.499216
0.411104 -0.787906 -0.458474
0.831965 0.459991 -0.310229
0.882256 -0.420566 -0.211540
0.341201 -0.406495 -0.847552
0.972226 -0.080418 0.219796
0.999512 0.027945 0.013937
0.488233 0.534369 -0.689984
0.932481 0.288321 0.217601
0.807379 0.512832 -0.291792
0.807269 0.465003 0.363441
0.541058 0.150098 -0.827482
-0.345922 -0.401006 0.848252
0.603815 0.207828 -0.769555
0.437949 0.251902 -0.862986
0.039426 -0.738190 0.673440
0.089416 -0.956762 0.276786
0.933083 0.359427 0.012939
0.983732 -0.178867 0.016700
0.868792 0.266497 -0.417347
0.920376 0.342250 -0.189139
-0.019050 -0.459996 -0.887717
0.737769 -0.007653 -0.675010
0.888110 0.193954 0.416705
0.998257 -0.043019 0.040411
0.587739 0.327137 0.739962
0.904156 0.320644 -0.282294
0.159444 -0.979953 0.119459
0.871619 0.360985 -0.331618
0.364252 -0.290007 -0.884995
0.571729 -0.618319 -0.539266
0.901964 0.293105 -0.317097
0.651323 -0.739636 -0.169460
0.932144 -0.349950 -0.092963
0.901305 0.069807 0.427524
0.648359 -0.178728 0.740058
0.723126 0.401881 -0.561766
0.970215 -0.142209 -0.196110
0.881032 0.386359 0.272963
0.849987 0.518624 0.092470
0.858462 0.296058 0.418798
0.717540 -0.693785 0.061637
0.914958 0.378513 0.139928
0.995711 0.047006 0.079683
0.704550 -0.297318 -0.644369
0.830136 -0.541809 -0.131593
0.813895 0.202378 0.544627
0.259313 -0.415575 0.871811
0.766782 -0.463470 0.444118
0.523330 -0.799487 0.294868
0.917806 -0.199283 -0.343392
0.889304 0.407796 0.206978
0.990890 0.078672 -0.109310
0.954361 0.289186 -0.074610
0.908976 0.043598 -0.414562
0.692760 -0.392256 -0.605161
0.769053 -0.230870 0.596033
0.989459 -0.136368 0.048720
0.986039 0.140714 0.089037
0.455403 0.770005 0.446879
0.868761 -0.440188 -0.226911
0.573520 -0.807019 0.140693
0.447283 0.315474 -0.836908
0.952135 -0.181107 -0.246252
0.817401 0.337178 -0.467082
0.726831 0.673452 -0.134831
0.907914 -0.396523 -0.135872
0.624590 0.053840 -0.779095
0.722440 0.484066 0.493722
0.913500 0.406404 -0.018811
0.757916 0.357754 -0.545505
0.956739 -0.134742 0.257866
-0.318182 0.348867 -0.881505
-0.637140 -0.753506 -0.162114
-0.904880 -0.367361 -0.215032
-0.984292 -0.176478 0.004913
-0.084773 0.902284 0.422725
0.688401 -0.301767 -0.659576
0.683510 -0.431235 -0.588940
-0.556644 -0.331244 -0.761856
-0.409145 -0.434760 -0.802237
-0.240763 -0.109239 -0.964417
-0.274058 -0.899046 0.341481
-0.347754 -0.934570 0.075140
-0.465904 0.861243 0.202961
-0.259951 -0.796648 -0.545690
0.787186 0.308779 0.533848
0.309263 0.923317 0.227691
-0.766648 -0.219812 0.603269
0.935892 0.230267 0.266616
-0.918896 -0.317141 0.234633
0.041230 -0.997765 -0.052580
0.045521 -0.938211 0.343056
-0.501592 0.157295 -0.850684
0.054170 0.850770 0.522739
0.241218 0.902182 -0.357604
-0.657919 0.566487 -0.496221
-0.275485 -0.048686 -0.960072
0.757739 -0.424194 0.495874
0.433561 -0.665137 0.607962
0.439909 0.772092 0.458643
0.697994 -0.678380 0.229357
-0.742350 0.620791 -0.252061
0.127939 0.812334 -0.568987
-0.196048 0.785425 -0.587089
0.966439 0.212841 -0.143855
0.003899 0.174145 0.984712
0.744700 -0.662931 -0.077097
0.974635 -0.223045 0.018379
-0.781607 -0.418057 -0.462946
-0.747876 0.450070 0.487974
-0.706339 -0.612793 0.354359
-0.034899 0.992014 0.121207
-0.874975 0.102868 0.473114
0.181780 0.853419 0.488500
0.372066 -0.112129 0.921409
0.719716 0.309790 0.621321
0.883070 -0.453620 -0.120071
0.120007 0.322881 0.938800
0.643316 0.568239 -0.513078
0.757911 -0.548920 0.352504
-0.060486 0.020967 0.997949
0.456137 -0.096051 -0.884711
-0.364509 -0.480768 -0.797493
0.344199 0.883081 0.318895
-0.906345 -0.356620 0.226628
0.799909 0.556172 -0.225428
-0.940732 0.330726 0.075118
-0.180150 -0.638123 -0.748562
0.743331 0.346553 0.572155
0.456151 -0.697234 -0.552983
0.066402 0.981889 0.177441
0.097645 -0.992895 -0.068003
0.773437 -0.029866 0.633169
-0.830410 0.555175 -0.046901
0.667491 -0.270769 0.693642
-0.702356 -0.648980 0.292439
-0.035713 -0.983764 -0.175879
-0.937512 0.342339 0.062259
-0.250793 -0.727364 0.638783
0.241263 0.357502 0.902211
0.455099 -0.509564 0.730226
-0.340229 -0.130885 0.931189
-0.657346 0.510950 -0.553919
0.566072 -0.649898 0.507144
0.155501 -0.120986 -0.980399
0.166257 0.418734 0.892760
0.343088 0.302422 -0.889287
-0.800295 0.585838 0.127755
0.053266 0.403443 -0.913453
0.697267 0.544827 0.465814
-0.545623 0.386376 0.743646
-0.877225 -0.467541 0.109002
0.780100 0.494042 0.383884
0.584923 0.620137 -0.522777
0.509333 0.528766 0.678960
-0.938214 0.214302 -0.271716
-0.095531 0.919542 0.381204
0.431218 -0.031962 0.901681
0.132409 -0.826421 0.547263
-0.340722 -0.175444 0.923649
-0.679218 0.273815 -0.680947
0.017134 -0.992350 -0.122260
-0.449303 -0.429846 0.783173
-0.493477 -0.632557 -0.596953
-0.604682 0.363599 -0.708630
0.120515 0.405854 0.905958
0.328805 0.250376 -0.910604
-0.329964 0.228513 -0.915918
0.814983 0.565455 0.126742
-0.856968 0.512525 -0.054075
0.290379 -0.373121 0.881170
-0.103110 -0.683992 -0.722166
-0.168027 -0.478017 -0.862129
-0.230147 -0.784691 -0.575580
0.427920 -0.902150 0.054861
-0.687148 0.695835 0.208907
0.853334 0.051863 -0.518779
-0.157635 -0.648843 -0.744415
-0.645389 -0.495087 -0.581689
0.037581 -0.995450 -0.087559
0.750513 -0.604834 -0.266283
-0.892950 0.161226 0.420292
0.129743 -0.988574 0.076731
0.408011 -0.875178 0.259981
-0.562160 -0.445966 -0.696485
-0.523644 -0.849297 0.067023
-0.049870 -0.985123 -0.164457
-0.229210 -0.963658 -0.137207
-0.134389 0.183365 0.973816
-0.359210 0.831232 0.424289
0.810118 0.526500 0.257887
0.724740 -0.056405 0.686710
0.403132 0.394782 -0.825610
0.072484 -0.994543 0.075040
0.974520 -0.086938 0.206768
0.280445 0.331221 -0.900912
0.014576 -0.958176 -0.285809
-0.285447 -0.338775 -0.896522
0.692692 0.190282 -0.695680
0.354654 -0.926786 0.123642
-0.028782 -0.943428 0.330327
-0.775763 -0.388401 -0.497330
-0.816016 0.425386 0.391362
0.177030 0.185346 -0.966596
0.140381 -0.396901 0.907063
-0.574259 -0.480901 -0.662541
-0.020281 -0.995059 -0.097189
0.921170 0.377279 0.095431
0.814880 -0.510647 0.274243
0.423714 0.753428 0.502805
-0.861365 -0.364817 0.353494
0.868697 0.495251 -0.009618
-0.866454 0.499192 0.008079
-0.422636 0.846790 -0.322994
-0.311576 -0.918180 -0.244674
0.680238 0.099407 0.726219
-0.026910 -0.471625 0.881388
0.593875 0.368423 -0.715246
-0.724745 -0.404674 0.557659
-0.170712 0.311156 -0.934901
-0.577593 -0.177030 -0.796898
-0.029055 0.776221 0.629791
0.164425 -0.094682 -0.981835
-0.035953 0.522174 -0.852081
-0.361368 0.897531 -0.252689
0.928438 -0.321509 -0.186103
-0.368984 0.705671 -0.604879
-0.974384 0.117307 -0.191871
0.149652 0.688946 -0.709195
-0.994198 -0.061700 -0.088108
0.473157 0.842937 0.256085
0.409687 0.760349 0.504009
-0.524962 0.194775 0.828539
-0.088090 -0.996089 0.006824
-0.306921 -0.941353 0.140190
-0.358947 -0.613427 0.703466
0.525309 0.772415 -0.356968
-0.546182 0.548023 -0.633527
-0.905919 0.376364 -0.194062
0.774000 0.455415 -0.439909
-0.454590 -0.446621 -0.770634
-0.662830 -0.248857 -0.706206
0.944288 0.137129 0.299193
0.525812 0.278718 0.803640
0.151264 -0.960777 0.232436
-0.097517 0.737870 -0.667861
-0.251488 0.952935 0.169318
-0.972961 0.224599 0.053866
0.203051 0.242689 0.948616
0.971206 0.047458 0.233468
0.208180 -0.684134 0.699015
0.291045 0.310557 0.904902
-0.569228 0.676328 0.467503
-0.611990 0.742988 0.270991
0.223760 0.919106 -0.324308
0.090316 -0.880343 0.465659
-0.727393 0.587341 -0.354867
-0.424766 -0.901615 -0.081639
0.972732 -0.170674 -0.157046
-0.127920 -0.864146 0.486712
0.169875 -0.950466 0.260301
-0.996166 -0.045499 -0.074721
0.084652 0.142102 -0.986226
-0.107474 0.277254 -0.954767
0.061955 -0.997142 0.043246
0.960266 -0.278629 0.015996
-0.832928 0.292440 -0.469797
0.131857 0.931672 0.338527
0.592300 -0.776172 0.216190
0.154677 0.928103 0.338673
0.117962 -0.981221 0.152610
0.871803 0.076495 0.483847
0.075109 0.195199 -0.977883
0.222742 -0.805056 0.549792
-0.858522 0.304197 -0.412800
0.184014 0.907902 -0.376634
-0.159538 0.547853 -0.821222
0.215326 -0.069700 -0.974052
0.990533 0.074000 -0.115621
-0.449124 0.591352 0.669769
-0.999081 -0.013896 0.040548
-0.158222 0.490005 0.857241
0.277041 0.685957 -0.672839
0.296666 -0.319989 0.899776
-0.953565 0.198155 0.226821
0.617490 0.719044 0.318877
0.578338 -0.127056 0.805842
0.359664 0.793142 -0.491496
-0.020020 0.525457 -0.850584
0.414524 -0.427248 0.803510
-0.247628 -0.945665 0.210707
0.592151 -0.153443 0.791083
-0.139650 0.989440 -0.038815
-0.397987 0.913414 0.085326
0.150593 -0.828199 0.539822
-0.136741 0.964752 0.224846
-0.471190 -0.862560 0.184312
0.161765 0.708902 -0.686506
0.244044 0.119094 -0.962424
0.974603 -0.010127 0.223710
-0.055706 0.423390 -0.904233
0.151412 -0.966163 0.208815
0.487293 -0.298442 0.820657
0.697611 -0.100140 0.709444
0.418181 -0.855776 0.304585
0.257360 -0.320539 0.911604
-0.881074 0.075000 -0.466994
-0.681175 -0.108746 -0.724000
0.288079 0.948323 0.133018
0.234404 -0.588900 -0.773467
0.425470 -0.755253 0.498567
-0.292951 0.181420 -0.938758
-0.950404 0.307304 0.047917
0.802125 0.565681 0.191315
0.361313 -0.465286 0.808060
-0.028071 -0.999547 -0.010843
-0.795226 -0.365633 -0.483660
0.692843 -0.256196 0.674042
0.236188 -0.116563 0.964691
0.073138 0.821098 0.566083
0.853714 0.254002 0.454593
0.710533 -0.243361 0.660242
0.644850 0.634483 -0.426145
0.621605 -0.282441 0.730639
0.550358 0.490225 0.675859
0.771147 -0.105169 0.627911
0.447211 -0.394690 0.802634
-0.052374 -0.614955 -0.786821
-0.124167 0.749990 -0.649690
